notice_id,notice_date,notice_path,repo_url,repo_owner,repo_name,repo_status,lineage_id,repo_role,parent_or_source_repo,offending_file_path,alleged_data_type,first_observed_repo_date,first_observed_offending_commit_date,removal_or_disable_date,paper_title,doi,pubmed_id,paper_authors,candidate_app_id,application_title,application_pi,application_institution,application_linked_to_dmca_targeted_repository_lineage,match_grade,match_score,match_reason,evidence_urls,uploader_attribution,manual_review_needed,repo_linked_doi,repo_linked_pmid,repo_linked_publication_title,crosswalk_pub_ids,crosswalk_app_ids,crosswalk_application_count,crosswalk_identifier_type,crosswalk_evidence,evidence_class,evidence_components,deterministic_evidence_present,identity_evidence_present,contextual_evidence_present,offending_file_name,target_scope,github_repo_id,github_created_at,github_pushed_at,github_fork,github_parent,github_source,wayback_first_capture,wayback_capture_count,evidence_file,repository_readme_urls,citation_metadata_urls,metadata_publication_links,package_metadata_sources,package_metadata_urls,wayback_readme_first_capture,wayback_readme_capture_count,wayback_readme_urls,wayback_readme_fetched_at_utc
2025-10-15-uk-biobank-5,2025-10-15,2025/10/2025-10-15-uk-biobank-5.md,https://github.com/adamelkholyy/ukbython,adamelkholyy,ukbython,live,lineage_adamelkholyy_ukbython,unknown,,main.ipynb,genotype; hospital_episode_statistics,2025-10-16T08:08:28Z,,,,,,,103356,Understanding the role of rare and common genetic variation in human phenotypes,,University of Exeter,true,confirmed,100.0,Direct UK Biobank application ID appears in repository/notice evidence.,https://github.com/github/dmca/blob/master/2025/10/2025-10-15-uk-biobank-5.md; https://github.com/adamelkholyy/ukbython/blob/2ab4599d02e4ce39e730f9da8a64646657a80412/main.ipynb; https://github.com/adamelkholyy/ukbython; https://github.com/adamelkholyy/ukbython/blob/main/README.md,target repository owner/uploader only; not attributed to the UKB application team without independent evidence,false,,,,,,,,,,direct_application_id,true,false,false,main.ipynb,single_file,1077412765,2025-10-16T08:08:28Z,2025-10-26T16:21:29Z,false,,,,0,evidence/lineages/lineage_adamelkholyy_ukbython.md,https://github.com/github/dmca/blob/master/2025/10/2025-10-15-uk-biobank-5.md; https://github.com/adamelkholyy/ukbython/blob/2ab4599d02e4ce39e730f9da8a64646657a80412/main.ipynb; https://github.com/adamelkholyy/ukbython; https://github.com/adamelkholyy/ukbython/blob/main/README.md,,,,,,,,
2025-11-12-uk-biobank,2025-11-12,2025/11/2025-11-12-uk-biobank.md,https://github.com/PersonomicsLab/popmodel_ML_MH,PersonomicsLab,popmodel_ML_MH,live,lineage_personomicslab_popmodel_ml_mh,unknown,,manipulations/phenotype_averaging/WAPIAW2_Clean.ipynb,genotype; phenotype; hospital_episode_statistics,2026-01-28T19:47:27Z,,,"repo for paper: https://www.sciencedirect.com/science/article/pii/S2666956023000089?via%3Dihub; Population Modeling and Mental Health Prediction: Replication Paper Code and Results; This repository aggregates the code and results data for the forthcoming paper; Minimal functions for this paper's data manipulations (biotyping, task residuals, and phenotype averaging) are included in ""manipulations.""",,,,47267,Cross-diagnostic and cross-platform multimodal analysis of UK Biobank imaging data,Dr Janine Bijsterbosch,Washington University in St. Louis,true,confirmed,100.0,Direct UK Biobank application ID appears in repository/notice evidence.,https://github.com/github/dmca/blob/master/2025/11/2025-11-12-uk-biobank.md; https://github.com/PersonomicsLab/popmodel_ML_MH/blob/81fdab51cb8c1928318d69aab13b48fc423728b3/manipulations/phenotype_averaging/WAPIAW2_Clean.ipynb; https://github.com/PersonomicsLab/popmodel_ML_MH; https://github.com/PersonomicsLab/popmodel_ML_MH/blob/main/README.md,target repository owner/uploader only; not attributed to the UKB application team without independent evidence,false,,,"repo for paper: https://www.sciencedirect.com/science/article/pii/S2666956023000089?via%3Dihub; Population Modeling and Mental Health Prediction: Replication Paper Code and Results; This repository aggregates the code and results data for the forthcoming paper; Minimal functions for this paper's data manipulations (biotyping, task residuals, and phenotype averaging) are included in ""manipulations.""",,,,,,,direct_application_id,true,false,false,WAPIAW2_Clean.ipynb,single_file,1144558431,2026-01-28T19:47:27Z,2026-01-28T19:48:58Z,false,,,,0,evidence/lineages/lineage_personomicslab_popmodel_ml_mh.md,https://github.com/github/dmca/blob/master/2025/11/2025-11-12-uk-biobank.md; https://github.com/PersonomicsLab/popmodel_ML_MH/blob/81fdab51cb8c1928318d69aab13b48fc423728b3/manipulations/phenotype_averaging/WAPIAW2_Clean.ipynb; https://github.com/PersonomicsLab/popmodel_ML_MH; https://github.com/PersonomicsLab/popmodel_ML_MH/blob/main/README.md,,,,,,,,
2025-12-02-uk-biobank,2025-12-02,2025/12/2025-12-02-uk-biobank.md,https://github.com/yayapa/ukbb_risk,yayapa,ukbb_risk,live,lineage_yayapa_ukbb_risk,unknown,,analysisNumericFeatures/total_radiomics.ipynb,genotype; hospital_episode_statistics,2025-01-22T15:57:55Z,,,"Code to the paper ""AI-driven Preclinical Disease Risk Assessment Using Imaging in UK Biobank""",,,,87802,Assessment of frailty and biological age using multi-modal deep learning,,Imperial College London,true,confirmed,100.0,Unique repository-linked DOI/PMID maps through UKB Schema 19/24 to one application.,https://github.com/github/dmca/blob/master/2025/12/2025-12-02-uk-biobank.md; https://github.com/yayapa/ukbb_risk/blob/0f63774a07eee849cfa9e9b18a7550270fcf30df/analysisNumericFeatures/total_radiomics.ipynb; https://github.com/yayapa/ukbb_risk; https://github.com/yayapa/ukbb_risk/blob/main/README.md,target repository owner/uploader only; not attributed to the UKB application team without independent evidence,false,,,"Code to the paper ""AI-driven Preclinical Disease Risk Assessment Using Imaging in UK Biobank""",16098,87802,1,title,"[{""app_id"": ""87802"", ""evidence_class"": ""A4_EXACT_REPO_PUBLICATION_APPLICATION_CHAIN"", ""identifier"": ""ai driven preclinical disease risk assessment using imaging in uk biobank"", ""identifier_type"": ""title"", ""pub_id"": ""16098""}]",A4_EXACT_REPO_PUBLICATION_APPLICATION_CHAIN,A4_EXACT_REPO_PUBLICATION_APPLICATION_CHAIN; exact_publication_identifier,true,false,false,total_radiomics.ipynb,single_file,920692396,2025-01-22T15:57:55Z,2026-06-20T12:34:17Z,false,,,,0,evidence/lineages/lineage_yayapa_ukbb_risk.md,https://github.com/github/dmca/blob/master/2025/12/2025-12-02-uk-biobank.md; https://github.com/yayapa/ukbb_risk/blob/0f63774a07eee849cfa9e9b18a7550270fcf30df/analysisNumericFeatures/total_radiomics.ipynb; https://github.com/yayapa/ukbb_risk; https://github.com/yayapa/ukbb_risk/blob/main/README.md,,,,,,,,
2025-12-02-uk-biobank,2025-12-02,2025/12/2025-12-02-uk-biobank.md,https://github.com/yayapa/ukbb_risk,yayapa,ukbb_risk,live,lineage_yayapa_ukbb_risk,unknown,,analysisNumericFeatures/analysisNumericFeaturesTogether.ipynb,genotype; hospital_episode_statistics,2025-01-22T15:57:55Z,,,"Code to the paper ""AI-driven Preclinical Disease Risk Assessment Using Imaging in UK Biobank""",,,,87802,Assessment of frailty and biological age using multi-modal deep learning,,Imperial College London,true,confirmed,100.0,Unique repository-linked DOI/PMID maps through UKB Schema 19/24 to one application.,https://github.com/github/dmca/blob/master/2025/12/2025-12-02-uk-biobank.md; https://github.com/yayapa/ukbb_risk/blob/0f63774a07eee849cfa9e9b18a7550270fcf30df/analysisNumericFeatures/analysisNumericFeaturesTogether.ipynb; https://github.com/yayapa/ukbb_risk; https://github.com/yayapa/ukbb_risk/blob/main/README.md,target repository owner/uploader only; not attributed to the UKB application team without independent evidence,false,,,"Code to the paper ""AI-driven Preclinical Disease Risk Assessment Using Imaging in UK Biobank""",16098,87802,1,title,"[{""app_id"": ""87802"", ""evidence_class"": ""A4_EXACT_REPO_PUBLICATION_APPLICATION_CHAIN"", ""identifier"": ""ai driven preclinical disease risk assessment using imaging in uk biobank"", ""identifier_type"": ""title"", ""pub_id"": ""16098""}]",A4_EXACT_REPO_PUBLICATION_APPLICATION_CHAIN,A4_EXACT_REPO_PUBLICATION_APPLICATION_CHAIN; exact_publication_identifier,true,false,false,analysisNumericFeaturesTogether.ipynb,single_file,920692396,2025-01-22T15:57:55Z,2026-06-20T12:34:17Z,false,,,,0,evidence/lineages/lineage_yayapa_ukbb_risk.md,https://github.com/github/dmca/blob/master/2025/12/2025-12-02-uk-biobank.md; https://github.com/yayapa/ukbb_risk/blob/0f63774a07eee849cfa9e9b18a7550270fcf30df/analysisNumericFeatures/analysisNumericFeaturesTogether.ipynb; https://github.com/yayapa/ukbb_risk; https://github.com/yayapa/ukbb_risk/blob/main/README.md,,,,,,,,
2025-12-08-uk-biobank-6,2025-12-08,2025/12/2025-12-08-uk-biobank-6.md,https://github.com/lab-smile/RetinaPD,lab-smile,RetinaPD,live,lineage_lab-smile_retinapd,unknown,,csv/subject_images_ids.xlsx,genotype; hospital_episode_statistics,2021-02-06T21:23:09Z,,,,,,,48388,Precision Retinal Biomarkers for Cognitive Impairment,Dr Ruogu Fang,University of Florida,true,confirmed,100.0,Unique repository-linked DOI/PMID maps through UKB Schema 19/24 to one application.,https://github.com/github/dmca/blob/master/2025/12/2025-12-08-uk-biobank-6.md; https://github.com/lab-smile/RetinaPD/blob/7cd9699e0eca60b539270a3fcbe6ef0d7c1d85f1/csv/subject_images_ids.xlsx; https://github.com/lab-smile/RetinaPD; https://github.com/lab-smile/RetinaPD/blob/main/README.md,target repository owner/uploader only; not attributed to the UKB application team without independent evidence,false,,,,8744,48388,1,title,"[{""app_id"": ""48388"", ""evidence_class"": ""A4_EXACT_REPO_PUBLICATION_APPLICATION_CHAIN"", ""identifier"": ""deep learning predicts prevalent and incident parkinson s disease from uk biobank fundus imaging"", ""identifier_type"": ""title"", ""pub_id"": ""8744""}]",A4_EXACT_REPO_PUBLICATION_APPLICATION_CHAIN,A4_EXACT_REPO_PUBLICATION_APPLICATION_CHAIN; exact_publication_identifier,true,false,false,subject_images_ids.xlsx,single_file,336639311,2021-02-06T21:23:09Z,2026-05-08T14:13:26Z,false,,,,0,evidence/lineages/lineage_lab-smile_retinapd.md,https://github.com/github/dmca/blob/master/2025/12/2025-12-08-uk-biobank-6.md; https://github.com/lab-smile/RetinaPD/blob/7cd9699e0eca60b539270a3fcbe6ef0d7c1d85f1/csv/subject_images_ids.xlsx; https://github.com/lab-smile/RetinaPD; https://github.com/lab-smile/RetinaPD/blob/main/README.md,,,,,,,,
2025-12-08-uk-biobank-6,2025-12-08,2025/12/2025-12-08-uk-biobank-6.md,https://github.com/lab-smile/RetinaPD,lab-smile,RetinaPD,live,lineage_lab-smile_retinapd,unknown,,RetinaPD_Project_Code.ipynb,genotype; hospital_episode_statistics,2021-02-06T21:23:09Z,,,,,,,48388,Precision Retinal Biomarkers for Cognitive Impairment,Dr Ruogu Fang,University of Florida,true,confirmed,100.0,Unique repository-linked DOI/PMID maps through UKB Schema 19/24 to one application.,https://github.com/github/dmca/blob/master/2025/12/2025-12-08-uk-biobank-6.md; https://github.com/lab-smile/RetinaPD/blob/6b449daf69eb0a0dbcb7241a348adf04aaca294e/RetinaPD_Project_Code.ipynb; https://github.com/lab-smile/RetinaPD; https://github.com/lab-smile/RetinaPD/blob/main/README.md,target repository owner/uploader only; not attributed to the UKB application team without independent evidence,false,,,,8744,48388,1,title,"[{""app_id"": ""48388"", ""evidence_class"": ""A4_EXACT_REPO_PUBLICATION_APPLICATION_CHAIN"", ""identifier"": ""deep learning predicts prevalent and incident parkinson s disease from uk biobank fundus imaging"", ""identifier_type"": ""title"", ""pub_id"": ""8744""}]",A4_EXACT_REPO_PUBLICATION_APPLICATION_CHAIN,A4_EXACT_REPO_PUBLICATION_APPLICATION_CHAIN; exact_publication_identifier,true,false,false,RetinaPD_Project_Code.ipynb,single_file,336639311,2021-02-06T21:23:09Z,2026-05-08T14:13:26Z,false,,,,0,evidence/lineages/lineage_lab-smile_retinapd.md,https://github.com/github/dmca/blob/master/2025/12/2025-12-08-uk-biobank-6.md; https://github.com/lab-smile/RetinaPD/blob/6b449daf69eb0a0dbcb7241a348adf04aaca294e/RetinaPD_Project_Code.ipynb; https://github.com/lab-smile/RetinaPD; https://github.com/lab-smile/RetinaPD/blob/main/README.md,,,,,,,,
2025-12-08-uk-biobank-6,2025-12-08,2025/12/2025-12-08-uk-biobank-6.md,https://github.com/lab-smile/RetinaPD,lab-smile,RetinaPD,live,lineage_lab-smile_retinapd,unknown,,code/CSV_Population_Characteristics.ipynb,genotype; hospital_episode_statistics,2021-02-06T21:23:09Z,,,,,,,48388,Precision Retinal Biomarkers for Cognitive Impairment,Dr Ruogu Fang,University of Florida,true,confirmed,100.0,Unique repository-linked DOI/PMID maps through UKB Schema 19/24 to one application.,https://github.com/github/dmca/blob/master/2025/12/2025-12-08-uk-biobank-6.md; https://github.com/lab-smile/RetinaPD/blob/2439718471b9022c75b4b494e999c2f303406982/code/CSV_Population_Characteristics.ipynb; https://github.com/lab-smile/RetinaPD; https://github.com/lab-smile/RetinaPD/blob/main/README.md,target repository owner/uploader only; not attributed to the UKB application team without independent evidence,false,,,,8744,48388,1,title,"[{""app_id"": ""48388"", ""evidence_class"": ""A4_EXACT_REPO_PUBLICATION_APPLICATION_CHAIN"", ""identifier"": ""deep learning predicts prevalent and incident parkinson s disease from uk biobank fundus imaging"", ""identifier_type"": ""title"", ""pub_id"": ""8744""}]",A4_EXACT_REPO_PUBLICATION_APPLICATION_CHAIN,A4_EXACT_REPO_PUBLICATION_APPLICATION_CHAIN; exact_publication_identifier,true,false,false,CSV_Population_Characteristics.ipynb,single_file,336639311,2021-02-06T21:23:09Z,2026-05-08T14:13:26Z,false,,,,0,evidence/lineages/lineage_lab-smile_retinapd.md,https://github.com/github/dmca/blob/master/2025/12/2025-12-08-uk-biobank-6.md; https://github.com/lab-smile/RetinaPD/blob/2439718471b9022c75b4b494e999c2f303406982/code/CSV_Population_Characteristics.ipynb; https://github.com/lab-smile/RetinaPD; https://github.com/lab-smile/RetinaPD/blob/main/README.md,,,,,,,,
2025-12-08-uk-biobank-6,2025-12-08,2025/12/2025-12-08-uk-biobank-6.md,https://github.com/lab-smile/RetinaPD,lab-smile,RetinaPD,live,lineage_lab-smile_retinapd,unknown,,CSV_Population_Characteristics.ipynb,genotype; hospital_episode_statistics,2021-02-06T21:23:09Z,,,,,,,48388,Precision Retinal Biomarkers for Cognitive Impairment,Dr Ruogu Fang,University of Florida,true,confirmed,100.0,Unique repository-linked DOI/PMID maps through UKB Schema 19/24 to one application.,https://github.com/github/dmca/blob/master/2025/12/2025-12-08-uk-biobank-6.md; https://github.com/lab-smile/RetinaPD/blob/913a01fd19985b1b630a932e4981f26b7dd426dc/CSV_Population_Characteristics.ipynb; https://github.com/lab-smile/RetinaPD; https://github.com/lab-smile/RetinaPD/blob/main/README.md,target repository owner/uploader only; not attributed to the UKB application team without independent evidence,false,,,,8744,48388,1,title,"[{""app_id"": ""48388"", ""evidence_class"": ""A4_EXACT_REPO_PUBLICATION_APPLICATION_CHAIN"", ""identifier"": ""deep learning predicts prevalent and incident parkinson s disease from uk biobank fundus imaging"", ""identifier_type"": ""title"", ""pub_id"": ""8744""}]",A4_EXACT_REPO_PUBLICATION_APPLICATION_CHAIN,A4_EXACT_REPO_PUBLICATION_APPLICATION_CHAIN; exact_publication_identifier,true,false,false,CSV_Population_Characteristics.ipynb,single_file,336639311,2021-02-06T21:23:09Z,2026-05-08T14:13:26Z,false,,,,0,evidence/lineages/lineage_lab-smile_retinapd.md,https://github.com/github/dmca/blob/master/2025/12/2025-12-08-uk-biobank-6.md; https://github.com/lab-smile/RetinaPD/blob/913a01fd19985b1b630a932e4981f26b7dd426dc/CSV_Population_Characteristics.ipynb; https://github.com/lab-smile/RetinaPD; https://github.com/lab-smile/RetinaPD/blob/main/README.md,,,,,,,,
2025-11-13-uk-biobank,2025-11-13,2025/11/2025-11-13-uk-biobank.md,https://github.com/odelaneau/shapeit5,odelaneau,shapeit5,http_403,lineage_odelaneau_shapeit5,unknown,,tasks/phasingUKB/step2_wgs/step9_imputation_rerun_new_chunks/data/1k_samples_wbi.txt,genotype; hospital_episode_statistics,,,2025-11-13,Accurate rare variant phasing of whole-genome and whole-exome sequencing data in the UK Biobank,10.1038/s41588-023-01415-w,37386248,Robin J. Hofmeister; Diogo M. Ribeiro; Simone Rubinacci; Olivier Delaneau,66995,"Prediction of haplotypes, genotypes, parental-of-origin and applications in biobanks.",Dr Olivier Delaneau,University of Lausanne,true,confirmed,100,Public metadata seed records a unique repository-publication-application evidence chain.,https://github.com/github/dmca/blob/master/2025/11/2025-11-13-uk-biobank.md; https://github.com/odelaneau/shapeit5/blob/0b40edb8ef2678fd4ef0f0286dffe9ef0ba9b254/tasks/phasingUKB/step2_wgs/step9_imputation_rerun_new_chunks/data/1k_samples_wbi.txt#L1-L5; https://github.com/odelaneau/shapeit5; https://www.nature.com/articles/s41588-023-01415-w; https://biobank.ndph.ox.ac.uk/ukb/pub.cgi?id=7739; https://www.ukbiobank.ac.uk/projects/prediction-of-haplotypes-genotypes-parental-of-origin-and-applications-in-biobanks/; https://doi.org/10.1038/s41588-023-01415-w,target repository owner/uploader only; not attributed to the UKB application team without independent evidence,false,10.1038/s41588-023-01415-w,37386248,Accurate rare variant phasing of whole-genome and whole-exome sequencing data in the UK Biobank,7739,66995,1,doi; pmid; title,"[{""app_id"": ""66995"", ""evidence_class"": ""A4_EXACT_REPO_PUBLICATION_APPLICATION_CHAIN"", ""evidence_urls"": ""https://www.nature.com/articles/s41588-023-01415-w; https://biobank.ndph.ox.ac.uk/ukb/pub.cgi?id=7739; https://www.ukbiobank.ac.uk/projects/prediction-of-haplotypes-genotypes-parental-of-origin-and-applications-in-biobanks/; https://doi.org/10.1038/s41588-023-01415-w"", ""identifier"": ""10.1038/s41588-023-01415-w"", ""identifier_type"": ""doi; pmid; title"", ""pub_id"": ""7739"", ""source_relation"": ""Nature code availability links the exact GitHub repository; the UKB publication/app pages identify the linked application.""}]",A4_EXACT_REPO_PUBLICATION_APPLICATION_CHAIN,public_metadata_seed; A4_EXACT_REPO_PUBLICATION_APPLICATION_CHAIN; exact_publication_identifier,true,false,false,1k_samples_wbi.txt,single_file,,,,,,,,0,evidence/lineages/lineage_odelaneau_shapeit5.md,,,,,,,,,
2025-11-25-uk-biobank-6,2025-11-25,2025/11/2025-11-25-uk-biobank-6.md,https://github.com/gerstung-lab/CancerRisk,gerstung-lab,CancerRisk,http_451,lineage_gerstung-lab_cancerrisk,unknown,,main/UKB/scripts/00_qrisk_pred.py,genotype; hospital_episode_statistics,,,2025-11-25,Multi-cancer risk stratification based on national health data: a retrospective modelling and validation study,10.1016/s2589-7500(24)00062-1,38789140,Alexander W Jung; Peter C Holm; Kumar Gaurav; Jessica Xin Hjaltelin; Davide Placido; Laust Hvas Mortensen; Ewan Birney; S Ren Brunak; Moritz Gerstung,45761,Genetics of cancer risk and therapy response,Dr Moritz Gerstung,European Bioinformatics Institute (EBI),true,confirmed,100,Public metadata seed records a unique repository-publication-application evidence chain.,https://github.com/github/dmca/blob/master/2025/11/2025-11-25-uk-biobank-6.md; https://github.com/gerstung-lab/CancerRisk/blob/d89f782a20acc8a80b60ba5b85f37269bf2b0228/main/UKB/scripts/00_qrisk_pred.py; https://github.com/gerstung-lab/CancerRisk; https://www.medrxiv.org/content/10.1101/2022.10.12.22280908v1; https://www.ukbiobank.ac.uk/publications/multi-cancer-risk-stratification-based-on-national-health-data-a-retrospective-modelling-and-validation-study/; https://www.ukbiobank.ac.uk/projects/genetics-of-cancer-risk-and-therapy-response/; https://doi.org/10.1016/s2589-7500(24)00062-1,target repository owner/uploader only; not attributed to the UKB application team without independent evidence,false,10.1016/s2589-7500(24)00062-1,38789140,Multi-cancer risk stratification based on national health data: a retrospective modelling and validation study,,45761,1,doi; pmid; title,"[{""app_id"": ""45761"", ""evidence_class"": ""A4_EXACT_REPO_PUBLICATION_APPLICATION_CHAIN"", ""evidence_urls"": ""https://www.medrxiv.org/content/10.1101/2022.10.12.22280908v1; https://www.ukbiobank.ac.uk/publications/multi-cancer-risk-stratification-based-on-national-health-data-a-retrospective-modelling-and-validation-study/; https://www.ukbiobank.ac.uk/projects/genetics-of-cancer-risk-and-therapy-response/; https://doi.org/10.1016/s2589-7500(24)00062-1"", ""identifier"": ""10.1016/s2589-7500(24)00062-1"", ""identifier_type"": ""doi; pmid; title"", ""pub_id"": """", ""source_relation"": ""medRxiv data availability links the exact GitHub repository; the UKB publication page links the same title/authors to project 45761.""}]",A4_EXACT_REPO_PUBLICATION_APPLICATION_CHAIN,public_metadata_seed; A4_EXACT_REPO_PUBLICATION_APPLICATION_CHAIN; exact_publication_identifier,true,false,false,00_qrisk_pred.py,single_file,,,,,,,,0,evidence/lineages/lineage_gerstung-lab_cancerrisk.md,,,,,,,,,
2025-11-25-uk-biobank-6,2025-11-25,2025/11/2025-11-25-uk-biobank-6.md,https://github.com/gerstung-lab/CancerRisk,gerstung-lab,CancerRisk,http_451,lineage_gerstung-lab_cancerrisk,unknown,,main/UKB/scripts/00_dcode_frequency.py,genotype; hospital_episode_statistics,,,2025-11-25,Multi-cancer risk stratification based on national health data: a retrospective modelling and validation study,10.1016/s2589-7500(24)00062-1,38789140,Alexander W Jung; Peter C Holm; Kumar Gaurav; Jessica Xin Hjaltelin; Davide Placido; Laust Hvas Mortensen; Ewan Birney; S Ren Brunak; Moritz Gerstung,45761,Genetics of cancer risk and therapy response,Dr Moritz Gerstung,European Bioinformatics Institute (EBI),true,confirmed,100,Public metadata seed records a unique repository-publication-application evidence chain.,https://github.com/github/dmca/blob/master/2025/11/2025-11-25-uk-biobank-6.md; https://github.com/gerstung-lab/CancerRisk/blob/0f496ae2aaf37d17ee81fb60746cc354ee2e4567/main/UKB/scripts/00_dcode_frequency.py; https://github.com/gerstung-lab/CancerRisk; https://www.medrxiv.org/content/10.1101/2022.10.12.22280908v1; https://www.ukbiobank.ac.uk/publications/multi-cancer-risk-stratification-based-on-national-health-data-a-retrospective-modelling-and-validation-study/; https://www.ukbiobank.ac.uk/projects/genetics-of-cancer-risk-and-therapy-response/; https://doi.org/10.1016/s2589-7500(24)00062-1,target repository owner/uploader only; not attributed to the UKB application team without independent evidence,false,10.1016/s2589-7500(24)00062-1,38789140,Multi-cancer risk stratification based on national health data: a retrospective modelling and validation study,,45761,1,doi; pmid; title,"[{""app_id"": ""45761"", ""evidence_class"": ""A4_EXACT_REPO_PUBLICATION_APPLICATION_CHAIN"", ""evidence_urls"": ""https://www.medrxiv.org/content/10.1101/2022.10.12.22280908v1; https://www.ukbiobank.ac.uk/publications/multi-cancer-risk-stratification-based-on-national-health-data-a-retrospective-modelling-and-validation-study/; https://www.ukbiobank.ac.uk/projects/genetics-of-cancer-risk-and-therapy-response/; https://doi.org/10.1016/s2589-7500(24)00062-1"", ""identifier"": ""10.1016/s2589-7500(24)00062-1"", ""identifier_type"": ""doi; pmid; title"", ""pub_id"": """", ""source_relation"": ""medRxiv data availability links the exact GitHub repository; the UKB publication page links the same title/authors to project 45761.""}]",A4_EXACT_REPO_PUBLICATION_APPLICATION_CHAIN,public_metadata_seed; A4_EXACT_REPO_PUBLICATION_APPLICATION_CHAIN; exact_publication_identifier,true,false,false,00_dcode_frequency.py,single_file,,,,,,,,0,evidence/lineages/lineage_gerstung-lab_cancerrisk.md,,,,,,,,,
2025-11-25-uk-biobank-6,2025-11-25,2025/11/2025-11-25-uk-biobank-6.md,https://github.com/gerstung-lab/CancerRisk,gerstung-lab,CancerRisk,http_451,lineage_gerstung-lab_cancerrisk,unknown,,main/UKB/scripts/00_ukb_pred.py,genotype; hospital_episode_statistics,,,2025-11-25,Multi-cancer risk stratification based on national health data: a retrospective modelling and validation study,10.1016/s2589-7500(24)00062-1,38789140,Alexander W Jung; Peter C Holm; Kumar Gaurav; Jessica Xin Hjaltelin; Davide Placido; Laust Hvas Mortensen; Ewan Birney; S Ren Brunak; Moritz Gerstung,45761,Genetics of cancer risk and therapy response,Dr Moritz Gerstung,European Bioinformatics Institute (EBI),true,confirmed,100,Public metadata seed records a unique repository-publication-application evidence chain.,https://github.com/github/dmca/blob/master/2025/11/2025-11-25-uk-biobank-6.md; https://github.com/gerstung-lab/CancerRisk/blob/0f496ae2aaf37d17ee81fb60746cc354ee2e4567/main/UKB/scripts/00_ukb_pred.py; https://github.com/gerstung-lab/CancerRisk; https://www.medrxiv.org/content/10.1101/2022.10.12.22280908v1; https://www.ukbiobank.ac.uk/publications/multi-cancer-risk-stratification-based-on-national-health-data-a-retrospective-modelling-and-validation-study/; https://www.ukbiobank.ac.uk/projects/genetics-of-cancer-risk-and-therapy-response/; https://doi.org/10.1016/s2589-7500(24)00062-1,target repository owner/uploader only; not attributed to the UKB application team without independent evidence,false,10.1016/s2589-7500(24)00062-1,38789140,Multi-cancer risk stratification based on national health data: a retrospective modelling and validation study,,45761,1,doi; pmid; title,"[{""app_id"": ""45761"", ""evidence_class"": ""A4_EXACT_REPO_PUBLICATION_APPLICATION_CHAIN"", ""evidence_urls"": ""https://www.medrxiv.org/content/10.1101/2022.10.12.22280908v1; https://www.ukbiobank.ac.uk/publications/multi-cancer-risk-stratification-based-on-national-health-data-a-retrospective-modelling-and-validation-study/; https://www.ukbiobank.ac.uk/projects/genetics-of-cancer-risk-and-therapy-response/; https://doi.org/10.1016/s2589-7500(24)00062-1"", ""identifier"": ""10.1016/s2589-7500(24)00062-1"", ""identifier_type"": ""doi; pmid; title"", ""pub_id"": """", ""source_relation"": ""medRxiv data availability links the exact GitHub repository; the UKB publication page links the same title/authors to project 45761.""}]",A4_EXACT_REPO_PUBLICATION_APPLICATION_CHAIN,public_metadata_seed; A4_EXACT_REPO_PUBLICATION_APPLICATION_CHAIN; exact_publication_identifier,true,false,false,00_ukb_pred.py,single_file,,,,,,,,0,evidence/lineages/lineage_gerstung-lab_cancerrisk.md,,,,,,,,,
2025-12-08-uk-biobank-7,2025-12-08,2025/12/2025-12-08-uk-biobank-7.md,https://github.com/song88180/Human_sex_ratio,song88180,Human_sex_ratio,http_451,lineage_song88180_human_sex_ratio,unknown,,04_Family_based_heritability.ipynb,genotype; hospital_episode_statistics,,,2025-12-08,In search of the genetic variants of human sex ratio at birth: was Fisher wrong about sex ratio evolution?,10.1098/rspb.2024.1876,39406345,Siliang Song; Jianzhi Zhang,177030,Impacts of rapid environmental/societal changes on the genetic architecture of and selection on human traits,Professor Jianzhi Zhang,University of Michigan,true,confirmed,100,Public metadata seed records a unique repository-publication-application evidence chain.,https://github.com/github/dmca/blob/master/2025/12/2025-12-08-uk-biobank-7.md; https://github.com/song88180/Human_sex_ratio/blob/28c718d80392a23be38227af63e5172b20a7063b/04_Family_based_heritability.ipynb; https://github.com/song88180/Human_sex_ratio; https://datadryad.org/dataset/doi:10.5061/dryad.vdncjsz43; https://www.ukbiobank.ac.uk/publications/in-search-of-the-genetic-variants-of-human-sex-ratio-at-birth-was-fisher-wrong-about-sex-ratio-evolution/; https://www.ukbiobank.ac.uk/projects/impacts-of-rapid-environmental-societal-changes-on-the-genetic-architecture-of-and-selection-on-human-traits/; https://doi.org/10.1098/rspb.2024.1876,target repository owner/uploader only; not attributed to the UKB application team without independent evidence,false,10.1098/rspb.2024.1876,39406345,In search of the genetic variants of human sex ratio at birth: was Fisher wrong about sex ratio evolution?,,177030,1,doi; pmid; title,"[{""app_id"": ""177030"", ""evidence_class"": ""A4_EXACT_REPO_PUBLICATION_APPLICATION_CHAIN"", ""evidence_urls"": ""https://datadryad.org/dataset/doi:10.5061/dryad.vdncjsz43; https://www.ukbiobank.ac.uk/publications/in-search-of-the-genetic-variants-of-human-sex-ratio-at-birth-was-fisher-wrong-about-sex-ratio-evolution/; https://www.ukbiobank.ac.uk/projects/impacts-of-rapid-environmental-societal-changes-on-the-genetic-architecture-of-and-selection-on-human-traits/; https://doi.org/10.1098/rspb.2024.1876"", ""identifier"": ""10.1098/rspb.2024.1876"", ""identifier_type"": ""doi; pmid; title"", ""pub_id"": """", ""source_relation"": ""Dryad README metadata links the exact GitHub repository; the UKB publication page links the same title/authors to project 177030.""}]",A4_EXACT_REPO_PUBLICATION_APPLICATION_CHAIN,public_metadata_seed; A4_EXACT_REPO_PUBLICATION_APPLICATION_CHAIN; exact_publication_identifier,true,false,false,04_Family_based_heritability.ipynb,single_file,,,,,,,,0,evidence/lineages/lineage_song88180_human_sex_ratio.md,,,,,,,,,
2026-04-14-uk-biobank,2026-04-14,2026/04/2026-04-14-uk-biobank.md,https://github.com/Hinna0818/UKBAnalytica,Hinna0818,UKBAnalytica,live,lineage_hinna0818_ukbanalytica,unknown,,tests/testthat/testdata/raw_demo.csv,genotype; phenotype; hospital_episode_statistics; ehr,2026-04-19T07:54:46Z,,,"N He, K Mo, G Yu, F He. UKBAnalytica: an integrated R package for scalable phenotyping and reproducible epidemiological analysis within the UK Biobank Research Analysis Platform. medRxiv. 2026.06.19.26356057.; UKBAnalytica: an integrated R package for scalable phenotyping and reproducible epidemiological analysis within the UK Biobank Research Analysis Platform; UK Biobank Data Processing and Survival Analysis Toolkit",10.64898/2026.06.19.26356057,,"Nan He; Ke Mo; Guangchuang Yu; Feiying He; Nan He [aut, cre] (<https://orcid.org/0009-0008-6932-3867>); Nan He <hinna01@163.com>; Nan He; Ke Mo; Guangchuang Yu; Feiying He",822932,Inherent and non-inherent factors  for chronic diseases and multimorbidity,,Southern Medical University,true,confirmed,100,Public metadata seed records a unique repository-publication-application evidence chain.,https://github.com/github/dmca/blob/master/2026/04/2026-04-14-uk-biobank.md; https://github.com/Hinna0818/UKBAnalytica/blob/d6facb23a147b51a335223a9bb12141b5cbfd32a/tests/testthat/testdata/raw_demo.csv; https://github.com/Hinna0818/UKBAnalytica; https://github.com/Hinna0818/UKBAnalytica/blob/main/README.md; https://doi.org/10.64898/2026.06.19.26356057; https://github.com/Hinna0818/UKBAnalytica/blob/main/DESCRIPTION; https://cran.r-project.org/package=UKBAnalytica; https://www.medrxiv.org/content/10.64898/2026.06.19.26356057v1; https://hinna0818.github.io/UKBAnalytica/,target repository owner/uploader only; not attributed to the UKB application team without independent evidence,false,10.64898/2026.06.19.26356057,,"N He, K Mo, G Yu, F He. UKBAnalytica: an integrated R package for scalable phenotyping and reproducible epidemiological analysis within the UK Biobank Research Analysis Platform. medRxiv. 2026.06.19.26356057.; UKBAnalytica: an integrated R package for scalable phenotyping and reproducible epidemiological analysis within the UK Biobank Research Analysis Platform; UK Biobank Data Processing and Survival Analysis Toolkit",,822932,1,doi; title,"[{""app_id"": ""822932"", ""evidence_class"": ""A1_DIRECT_APP_ID"", ""evidence_urls"": ""https://www.medrxiv.org/content/10.64898/2026.06.19.26356057v1; https://cran.r-project.org/package=UKBAnalytica; https://github.com/Hinna0818/UKBAnalytica; https://hinna0818.github.io/UKBAnalytica/; https://doi.org/10.64898/2026.06.19.26356057"", ""identifier"": ""10.64898/2026.06.19.26356057"", ""identifier_type"": ""doi; title"", ""pub_id"": """", ""source_relation"": ""CRAN and medRxiv metadata link the exact GitHub repository; medRxiv declarations and data availability identify unique UKB application 822932.""}]",A1_DIRECT_APP_ID,public_metadata_seed; A1_DIRECT_APP_ID; direct_application_id,true,false,false,raw_demo.csv,single_file,1214905394,2026-04-19T07:54:46Z,2026-08-07T10:59:06Z,false,,,,0,evidence/lineages/lineage_hinna0818_ukbanalytica.md,https://github.com/github/dmca/blob/master/2026/04/2026-04-14-uk-biobank.md; https://github.com/Hinna0818/UKBAnalytica/blob/d6facb23a147b51a335223a9bb12141b5cbfd32a/tests/testthat/testdata/raw_demo.csv; https://github.com/Hinna0818/UKBAnalytica; https://github.com/Hinna0818/UKBAnalytica/blob/main/README.md; https://doi.org/10.64898/2026.06.19.26356057; https://github.com/Hinna0818/UKBAnalytica/blob/main/DESCRIPTION; https://cran.r-project.org/package=UKBAnalytica,https://github.com/Hinna0818/UKBAnalytica/blob/main/DESCRIPTION,,cran,https://cran.r-project.org/package=UKBAnalytica,,,,
2025-10-14-uk-biobank,2025-10-14,2025/10/2025-10-14-uk-biobank.md,https://github.com/yochaiedlitz/T2DM_UKB_predictions,yochaiedlitz,T2DM_UKB_predictions,http_451,lineage_yochaiedlitz_t2dm_ukb_predictions,unknown,,,genotype; hospital_episode_statistics,,,2025-10-14,Prediction of type 2 diabetes mellitus onset using logistic regression-based scorecards,10.7554/elife.71862,35731045,Yochai Edlitz; Eran Segal,28784,A statistical framework for personalized nutrition recommendations based on genetic and anthropometric data.,Professor Eran Segal,Weizmann Institute of Science,true,confirmed,100,Public metadata seed records a unique repository-publication-application evidence chain.,https://github.com/github/dmca/blob/master/2025/10/2025-10-14-uk-biobank.md; https://github.com/yochaiedlitz/T2DM_UKB_predictions; https://elifesciences.org/articles/71862; https://pmc.ncbi.nlm.nih.gov/articles/PMC9255967/; https://doi.org/10.7554/elife.71862,target repository owner/uploader only; not attributed to the UKB application team without independent evidence,false,10.7554/elife.71862,35731045,Prediction of type 2 diabetes mellitus onset using logistic regression-based scorecards,,28784,1,doi; pmid; title,"[{""app_id"": ""28784"", ""evidence_class"": ""A1_DIRECT_APP_ID"", ""evidence_urls"": ""https://elifesciences.org/articles/71862; https://pmc.ncbi.nlm.nih.gov/articles/PMC9255967/; https://github.com/yochaiedlitz/T2DM_UKB_predictions; https://doi.org/10.7554/elife.71862"", ""identifier"": ""10.7554/elife.71862"", ""identifier_type"": ""doi; pmid; title"", ""pub_id"": """", ""source_relation"": ""eLife/PMC article links the exact GitHub repository and acknowledges UK Biobank Application Number 28784.""}]",A1_DIRECT_APP_ID,public_metadata_seed; A1_DIRECT_APP_ID; direct_application_id,true,false,false,,repository,,,,,,,,0,evidence/lineages/lineage_yochaiedlitz_t2dm_ukb_predictions.md,,,,,,,,,
2025-10-15-uk-biobank-8,2025-10-15,2025/10/2025-10-15-uk-biobank-8.md,https://github.com/tenayatherapeutics/Genetic-Survival-Analysis-in-UKB,tenayatherapeutics,Genetic-Survival-Analysis-in-UKB,http_451,lineage_tenayatherapeutics_genetic-survival-analysis-in-ukb,unknown,,Survival_UKB_scripts/Dosage_Extraction_UKB.ipynb,genotype; phenotype; hospital_episode_statistics,,,2025-10-15,Combining genetic proxies of drug targets and time-to-event analyses from longitudinal observational data to identify target patient populations,10.1186/s12872-025-04753-1,40335923,Luke Zhang; Prachi Kulkarni; Farshad Farshidfar; Whit Tingley; Tim Hoey; Whedy Wang; James R. Priest; Sylwia M. Figarska,84103,Genomic approaches to relating cardiovascular structure and function to heart failure for the purposes of drug discovery.,Dr James Priest,Tenaya Therapeutics Inc.,true,confirmed,100,Public metadata seed records a unique repository-publication-application evidence chain.,https://github.com/github/dmca/blob/master/2025/10/2025-10-15-uk-biobank-8.md; https://github.com/tenayatherapeutics/Genetic-Survival-Analysis-in-UKB/blob/main/Survival_UKB_scripts/Dosage_Extraction_UKB.ipynb; https://github.com/tenayatherapeutics/Genetic-Survival-Analysis-in-UKB; https://link.springer.com/article/10.1186/s12872-025-04753-1; https://pubmed.ncbi.nlm.nih.gov/40335923/; https://doi.org/10.1186/s12872-025-04753-1,target repository owner/uploader only; not attributed to the UKB application team without independent evidence,false,10.1186/s12872-025-04753-1,40335923,Combining genetic proxies of drug targets and time-to-event analyses from longitudinal observational data to identify target patient populations,,84103,1,doi; pmid; title,"[{""app_id"": ""84103"", ""evidence_class"": ""A1_DIRECT_APP_ID"", ""evidence_urls"": ""https://link.springer.com/article/10.1186/s12872-025-04753-1; https://pubmed.ncbi.nlm.nih.gov/40335923/; https://github.com/tenayatherapeutics/Genetic-Survival-Analysis-in-UKB; https://doi.org/10.1186/s12872-025-04753-1"", ""identifier"": ""10.1186/s12872-025-04753-1"", ""identifier_type"": ""doi; pmid; title"", ""pub_id"": """", ""source_relation"": ""BMC article code/data availability links the exact GitHub repository and acknowledgements identify unique UKB Application number 84103.""}]",A1_DIRECT_APP_ID,public_metadata_seed; A1_DIRECT_APP_ID; direct_application_id,true,false,false,Dosage_Extraction_UKB.ipynb,single_file,,,,,,,,0,evidence/lineages/lineage_tenayatherapeutics_genetic-survival-analysis-in-ukb.md,,,,,,,,,
2025-10-15-uk-biobank-8,2025-10-15,2025/10/2025-10-15-uk-biobank-8.md,https://github.com/tenayatherapeutics/Genetic-Survival-Analysis-in-UKB,tenayatherapeutics,Genetic-Survival-Analysis-in-UKB,http_451,lineage_tenayatherapeutics_genetic-survival-analysis-in-ukb,unknown,,Survival_UKB_scripts/Surv_Paper_Pheno.ipynb,genotype; phenotype; hospital_episode_statistics,,,2025-10-15,Combining genetic proxies of drug targets and time-to-event analyses from longitudinal observational data to identify target patient populations,10.1186/s12872-025-04753-1,40335923,Luke Zhang; Prachi Kulkarni; Farshad Farshidfar; Whit Tingley; Tim Hoey; Whedy Wang; James R. Priest; Sylwia M. Figarska,84103,Genomic approaches to relating cardiovascular structure and function to heart failure for the purposes of drug discovery.,Dr James Priest,Tenaya Therapeutics Inc.,true,confirmed,100,Public metadata seed records a unique repository-publication-application evidence chain.,https://github.com/github/dmca/blob/master/2025/10/2025-10-15-uk-biobank-8.md; https://github.com/tenayatherapeutics/Genetic-Survival-Analysis-in-UKB/blob/main/Survival_UKB_scripts/Surv_Paper_Pheno.ipynb; https://github.com/tenayatherapeutics/Genetic-Survival-Analysis-in-UKB; https://link.springer.com/article/10.1186/s12872-025-04753-1; https://pubmed.ncbi.nlm.nih.gov/40335923/; https://doi.org/10.1186/s12872-025-04753-1,target repository owner/uploader only; not attributed to the UKB application team without independent evidence,false,10.1186/s12872-025-04753-1,40335923,Combining genetic proxies of drug targets and time-to-event analyses from longitudinal observational data to identify target patient populations,,84103,1,doi; pmid; title,"[{""app_id"": ""84103"", ""evidence_class"": ""A1_DIRECT_APP_ID"", ""evidence_urls"": ""https://link.springer.com/article/10.1186/s12872-025-04753-1; https://pubmed.ncbi.nlm.nih.gov/40335923/; https://github.com/tenayatherapeutics/Genetic-Survival-Analysis-in-UKB; https://doi.org/10.1186/s12872-025-04753-1"", ""identifier"": ""10.1186/s12872-025-04753-1"", ""identifier_type"": ""doi; pmid; title"", ""pub_id"": """", ""source_relation"": ""BMC article code/data availability links the exact GitHub repository and acknowledgements identify unique UKB Application number 84103.""}]",A1_DIRECT_APP_ID,public_metadata_seed; A1_DIRECT_APP_ID; direct_application_id,true,false,false,Surv_Paper_Pheno.ipynb,single_file,,,,,,,,0,evidence/lineages/lineage_tenayatherapeutics_genetic-survival-analysis-in-ukb.md,,,,,,,,,
2025-10-15-uk-biobank-8,2025-10-15,2025/10/2025-10-15-uk-biobank-8.md,https://github.com/tenayatherapeutics/Genetic-Survival-Analysis-in-UKB,tenayatherapeutics,Genetic-Survival-Analysis-in-UKB,http_451,lineage_tenayatherapeutics_genetic-survival-analysis-in-ukb,unknown,,Example/example_CV_outcome.txt,genotype; phenotype; hospital_episode_statistics,,,2025-10-15,Combining genetic proxies of drug targets and time-to-event analyses from longitudinal observational data to identify target patient populations,10.1186/s12872-025-04753-1,40335923,Luke Zhang; Prachi Kulkarni; Farshad Farshidfar; Whit Tingley; Tim Hoey; Whedy Wang; James R. Priest; Sylwia M. Figarska,84103,Genomic approaches to relating cardiovascular structure and function to heart failure for the purposes of drug discovery.,Dr James Priest,Tenaya Therapeutics Inc.,true,confirmed,100,Public metadata seed records a unique repository-publication-application evidence chain.,https://github.com/github/dmca/blob/master/2025/10/2025-10-15-uk-biobank-8.md; https://github.com/tenayatherapeutics/Genetic-Survival-Analysis-in-UKB/blob/main/Example/example_CV_outcome.txt; https://github.com/tenayatherapeutics/Genetic-Survival-Analysis-in-UKB; https://link.springer.com/article/10.1186/s12872-025-04753-1; https://pubmed.ncbi.nlm.nih.gov/40335923/; https://doi.org/10.1186/s12872-025-04753-1,target repository owner/uploader only; not attributed to the UKB application team without independent evidence,false,10.1186/s12872-025-04753-1,40335923,Combining genetic proxies of drug targets and time-to-event analyses from longitudinal observational data to identify target patient populations,,84103,1,doi; pmid; title,"[{""app_id"": ""84103"", ""evidence_class"": ""A1_DIRECT_APP_ID"", ""evidence_urls"": ""https://link.springer.com/article/10.1186/s12872-025-04753-1; https://pubmed.ncbi.nlm.nih.gov/40335923/; https://github.com/tenayatherapeutics/Genetic-Survival-Analysis-in-UKB; https://doi.org/10.1186/s12872-025-04753-1"", ""identifier"": ""10.1186/s12872-025-04753-1"", ""identifier_type"": ""doi; pmid; title"", ""pub_id"": """", ""source_relation"": ""BMC article code/data availability links the exact GitHub repository and acknowledgements identify unique UKB Application number 84103.""}]",A1_DIRECT_APP_ID,public_metadata_seed; A1_DIRECT_APP_ID; direct_application_id,true,false,false,example_CV_outcome.txt,single_file,,,,,,,,0,evidence/lineages/lineage_tenayatherapeutics_genetic-survival-analysis-in-ukb.md,,,,,,,,,
2025-10-15-uk-biobank-8,2025-10-15,2025/10/2025-10-15-uk-biobank-8.md,https://github.com/tenayatherapeutics/Genetic-Survival-Analysis-in-UKB,tenayatherapeutics,Genetic-Survival-Analysis-in-UKB,http_451,lineage_tenayatherapeutics_genetic-survival-analysis-in-ukb,unknown,,Example/example_dosage.txt,genotype; phenotype; hospital_episode_statistics,,,2025-10-15,Combining genetic proxies of drug targets and time-to-event analyses from longitudinal observational data to identify target patient populations,10.1186/s12872-025-04753-1,40335923,Luke Zhang; Prachi Kulkarni; Farshad Farshidfar; Whit Tingley; Tim Hoey; Whedy Wang; James R. Priest; Sylwia M. Figarska,84103,Genomic approaches to relating cardiovascular structure and function to heart failure for the purposes of drug discovery.,Dr James Priest,Tenaya Therapeutics Inc.,true,confirmed,100,Public metadata seed records a unique repository-publication-application evidence chain.,https://github.com/github/dmca/blob/master/2025/10/2025-10-15-uk-biobank-8.md; https://github.com/tenayatherapeutics/Genetic-Survival-Analysis-in-UKB/blob/main/Example/example_dosage.txt; https://github.com/tenayatherapeutics/Genetic-Survival-Analysis-in-UKB; https://link.springer.com/article/10.1186/s12872-025-04753-1; https://pubmed.ncbi.nlm.nih.gov/40335923/; https://doi.org/10.1186/s12872-025-04753-1,target repository owner/uploader only; not attributed to the UKB application team without independent evidence,false,10.1186/s12872-025-04753-1,40335923,Combining genetic proxies of drug targets and time-to-event analyses from longitudinal observational data to identify target patient populations,,84103,1,doi; pmid; title,"[{""app_id"": ""84103"", ""evidence_class"": ""A1_DIRECT_APP_ID"", ""evidence_urls"": ""https://link.springer.com/article/10.1186/s12872-025-04753-1; https://pubmed.ncbi.nlm.nih.gov/40335923/; https://github.com/tenayatherapeutics/Genetic-Survival-Analysis-in-UKB; https://doi.org/10.1186/s12872-025-04753-1"", ""identifier"": ""10.1186/s12872-025-04753-1"", ""identifier_type"": ""doi; pmid; title"", ""pub_id"": """", ""source_relation"": ""BMC article code/data availability links the exact GitHub repository and acknowledgements identify unique UKB Application number 84103.""}]",A1_DIRECT_APP_ID,public_metadata_seed; A1_DIRECT_APP_ID; direct_application_id,true,false,false,example_dosage.txt,single_file,,,,,,,,0,evidence/lineages/lineage_tenayatherapeutics_genetic-survival-analysis-in-ukb.md,,,,,,,,,
2025-10-15-uk-biobank-8,2025-10-15,2025/10/2025-10-15-uk-biobank-8.md,https://github.com/tenayatherapeutics/Genetic-Survival-Analysis-in-UKB,tenayatherapeutics,Genetic-Survival-Analysis-in-UKB,http_451,lineage_tenayatherapeutics_genetic-survival-analysis-in-ukb,unknown,,Example/example_pheno_with_AF_rehospitalization.txt,genotype; phenotype; hospital_episode_statistics,,,2025-10-15,Combining genetic proxies of drug targets and time-to-event analyses from longitudinal observational data to identify target patient populations,10.1186/s12872-025-04753-1,40335923,Luke Zhang; Prachi Kulkarni; Farshad Farshidfar; Whit Tingley; Tim Hoey; Whedy Wang; James R. Priest; Sylwia M. Figarska,84103,Genomic approaches to relating cardiovascular structure and function to heart failure for the purposes of drug discovery.,Dr James Priest,Tenaya Therapeutics Inc.,true,confirmed,100,Public metadata seed records a unique repository-publication-application evidence chain.,https://github.com/github/dmca/blob/master/2025/10/2025-10-15-uk-biobank-8.md; https://github.com/tenayatherapeutics/Genetic-Survival-Analysis-in-UKB/blob/main/Example/example_pheno_with_AF_rehospitalization.txt; https://github.com/tenayatherapeutics/Genetic-Survival-Analysis-in-UKB; https://link.springer.com/article/10.1186/s12872-025-04753-1; https://pubmed.ncbi.nlm.nih.gov/40335923/; https://doi.org/10.1186/s12872-025-04753-1,target repository owner/uploader only; not attributed to the UKB application team without independent evidence,false,10.1186/s12872-025-04753-1,40335923,Combining genetic proxies of drug targets and time-to-event analyses from longitudinal observational data to identify target patient populations,,84103,1,doi; pmid; title,"[{""app_id"": ""84103"", ""evidence_class"": ""A1_DIRECT_APP_ID"", ""evidence_urls"": ""https://link.springer.com/article/10.1186/s12872-025-04753-1; https://pubmed.ncbi.nlm.nih.gov/40335923/; https://github.com/tenayatherapeutics/Genetic-Survival-Analysis-in-UKB; https://doi.org/10.1186/s12872-025-04753-1"", ""identifier"": ""10.1186/s12872-025-04753-1"", ""identifier_type"": ""doi; pmid; title"", ""pub_id"": """", ""source_relation"": ""BMC article code/data availability links the exact GitHub repository and acknowledgements identify unique UKB Application number 84103.""}]",A1_DIRECT_APP_ID,public_metadata_seed; A1_DIRECT_APP_ID; direct_application_id,true,false,false,example_pheno_with_AF_rehospitalization.txt,single_file,,,,,,,,0,evidence/lineages/lineage_tenayatherapeutics_genetic-survival-analysis-in-ukb.md,,,,,,,,,
2025-10-15-uk-biobank-8,2025-10-15,2025/10/2025-10-15-uk-biobank-8.md,https://github.com/tenayatherapeutics/Genetic-Survival-Analysis-in-UKB,tenayatherapeutics,Genetic-Survival-Analysis-in-UKB,http_451,lineage_tenayatherapeutics_genetic-survival-analysis-in-ukb,unknown,,Example/example_dosage.txt,genotype; phenotype; hospital_episode_statistics,,,2025-10-15,Combining genetic proxies of drug targets and time-to-event analyses from longitudinal observational data to identify target patient populations,10.1186/s12872-025-04753-1,40335923,Luke Zhang; Prachi Kulkarni; Farshad Farshidfar; Whit Tingley; Tim Hoey; Whedy Wang; James R. Priest; Sylwia M. Figarska,84103,Genomic approaches to relating cardiovascular structure and function to heart failure for the purposes of drug discovery.,Dr James Priest,Tenaya Therapeutics Inc.,true,confirmed,100,Public metadata seed records a unique repository-publication-application evidence chain.,https://github.com/github/dmca/blob/master/2025/10/2025-10-15-uk-biobank-8.md; https://github.com/tenayatherapeutics/Genetic-Survival-Analysis-in-UKB/blob/57d4098d69bab490fb8e88a9ceef3d28793316f6/Example/example_dosage.txt; https://github.com/tenayatherapeutics/Genetic-Survival-Analysis-in-UKB; https://link.springer.com/article/10.1186/s12872-025-04753-1; https://pubmed.ncbi.nlm.nih.gov/40335923/; https://doi.org/10.1186/s12872-025-04753-1,target repository owner/uploader only; not attributed to the UKB application team without independent evidence,false,10.1186/s12872-025-04753-1,40335923,Combining genetic proxies of drug targets and time-to-event analyses from longitudinal observational data to identify target patient populations,,84103,1,doi; pmid; title,"[{""app_id"": ""84103"", ""evidence_class"": ""A1_DIRECT_APP_ID"", ""evidence_urls"": ""https://link.springer.com/article/10.1186/s12872-025-04753-1; https://pubmed.ncbi.nlm.nih.gov/40335923/; https://github.com/tenayatherapeutics/Genetic-Survival-Analysis-in-UKB; https://doi.org/10.1186/s12872-025-04753-1"", ""identifier"": ""10.1186/s12872-025-04753-1"", ""identifier_type"": ""doi; pmid; title"", ""pub_id"": """", ""source_relation"": ""BMC article code/data availability links the exact GitHub repository and acknowledgements identify unique UKB Application number 84103.""}]",A1_DIRECT_APP_ID,public_metadata_seed; A1_DIRECT_APP_ID; direct_application_id,true,false,false,example_dosage.txt,single_file,,,,,,,,0,evidence/lineages/lineage_tenayatherapeutics_genetic-survival-analysis-in-ukb.md,,,,,,,,,
2025-10-15-uk-biobank-8,2025-10-15,2025/10/2025-10-15-uk-biobank-8.md,https://github.com/tenayatherapeutics/Genetic-Survival-Analysis-in-UKB,tenayatherapeutics,Genetic-Survival-Analysis-in-UKB,http_451,lineage_tenayatherapeutics_genetic-survival-analysis-in-ukb,unknown,,Example/example_before.txt,genotype; phenotype; hospital_episode_statistics,,,2025-10-15,Combining genetic proxies of drug targets and time-to-event analyses from longitudinal observational data to identify target patient populations,10.1186/s12872-025-04753-1,40335923,Luke Zhang; Prachi Kulkarni; Farshad Farshidfar; Whit Tingley; Tim Hoey; Whedy Wang; James R. Priest; Sylwia M. Figarska,84103,Genomic approaches to relating cardiovascular structure and function to heart failure for the purposes of drug discovery.,Dr James Priest,Tenaya Therapeutics Inc.,true,confirmed,100,Public metadata seed records a unique repository-publication-application evidence chain.,https://github.com/github/dmca/blob/master/2025/10/2025-10-15-uk-biobank-8.md; https://github.com/tenayatherapeutics/Genetic-Survival-Analysis-in-UKB/blob/57d4098d69bab490fb8e88a9ceef3d28793316f6/Example/example_before.txt; https://github.com/tenayatherapeutics/Genetic-Survival-Analysis-in-UKB; https://link.springer.com/article/10.1186/s12872-025-04753-1; https://pubmed.ncbi.nlm.nih.gov/40335923/; https://doi.org/10.1186/s12872-025-04753-1,target repository owner/uploader only; not attributed to the UKB application team without independent evidence,false,10.1186/s12872-025-04753-1,40335923,Combining genetic proxies of drug targets and time-to-event analyses from longitudinal observational data to identify target patient populations,,84103,1,doi; pmid; title,"[{""app_id"": ""84103"", ""evidence_class"": ""A1_DIRECT_APP_ID"", ""evidence_urls"": ""https://link.springer.com/article/10.1186/s12872-025-04753-1; https://pubmed.ncbi.nlm.nih.gov/40335923/; https://github.com/tenayatherapeutics/Genetic-Survival-Analysis-in-UKB; https://doi.org/10.1186/s12872-025-04753-1"", ""identifier"": ""10.1186/s12872-025-04753-1"", ""identifier_type"": ""doi; pmid; title"", ""pub_id"": """", ""source_relation"": ""BMC article code/data availability links the exact GitHub repository and acknowledgements identify unique UKB Application number 84103.""}]",A1_DIRECT_APP_ID,public_metadata_seed; A1_DIRECT_APP_ID; direct_application_id,true,false,false,example_before.txt,single_file,,,,,,,,0,evidence/lineages/lineage_tenayatherapeutics_genetic-survival-analysis-in-ukb.md,,,,,,,,,
2025-10-15-uk-biobank-8,2025-10-15,2025/10/2025-10-15-uk-biobank-8.md,https://github.com/tenayatherapeutics/Genetic-Survival-Analysis-in-UKB,tenayatherapeutics,Genetic-Survival-Analysis-in-UKB,http_451,lineage_tenayatherapeutics_genetic-survival-analysis-in-ukb,unknown,,Example/example_CV_outcome,genotype; phenotype; hospital_episode_statistics,,,2025-10-15,Combining genetic proxies of drug targets and time-to-event analyses from longitudinal observational data to identify target patient populations,10.1186/s12872-025-04753-1,40335923,Luke Zhang; Prachi Kulkarni; Farshad Farshidfar; Whit Tingley; Tim Hoey; Whedy Wang; James R. Priest; Sylwia M. Figarska,84103,Genomic approaches to relating cardiovascular structure and function to heart failure for the purposes of drug discovery.,Dr James Priest,Tenaya Therapeutics Inc.,true,confirmed,100,Public metadata seed records a unique repository-publication-application evidence chain.,https://github.com/github/dmca/blob/master/2025/10/2025-10-15-uk-biobank-8.md; https://github.com/tenayatherapeutics/Genetic-Survival-Analysis-in-UKB/blob/57d4098d69bab490fb8e88a9ceef3d28793316f6/Example/example_CV_outcome; https://github.com/tenayatherapeutics/Genetic-Survival-Analysis-in-UKB; https://link.springer.com/article/10.1186/s12872-025-04753-1; https://pubmed.ncbi.nlm.nih.gov/40335923/; https://doi.org/10.1186/s12872-025-04753-1,target repository owner/uploader only; not attributed to the UKB application team without independent evidence,false,10.1186/s12872-025-04753-1,40335923,Combining genetic proxies of drug targets and time-to-event analyses from longitudinal observational data to identify target patient populations,,84103,1,doi; pmid; title,"[{""app_id"": ""84103"", ""evidence_class"": ""A1_DIRECT_APP_ID"", ""evidence_urls"": ""https://link.springer.com/article/10.1186/s12872-025-04753-1; https://pubmed.ncbi.nlm.nih.gov/40335923/; https://github.com/tenayatherapeutics/Genetic-Survival-Analysis-in-UKB; https://doi.org/10.1186/s12872-025-04753-1"", ""identifier"": ""10.1186/s12872-025-04753-1"", ""identifier_type"": ""doi; pmid; title"", ""pub_id"": """", ""source_relation"": ""BMC article code/data availability links the exact GitHub repository and acknowledgements identify unique UKB Application number 84103.""}]",A1_DIRECT_APP_ID,public_metadata_seed; A1_DIRECT_APP_ID; direct_application_id,true,false,false,example_CV_outcome,single_file,,,,,,,,0,evidence/lineages/lineage_tenayatherapeutics_genetic-survival-analysis-in-ukb.md,,,,,,,,,
2025-10-20-uk-biobank,2025-10-20,2025/10/2025-10-20-uk-biobank.md,https://github.com/tenayatherapeutics/Genetic-Survival-Analysis-in-UKB,tenayatherapeutics,Genetic-Survival-Analysis-in-UKB,http_451,lineage_tenayatherapeutics_genetic-survival-analysis-in-ukb,unknown,,Survival_UKB_scripts/Dosage_Extraction.ipynb,genotype; phenotype; hospital_episode_statistics,,,2025-10-20,Combining genetic proxies of drug targets and time-to-event analyses from longitudinal observational data to identify target patient populations,10.1186/s12872-025-04753-1,40335923,Luke Zhang; Prachi Kulkarni; Farshad Farshidfar; Whit Tingley; Tim Hoey; Whedy Wang; James R. Priest; Sylwia M. Figarska,84103,Genomic approaches to relating cardiovascular structure and function to heart failure for the purposes of drug discovery.,Dr James Priest,Tenaya Therapeutics Inc.,true,confirmed,100,Public metadata seed records a unique repository-publication-application evidence chain.,https://github.com/github/dmca/blob/master/2025/10/2025-10-20-uk-biobank.md; https://github.com/tenayatherapeutics/Genetic-Survival-Analysis-in-UKB/blob/f9212dc1690f9b2226b98c3bdc2bdcdb7fd20828/Survival_UKB_scripts/Dosage_Extraction.ipynb; https://github.com/tenayatherapeutics/Genetic-Survival-Analysis-in-UKB; https://link.springer.com/article/10.1186/s12872-025-04753-1; https://pubmed.ncbi.nlm.nih.gov/40335923/; https://doi.org/10.1186/s12872-025-04753-1,target repository owner/uploader only; not attributed to the UKB application team without independent evidence,false,10.1186/s12872-025-04753-1,40335923,Combining genetic proxies of drug targets and time-to-event analyses from longitudinal observational data to identify target patient populations,,84103,1,doi; pmid; title,"[{""app_id"": ""84103"", ""evidence_class"": ""A1_DIRECT_APP_ID"", ""evidence_urls"": ""https://link.springer.com/article/10.1186/s12872-025-04753-1; https://pubmed.ncbi.nlm.nih.gov/40335923/; https://github.com/tenayatherapeutics/Genetic-Survival-Analysis-in-UKB; https://doi.org/10.1186/s12872-025-04753-1"", ""identifier"": ""10.1186/s12872-025-04753-1"", ""identifier_type"": ""doi; pmid; title"", ""pub_id"": """", ""source_relation"": ""BMC article code/data availability links the exact GitHub repository and acknowledgements identify unique UKB Application number 84103.""}]",A1_DIRECT_APP_ID,public_metadata_seed; A1_DIRECT_APP_ID; direct_application_id,true,false,false,Dosage_Extraction.ipynb,single_file,,,,,,,,0,evidence/lineages/lineage_tenayatherapeutics_genetic-survival-analysis-in-ukb.md,,,,,,,,,
2025-10-20-uk-biobank,2025-10-20,2025/10/2025-10-20-uk-biobank.md,https://github.com/tenayatherapeutics/Genetic-Survival-Analysis-in-UKB,tenayatherapeutics,Genetic-Survival-Analysis-in-UKB,http_451,lineage_tenayatherapeutics_genetic-survival-analysis-in-ukb,unknown,,Survival_UKB_scripts/Dosage_Extraction_UKB.ipynb,genotype; phenotype; hospital_episode_statistics,,,2025-10-20,Combining genetic proxies of drug targets and time-to-event analyses from longitudinal observational data to identify target patient populations,10.1186/s12872-025-04753-1,40335923,Luke Zhang; Prachi Kulkarni; Farshad Farshidfar; Whit Tingley; Tim Hoey; Whedy Wang; James R. Priest; Sylwia M. Figarska,84103,Genomic approaches to relating cardiovascular structure and function to heart failure for the purposes of drug discovery.,Dr James Priest,Tenaya Therapeutics Inc.,true,confirmed,100,Public metadata seed records a unique repository-publication-application evidence chain.,https://github.com/github/dmca/blob/master/2025/10/2025-10-20-uk-biobank.md; https://github.com/tenayatherapeutics/Genetic-Survival-Analysis-in-UKB/blob/main/Survival_UKB_scripts/Dosage_Extraction_UKB.ipynb; https://github.com/tenayatherapeutics/Genetic-Survival-Analysis-in-UKB; https://link.springer.com/article/10.1186/s12872-025-04753-1; https://pubmed.ncbi.nlm.nih.gov/40335923/; https://doi.org/10.1186/s12872-025-04753-1,target repository owner/uploader only; not attributed to the UKB application team without independent evidence,false,10.1186/s12872-025-04753-1,40335923,Combining genetic proxies of drug targets and time-to-event analyses from longitudinal observational data to identify target patient populations,,84103,1,doi; pmid; title,"[{""app_id"": ""84103"", ""evidence_class"": ""A1_DIRECT_APP_ID"", ""evidence_urls"": ""https://link.springer.com/article/10.1186/s12872-025-04753-1; https://pubmed.ncbi.nlm.nih.gov/40335923/; https://github.com/tenayatherapeutics/Genetic-Survival-Analysis-in-UKB; https://doi.org/10.1186/s12872-025-04753-1"", ""identifier"": ""10.1186/s12872-025-04753-1"", ""identifier_type"": ""doi; pmid; title"", ""pub_id"": """", ""source_relation"": ""BMC article code/data availability links the exact GitHub repository and acknowledgements identify unique UKB Application number 84103.""}]",A1_DIRECT_APP_ID,public_metadata_seed; A1_DIRECT_APP_ID; direct_application_id,true,false,false,Dosage_Extraction_UKB.ipynb,single_file,,,,,,,,0,evidence/lineages/lineage_tenayatherapeutics_genetic-survival-analysis-in-ukb.md,,,,,,,,,
2025-10-20-uk-biobank,2025-10-20,2025/10/2025-10-20-uk-biobank.md,https://github.com/tenayatherapeutics/Genetic-Survival-Analysis-in-UKB,tenayatherapeutics,Genetic-Survival-Analysis-in-UKB,http_451,lineage_tenayatherapeutics_genetic-survival-analysis-in-ukb,unknown,,Survival_UKB_scripts/Surv_Paper_Pheno.ipynb,genotype; phenotype; hospital_episode_statistics,,,2025-10-20,Combining genetic proxies of drug targets and time-to-event analyses from longitudinal observational data to identify target patient populations,10.1186/s12872-025-04753-1,40335923,Luke Zhang; Prachi Kulkarni; Farshad Farshidfar; Whit Tingley; Tim Hoey; Whedy Wang; James R. Priest; Sylwia M. Figarska,84103,Genomic approaches to relating cardiovascular structure and function to heart failure for the purposes of drug discovery.,Dr James Priest,Tenaya Therapeutics Inc.,true,confirmed,100,Public metadata seed records a unique repository-publication-application evidence chain.,https://github.com/github/dmca/blob/master/2025/10/2025-10-20-uk-biobank.md; https://github.com/tenayatherapeutics/Genetic-Survival-Analysis-in-UKB/blob/main/Survival_UKB_scripts/Surv_Paper_Pheno.ipynb; https://github.com/tenayatherapeutics/Genetic-Survival-Analysis-in-UKB; https://link.springer.com/article/10.1186/s12872-025-04753-1; https://pubmed.ncbi.nlm.nih.gov/40335923/; https://doi.org/10.1186/s12872-025-04753-1,target repository owner/uploader only; not attributed to the UKB application team without independent evidence,false,10.1186/s12872-025-04753-1,40335923,Combining genetic proxies of drug targets and time-to-event analyses from longitudinal observational data to identify target patient populations,,84103,1,doi; pmid; title,"[{""app_id"": ""84103"", ""evidence_class"": ""A1_DIRECT_APP_ID"", ""evidence_urls"": ""https://link.springer.com/article/10.1186/s12872-025-04753-1; https://pubmed.ncbi.nlm.nih.gov/40335923/; https://github.com/tenayatherapeutics/Genetic-Survival-Analysis-in-UKB; https://doi.org/10.1186/s12872-025-04753-1"", ""identifier"": ""10.1186/s12872-025-04753-1"", ""identifier_type"": ""doi; pmid; title"", ""pub_id"": """", ""source_relation"": ""BMC article code/data availability links the exact GitHub repository and acknowledgements identify unique UKB Application number 84103.""}]",A1_DIRECT_APP_ID,public_metadata_seed; A1_DIRECT_APP_ID; direct_application_id,true,false,false,Surv_Paper_Pheno.ipynb,single_file,,,,,,,,0,evidence/lineages/lineage_tenayatherapeutics_genetic-survival-analysis-in-ukb.md,,,,,,,,,
2025-10-20-uk-biobank,2025-10-20,2025/10/2025-10-20-uk-biobank.md,https://github.com/tenayatherapeutics/Genetic-Survival-Analysis-in-UKB,tenayatherapeutics,Genetic-Survival-Analysis-in-UKB,http_451,lineage_tenayatherapeutics_genetic-survival-analysis-in-ukb,unknown,,Example/example_CV_outcome.txt,genotype; phenotype; hospital_episode_statistics,,,2025-10-20,Combining genetic proxies of drug targets and time-to-event analyses from longitudinal observational data to identify target patient populations,10.1186/s12872-025-04753-1,40335923,Luke Zhang; Prachi Kulkarni; Farshad Farshidfar; Whit Tingley; Tim Hoey; Whedy Wang; James R. Priest; Sylwia M. Figarska,84103,Genomic approaches to relating cardiovascular structure and function to heart failure for the purposes of drug discovery.,Dr James Priest,Tenaya Therapeutics Inc.,true,confirmed,100,Public metadata seed records a unique repository-publication-application evidence chain.,https://github.com/github/dmca/blob/master/2025/10/2025-10-20-uk-biobank.md; https://github.com/tenayatherapeutics/Genetic-Survival-Analysis-in-UKB/blob/main/Example/example_CV_outcome.txt; https://github.com/tenayatherapeutics/Genetic-Survival-Analysis-in-UKB; https://link.springer.com/article/10.1186/s12872-025-04753-1; https://pubmed.ncbi.nlm.nih.gov/40335923/; https://doi.org/10.1186/s12872-025-04753-1,target repository owner/uploader only; not attributed to the UKB application team without independent evidence,false,10.1186/s12872-025-04753-1,40335923,Combining genetic proxies of drug targets and time-to-event analyses from longitudinal observational data to identify target patient populations,,84103,1,doi; pmid; title,"[{""app_id"": ""84103"", ""evidence_class"": ""A1_DIRECT_APP_ID"", ""evidence_urls"": ""https://link.springer.com/article/10.1186/s12872-025-04753-1; https://pubmed.ncbi.nlm.nih.gov/40335923/; https://github.com/tenayatherapeutics/Genetic-Survival-Analysis-in-UKB; https://doi.org/10.1186/s12872-025-04753-1"", ""identifier"": ""10.1186/s12872-025-04753-1"", ""identifier_type"": ""doi; pmid; title"", ""pub_id"": """", ""source_relation"": ""BMC article code/data availability links the exact GitHub repository and acknowledgements identify unique UKB Application number 84103.""}]",A1_DIRECT_APP_ID,public_metadata_seed; A1_DIRECT_APP_ID; direct_application_id,true,false,false,example_CV_outcome.txt,single_file,,,,,,,,0,evidence/lineages/lineage_tenayatherapeutics_genetic-survival-analysis-in-ukb.md,,,,,,,,,
2025-10-20-uk-biobank,2025-10-20,2025/10/2025-10-20-uk-biobank.md,https://github.com/tenayatherapeutics/Genetic-Survival-Analysis-in-UKB,tenayatherapeutics,Genetic-Survival-Analysis-in-UKB,http_451,lineage_tenayatherapeutics_genetic-survival-analysis-in-ukb,unknown,,Example/example_dosage.txt,genotype; phenotype; hospital_episode_statistics,,,2025-10-20,Combining genetic proxies of drug targets and time-to-event analyses from longitudinal observational data to identify target patient populations,10.1186/s12872-025-04753-1,40335923,Luke Zhang; Prachi Kulkarni; Farshad Farshidfar; Whit Tingley; Tim Hoey; Whedy Wang; James R. Priest; Sylwia M. Figarska,84103,Genomic approaches to relating cardiovascular structure and function to heart failure for the purposes of drug discovery.,Dr James Priest,Tenaya Therapeutics Inc.,true,confirmed,100,Public metadata seed records a unique repository-publication-application evidence chain.,https://github.com/github/dmca/blob/master/2025/10/2025-10-20-uk-biobank.md; https://github.com/tenayatherapeutics/Genetic-Survival-Analysis-in-UKB/blob/main/Example/example_dosage.txt; https://github.com/tenayatherapeutics/Genetic-Survival-Analysis-in-UKB; https://link.springer.com/article/10.1186/s12872-025-04753-1; https://pubmed.ncbi.nlm.nih.gov/40335923/; https://doi.org/10.1186/s12872-025-04753-1,target repository owner/uploader only; not attributed to the UKB application team without independent evidence,false,10.1186/s12872-025-04753-1,40335923,Combining genetic proxies of drug targets and time-to-event analyses from longitudinal observational data to identify target patient populations,,84103,1,doi; pmid; title,"[{""app_id"": ""84103"", ""evidence_class"": ""A1_DIRECT_APP_ID"", ""evidence_urls"": ""https://link.springer.com/article/10.1186/s12872-025-04753-1; https://pubmed.ncbi.nlm.nih.gov/40335923/; https://github.com/tenayatherapeutics/Genetic-Survival-Analysis-in-UKB; https://doi.org/10.1186/s12872-025-04753-1"", ""identifier"": ""10.1186/s12872-025-04753-1"", ""identifier_type"": ""doi; pmid; title"", ""pub_id"": """", ""source_relation"": ""BMC article code/data availability links the exact GitHub repository and acknowledgements identify unique UKB Application number 84103.""}]",A1_DIRECT_APP_ID,public_metadata_seed; A1_DIRECT_APP_ID; direct_application_id,true,false,false,example_dosage.txt,single_file,,,,,,,,0,evidence/lineages/lineage_tenayatherapeutics_genetic-survival-analysis-in-ukb.md,,,,,,,,,
2025-10-20-uk-biobank,2025-10-20,2025/10/2025-10-20-uk-biobank.md,https://github.com/tenayatherapeutics/Genetic-Survival-Analysis-in-UKB,tenayatherapeutics,Genetic-Survival-Analysis-in-UKB,http_451,lineage_tenayatherapeutics_genetic-survival-analysis-in-ukb,unknown,,Example/example_pheno_with_AF_rehospitalization.txt,genotype; phenotype; hospital_episode_statistics,,,2025-10-20,Combining genetic proxies of drug targets and time-to-event analyses from longitudinal observational data to identify target patient populations,10.1186/s12872-025-04753-1,40335923,Luke Zhang; Prachi Kulkarni; Farshad Farshidfar; Whit Tingley; Tim Hoey; Whedy Wang; James R. Priest; Sylwia M. Figarska,84103,Genomic approaches to relating cardiovascular structure and function to heart failure for the purposes of drug discovery.,Dr James Priest,Tenaya Therapeutics Inc.,true,confirmed,100,Public metadata seed records a unique repository-publication-application evidence chain.,https://github.com/github/dmca/blob/master/2025/10/2025-10-20-uk-biobank.md; https://github.com/tenayatherapeutics/Genetic-Survival-Analysis-in-UKB/blob/main/Example/example_pheno_with_AF_rehospitalization.txt; https://github.com/tenayatherapeutics/Genetic-Survival-Analysis-in-UKB; https://link.springer.com/article/10.1186/s12872-025-04753-1; https://pubmed.ncbi.nlm.nih.gov/40335923/; https://doi.org/10.1186/s12872-025-04753-1,target repository owner/uploader only; not attributed to the UKB application team without independent evidence,false,10.1186/s12872-025-04753-1,40335923,Combining genetic proxies of drug targets and time-to-event analyses from longitudinal observational data to identify target patient populations,,84103,1,doi; pmid; title,"[{""app_id"": ""84103"", ""evidence_class"": ""A1_DIRECT_APP_ID"", ""evidence_urls"": ""https://link.springer.com/article/10.1186/s12872-025-04753-1; https://pubmed.ncbi.nlm.nih.gov/40335923/; https://github.com/tenayatherapeutics/Genetic-Survival-Analysis-in-UKB; https://doi.org/10.1186/s12872-025-04753-1"", ""identifier"": ""10.1186/s12872-025-04753-1"", ""identifier_type"": ""doi; pmid; title"", ""pub_id"": """", ""source_relation"": ""BMC article code/data availability links the exact GitHub repository and acknowledgements identify unique UKB Application number 84103.""}]",A1_DIRECT_APP_ID,public_metadata_seed; A1_DIRECT_APP_ID; direct_application_id,true,false,false,example_pheno_with_AF_rehospitalization.txt,single_file,,,,,,,,0,evidence/lineages/lineage_tenayatherapeutics_genetic-survival-analysis-in-ukb.md,,,,,,,,,
2025-10-20-uk-biobank,2025-10-20,2025/10/2025-10-20-uk-biobank.md,https://github.com/tenayatherapeutics/Genetic-Survival-Analysis-in-UKB,tenayatherapeutics,Genetic-Survival-Analysis-in-UKB,http_451,lineage_tenayatherapeutics_genetic-survival-analysis-in-ukb,unknown,,Example/example_dosage.txt,genotype; phenotype; hospital_episode_statistics,,,2025-10-20,Combining genetic proxies of drug targets and time-to-event analyses from longitudinal observational data to identify target patient populations,10.1186/s12872-025-04753-1,40335923,Luke Zhang; Prachi Kulkarni; Farshad Farshidfar; Whit Tingley; Tim Hoey; Whedy Wang; James R. Priest; Sylwia M. Figarska,84103,Genomic approaches to relating cardiovascular structure and function to heart failure for the purposes of drug discovery.,Dr James Priest,Tenaya Therapeutics Inc.,true,confirmed,100,Public metadata seed records a unique repository-publication-application evidence chain.,https://github.com/github/dmca/blob/master/2025/10/2025-10-20-uk-biobank.md; https://github.com/tenayatherapeutics/Genetic-Survival-Analysis-in-UKB/blob/57d4098d69bab490fb8e88a9ceef3d28793316f6/Example/example_dosage.txt; https://github.com/tenayatherapeutics/Genetic-Survival-Analysis-in-UKB; https://link.springer.com/article/10.1186/s12872-025-04753-1; https://pubmed.ncbi.nlm.nih.gov/40335923/; https://doi.org/10.1186/s12872-025-04753-1,target repository owner/uploader only; not attributed to the UKB application team without independent evidence,false,10.1186/s12872-025-04753-1,40335923,Combining genetic proxies of drug targets and time-to-event analyses from longitudinal observational data to identify target patient populations,,84103,1,doi; pmid; title,"[{""app_id"": ""84103"", ""evidence_class"": ""A1_DIRECT_APP_ID"", ""evidence_urls"": ""https://link.springer.com/article/10.1186/s12872-025-04753-1; https://pubmed.ncbi.nlm.nih.gov/40335923/; https://github.com/tenayatherapeutics/Genetic-Survival-Analysis-in-UKB; https://doi.org/10.1186/s12872-025-04753-1"", ""identifier"": ""10.1186/s12872-025-04753-1"", ""identifier_type"": ""doi; pmid; title"", ""pub_id"": """", ""source_relation"": ""BMC article code/data availability links the exact GitHub repository and acknowledgements identify unique UKB Application number 84103.""}]",A1_DIRECT_APP_ID,public_metadata_seed; A1_DIRECT_APP_ID; direct_application_id,true,false,false,example_dosage.txt,single_file,,,,,,,,0,evidence/lineages/lineage_tenayatherapeutics_genetic-survival-analysis-in-ukb.md,,,,,,,,,
2025-10-20-uk-biobank,2025-10-20,2025/10/2025-10-20-uk-biobank.md,https://github.com/tenayatherapeutics/Genetic-Survival-Analysis-in-UKB,tenayatherapeutics,Genetic-Survival-Analysis-in-UKB,http_451,lineage_tenayatherapeutics_genetic-survival-analysis-in-ukb,unknown,,Example/example_before.txt,genotype; phenotype; hospital_episode_statistics,,,2025-10-20,Combining genetic proxies of drug targets and time-to-event analyses from longitudinal observational data to identify target patient populations,10.1186/s12872-025-04753-1,40335923,Luke Zhang; Prachi Kulkarni; Farshad Farshidfar; Whit Tingley; Tim Hoey; Whedy Wang; James R. Priest; Sylwia M. Figarska,84103,Genomic approaches to relating cardiovascular structure and function to heart failure for the purposes of drug discovery.,Dr James Priest,Tenaya Therapeutics Inc.,true,confirmed,100,Public metadata seed records a unique repository-publication-application evidence chain.,https://github.com/github/dmca/blob/master/2025/10/2025-10-20-uk-biobank.md; https://github.com/tenayatherapeutics/Genetic-Survival-Analysis-in-UKB/blob/57d4098d69bab490fb8e88a9ceef3d28793316f6/Example/example_before.txt; https://github.com/tenayatherapeutics/Genetic-Survival-Analysis-in-UKB; https://link.springer.com/article/10.1186/s12872-025-04753-1; https://pubmed.ncbi.nlm.nih.gov/40335923/; https://doi.org/10.1186/s12872-025-04753-1,target repository owner/uploader only; not attributed to the UKB application team without independent evidence,false,10.1186/s12872-025-04753-1,40335923,Combining genetic proxies of drug targets and time-to-event analyses from longitudinal observational data to identify target patient populations,,84103,1,doi; pmid; title,"[{""app_id"": ""84103"", ""evidence_class"": ""A1_DIRECT_APP_ID"", ""evidence_urls"": ""https://link.springer.com/article/10.1186/s12872-025-04753-1; https://pubmed.ncbi.nlm.nih.gov/40335923/; https://github.com/tenayatherapeutics/Genetic-Survival-Analysis-in-UKB; https://doi.org/10.1186/s12872-025-04753-1"", ""identifier"": ""10.1186/s12872-025-04753-1"", ""identifier_type"": ""doi; pmid; title"", ""pub_id"": """", ""source_relation"": ""BMC article code/data availability links the exact GitHub repository and acknowledgements identify unique UKB Application number 84103.""}]",A1_DIRECT_APP_ID,public_metadata_seed; A1_DIRECT_APP_ID; direct_application_id,true,false,false,example_before.txt,single_file,,,,,,,,0,evidence/lineages/lineage_tenayatherapeutics_genetic-survival-analysis-in-ukb.md,,,,,,,,,
2025-10-20-uk-biobank,2025-10-20,2025/10/2025-10-20-uk-biobank.md,https://github.com/tenayatherapeutics/Genetic-Survival-Analysis-in-UKB,tenayatherapeutics,Genetic-Survival-Analysis-in-UKB,http_451,lineage_tenayatherapeutics_genetic-survival-analysis-in-ukb,unknown,,Example/example_CV_outcome,genotype; phenotype; hospital_episode_statistics,,,2025-10-20,Combining genetic proxies of drug targets and time-to-event analyses from longitudinal observational data to identify target patient populations,10.1186/s12872-025-04753-1,40335923,Luke Zhang; Prachi Kulkarni; Farshad Farshidfar; Whit Tingley; Tim Hoey; Whedy Wang; James R. Priest; Sylwia M. Figarska,84103,Genomic approaches to relating cardiovascular structure and function to heart failure for the purposes of drug discovery.,Dr James Priest,Tenaya Therapeutics Inc.,true,confirmed,100,Public metadata seed records a unique repository-publication-application evidence chain.,https://github.com/github/dmca/blob/master/2025/10/2025-10-20-uk-biobank.md; https://github.com/tenayatherapeutics/Genetic-Survival-Analysis-in-UKB/blob/57d4098d69bab490fb8e88a9ceef3d28793316f6/Example/example_CV_outcome; https://github.com/tenayatherapeutics/Genetic-Survival-Analysis-in-UKB; https://link.springer.com/article/10.1186/s12872-025-04753-1; https://pubmed.ncbi.nlm.nih.gov/40335923/; https://doi.org/10.1186/s12872-025-04753-1,target repository owner/uploader only; not attributed to the UKB application team without independent evidence,false,10.1186/s12872-025-04753-1,40335923,Combining genetic proxies of drug targets and time-to-event analyses from longitudinal observational data to identify target patient populations,,84103,1,doi; pmid; title,"[{""app_id"": ""84103"", ""evidence_class"": ""A1_DIRECT_APP_ID"", ""evidence_urls"": ""https://link.springer.com/article/10.1186/s12872-025-04753-1; https://pubmed.ncbi.nlm.nih.gov/40335923/; https://github.com/tenayatherapeutics/Genetic-Survival-Analysis-in-UKB; https://doi.org/10.1186/s12872-025-04753-1"", ""identifier"": ""10.1186/s12872-025-04753-1"", ""identifier_type"": ""doi; pmid; title"", ""pub_id"": """", ""source_relation"": ""BMC article code/data availability links the exact GitHub repository and acknowledgements identify unique UKB Application number 84103.""}]",A1_DIRECT_APP_ID,public_metadata_seed; A1_DIRECT_APP_ID; direct_application_id,true,false,false,example_CV_outcome,single_file,,,,,,,,0,evidence/lineages/lineage_tenayatherapeutics_genetic-survival-analysis-in-ukb.md,,,,,,,,,
2026-03-31-uk-biobank-3,2026-03-31,2026/03/2026-03-31-uk-biobank-3.md,https://github.com/biostatShao/OmniPRS,biostatShao,OmniPRS,http_451,lineage_biostatshao_omniprs,unknown,,example/test.phen,genotype; phenotype; hospital_episode_statistics,,,2026-03-31,Incorporating multiple functional annotations to improve polygenic risk prediction accuracy,10.1016/j.xgen.2025.100850,40239655,Zhonghe Shao; Wangxia Tang; Hongji Wu; Yifan Kong; Xingjie Hao,88159,"Fine-mapping, genetic correlation and genetic risk prediction for complex traits in different populations",,Huazhong University of Science and Technology,true,confirmed,100,Public metadata seed records a unique repository-publication-application evidence chain.,https://github.com/github/dmca/blob/master/2026/03/2026-03-31-uk-biobank-3.md; https://github.com/biostatShao/OmniPRS/blob/e7fd3b519ce8659a915bd277421337b22b542614/example/test.phen; https://github.com/biostatShao/OmniPRS; https://pmc.ncbi.nlm.nih.gov/articles/PMC12230236/; https://www.sciencedirect.com/science/article/pii/S2666979X25001065; https://doi.org/10.1016/j.xgen.2025.100850,target repository owner/uploader only; not attributed to the UKB application team without independent evidence,false,10.1016/j.xgen.2025.100850,40239655,Incorporating multiple functional annotations to improve polygenic risk prediction accuracy,,88159,1,doi; pmid; title,"[{""app_id"": ""88159"", ""evidence_class"": ""A1_DIRECT_APP_ID"", ""evidence_urls"": ""https://pmc.ncbi.nlm.nih.gov/articles/PMC12230236/; https://www.sciencedirect.com/science/article/pii/S2666979X25001065; https://github.com/biostatShao/OmniPRS; https://doi.org/10.1016/j.xgen.2025.100850"", ""identifier"": ""10.1016/j.xgen.2025.100850"", ""identifier_type"": ""doi; pmid; title"", ""pub_id"": """", ""source_relation"": ""Cell Genomics/PMC article links the exact OmniPRS GitHub repository and reports a unique UKB application number 88159.""}]",A1_DIRECT_APP_ID,public_metadata_seed; A1_DIRECT_APP_ID; direct_application_id,true,false,false,test.phen,single_file,,,,,,,,0,evidence/lineages/lineage_biostatshao_omniprs.md,,,,,,,,,
2025-12-01-uk-biobank-2,2025-12-01,2025/12/2025-12-01-uk-biobank-2.md,https://github.com/Sirius-Yang/IMDs_WES,Sirius-Yang,IMDs_WES,http_451,lineage_sirius-yang_imds_wes,unknown,,QC/Step4/ukb_wes_chr_all_king_sample_qc_example.kin0,genotype; hospital_episode_statistics,,,2025-12-01,"Large-scale whole-exome sequencing analyses identified protein-coding variants associated with immune-mediated diseases in 350,770 adults",10.1038/s41467-024-49782-0,39009607,Liu Yang; Ya-Nan Ou; Bang-Sheng Wu; Wei-Shi Liu; Yue-Ting Deng; Xiao-Yu He; Yi-Lin Chen; Jujiao Kang; Chen-Jie Fei; Ying Zhu; Lan Tan; Qiang Dong; Jianfeng Feng; Wei Cheng; Jin-Tai Yu,19542,Identifying multi-level biomarkers and disease mechanisms for major mental disorders,Professor Jianfeng Feng,University of Warwick,true,confirmed,100,Public metadata seed records a unique repository-publication-application evidence chain.,https://github.com/github/dmca/blob/master/2025/12/2025-12-01-uk-biobank-2.md; https://github.com/Sirius-Yang/IMDs_WES/blob/b5c5f22385240a447dae8d0baf0fdb986e50541d/QC/Step4/ukb_wes_chr_all_king_sample_qc_example.kin0; https://github.com/Sirius-Yang/IMDs_WES; https://www.nature.com/articles/s41467-024-49782-0; https://pubmed.ncbi.nlm.nih.gov/39009607/; https://zenodo.org/records/11307851; https://doi.org/10.1038/s41467-024-49782-0,target repository owner/uploader only; not attributed to the UKB application team without independent evidence,false,10.1038/s41467-024-49782-0,39009607,"Large-scale whole-exome sequencing analyses identified protein-coding variants associated with immune-mediated diseases in 350,770 adults",,19542,1,doi; pmid; title,"[{""app_id"": ""19542"", ""evidence_class"": ""A1_DIRECT_APP_ID"", ""evidence_urls"": ""https://www.nature.com/articles/s41467-024-49782-0; https://pubmed.ncbi.nlm.nih.gov/39009607/; https://zenodo.org/records/11307851; https://github.com/Sirius-Yang/IMDs_WES; https://doi.org/10.1038/s41467-024-49782-0"", ""identifier"": ""10.1038/s41467-024-49782-0"", ""identifier_type"": ""doi; pmid; title"", ""pub_id"": """", ""source_relation"": ""Nature Communications code availability and Zenodo software metadata link the exact GitHub repository; article methods/data availability identify unique UKB project/application number 19542.""}]",A1_DIRECT_APP_ID,public_metadata_seed; A1_DIRECT_APP_ID; direct_application_id,true,false,false,ukb_wes_chr_all_king_sample_qc_example.kin0,single_file,,,,,,,,0,evidence/lineages/lineage_sirius-yang_imds_wes.md,,,,,,,,,
2025-12-01-uk-biobank-2,2025-12-01,2025/12/2025-12-01-uk-biobank-2.md,https://github.com/Sirius-Yang/IMDs_WES,Sirius-Yang,IMDs_WES,http_451,lineage_sirius-yang_imds_wes,unknown,,QC/Step4/ukb_wes_chr_all_king_sample_qc.kin0,genotype; hospital_episode_statistics,,,2025-12-01,"Large-scale whole-exome sequencing analyses identified protein-coding variants associated with immune-mediated diseases in 350,770 adults",10.1038/s41467-024-49782-0,39009607,Liu Yang; Ya-Nan Ou; Bang-Sheng Wu; Wei-Shi Liu; Yue-Ting Deng; Xiao-Yu He; Yi-Lin Chen; Jujiao Kang; Chen-Jie Fei; Ying Zhu; Lan Tan; Qiang Dong; Jianfeng Feng; Wei Cheng; Jin-Tai Yu,19542,Identifying multi-level biomarkers and disease mechanisms for major mental disorders,Professor Jianfeng Feng,University of Warwick,true,confirmed,100,Public metadata seed records a unique repository-publication-application evidence chain.,https://github.com/github/dmca/blob/master/2025/12/2025-12-01-uk-biobank-2.md; https://github.com/Sirius-Yang/IMDs_WES/blob/88c851e9b48f198cea156c505109c628ea0f15f1/QC/Step4/ukb_wes_chr_all_king_sample_qc.kin0; https://github.com/Sirius-Yang/IMDs_WES; https://www.nature.com/articles/s41467-024-49782-0; https://pubmed.ncbi.nlm.nih.gov/39009607/; https://zenodo.org/records/11307851; https://doi.org/10.1038/s41467-024-49782-0,target repository owner/uploader only; not attributed to the UKB application team without independent evidence,false,10.1038/s41467-024-49782-0,39009607,"Large-scale whole-exome sequencing analyses identified protein-coding variants associated with immune-mediated diseases in 350,770 adults",,19542,1,doi; pmid; title,"[{""app_id"": ""19542"", ""evidence_class"": ""A1_DIRECT_APP_ID"", ""evidence_urls"": ""https://www.nature.com/articles/s41467-024-49782-0; https://pubmed.ncbi.nlm.nih.gov/39009607/; https://zenodo.org/records/11307851; https://github.com/Sirius-Yang/IMDs_WES; https://doi.org/10.1038/s41467-024-49782-0"", ""identifier"": ""10.1038/s41467-024-49782-0"", ""identifier_type"": ""doi; pmid; title"", ""pub_id"": """", ""source_relation"": ""Nature Communications code availability and Zenodo software metadata link the exact GitHub repository; article methods/data availability identify unique UKB project/application number 19542.""}]",A1_DIRECT_APP_ID,public_metadata_seed; A1_DIRECT_APP_ID; direct_application_id,true,false,false,ukb_wes_chr_all_king_sample_qc.kin0,single_file,,,,,,,,0,evidence/lineages/lineage_sirius-yang_imds_wes.md,,,,,,,,,
2025-12-01-uk-biobank-2,2025-12-01,2025/12/2025-12-01-uk-biobank-2.md,https://github.com/Sirius-Yang/IMDs_WES,Sirius-Yang,IMDs_WES,http_451,lineage_sirius-yang_imds_wes,unknown,,QC/Step3/ukb_wes_chr11_sample_qc_example.scount,genotype; hospital_episode_statistics,,,2025-12-01,"Large-scale whole-exome sequencing analyses identified protein-coding variants associated with immune-mediated diseases in 350,770 adults",10.1038/s41467-024-49782-0,39009607,Liu Yang; Ya-Nan Ou; Bang-Sheng Wu; Wei-Shi Liu; Yue-Ting Deng; Xiao-Yu He; Yi-Lin Chen; Jujiao Kang; Chen-Jie Fei; Ying Zhu; Lan Tan; Qiang Dong; Jianfeng Feng; Wei Cheng; Jin-Tai Yu,19542,Identifying multi-level biomarkers and disease mechanisms for major mental disorders,Professor Jianfeng Feng,University of Warwick,true,confirmed,100,Public metadata seed records a unique repository-publication-application evidence chain.,https://github.com/github/dmca/blob/master/2025/12/2025-12-01-uk-biobank-2.md; https://github.com/Sirius-Yang/IMDs_WES/blob/4569154fd8536efa13e3c0d92cfb2195fd2572c9/QC/Step3/ukb_wes_chr11_sample_qc_example.scount; https://github.com/Sirius-Yang/IMDs_WES; https://www.nature.com/articles/s41467-024-49782-0; https://pubmed.ncbi.nlm.nih.gov/39009607/; https://zenodo.org/records/11307851; https://doi.org/10.1038/s41467-024-49782-0,target repository owner/uploader only; not attributed to the UKB application team without independent evidence,false,10.1038/s41467-024-49782-0,39009607,"Large-scale whole-exome sequencing analyses identified protein-coding variants associated with immune-mediated diseases in 350,770 adults",,19542,1,doi; pmid; title,"[{""app_id"": ""19542"", ""evidence_class"": ""A1_DIRECT_APP_ID"", ""evidence_urls"": ""https://www.nature.com/articles/s41467-024-49782-0; https://pubmed.ncbi.nlm.nih.gov/39009607/; https://zenodo.org/records/11307851; https://github.com/Sirius-Yang/IMDs_WES; https://doi.org/10.1038/s41467-024-49782-0"", ""identifier"": ""10.1038/s41467-024-49782-0"", ""identifier_type"": ""doi; pmid; title"", ""pub_id"": """", ""source_relation"": ""Nature Communications code availability and Zenodo software metadata link the exact GitHub repository; article methods/data availability identify unique UKB project/application number 19542.""}]",A1_DIRECT_APP_ID,public_metadata_seed; A1_DIRECT_APP_ID; direct_application_id,true,false,false,ukb_wes_chr11_sample_qc_example.scount,single_file,,,,,,,,0,evidence/lineages/lineage_sirius-yang_imds_wes.md,,,,,,,,,
2025-12-01-uk-biobank-2,2025-12-01,2025/12/2025-12-01-uk-biobank-2.md,https://github.com/Sirius-Yang/IMDs_WES,Sirius-Yang,IMDs_WES,http_451,lineage_sirius-yang_imds_wes,unknown,,QC/Step4/king_example.con,genotype; hospital_episode_statistics,,,2025-12-01,"Large-scale whole-exome sequencing analyses identified protein-coding variants associated with immune-mediated diseases in 350,770 adults",10.1038/s41467-024-49782-0,39009607,Liu Yang; Ya-Nan Ou; Bang-Sheng Wu; Wei-Shi Liu; Yue-Ting Deng; Xiao-Yu He; Yi-Lin Chen; Jujiao Kang; Chen-Jie Fei; Ying Zhu; Lan Tan; Qiang Dong; Jianfeng Feng; Wei Cheng; Jin-Tai Yu,19542,Identifying multi-level biomarkers and disease mechanisms for major mental disorders,Professor Jianfeng Feng,University of Warwick,true,confirmed,100,Public metadata seed records a unique repository-publication-application evidence chain.,https://github.com/github/dmca/blob/master/2025/12/2025-12-01-uk-biobank-2.md; https://github.com/Sirius-Yang/IMDs_WES/blob/705ebe6d34fea3ec769b9b0084a8f90f922b0512/QC/Step4/king_example.con; https://github.com/Sirius-Yang/IMDs_WES; https://www.nature.com/articles/s41467-024-49782-0; https://pubmed.ncbi.nlm.nih.gov/39009607/; https://zenodo.org/records/11307851; https://doi.org/10.1038/s41467-024-49782-0,target repository owner/uploader only; not attributed to the UKB application team without independent evidence,false,10.1038/s41467-024-49782-0,39009607,"Large-scale whole-exome sequencing analyses identified protein-coding variants associated with immune-mediated diseases in 350,770 adults",,19542,1,doi; pmid; title,"[{""app_id"": ""19542"", ""evidence_class"": ""A1_DIRECT_APP_ID"", ""evidence_urls"": ""https://www.nature.com/articles/s41467-024-49782-0; https://pubmed.ncbi.nlm.nih.gov/39009607/; https://zenodo.org/records/11307851; https://github.com/Sirius-Yang/IMDs_WES; https://doi.org/10.1038/s41467-024-49782-0"", ""identifier"": ""10.1038/s41467-024-49782-0"", ""identifier_type"": ""doi; pmid; title"", ""pub_id"": """", ""source_relation"": ""Nature Communications code availability and Zenodo software metadata link the exact GitHub repository; article methods/data availability identify unique UKB project/application number 19542.""}]",A1_DIRECT_APP_ID,public_metadata_seed; A1_DIRECT_APP_ID; direct_application_id,true,false,false,king_example.con,single_file,,,,,,,,0,evidence/lineages/lineage_sirius-yang_imds_wes.md,,,,,,,,,
2025-12-01-uk-biobank-2,2025-12-01,2025/12/2025-12-01-uk-biobank-2.md,https://github.com/Sirius-Yang/IMDs_WES,Sirius-Yang,IMDs_WES,http_451,lineage_sirius-yang_imds_wes,unknown,,QC/Step3/non_retracted_and_sex_qc_filtered_example.txt,genotype; hospital_episode_statistics,,,2025-12-01,"Large-scale whole-exome sequencing analyses identified protein-coding variants associated with immune-mediated diseases in 350,770 adults",10.1038/s41467-024-49782-0,39009607,Liu Yang; Ya-Nan Ou; Bang-Sheng Wu; Wei-Shi Liu; Yue-Ting Deng; Xiao-Yu He; Yi-Lin Chen; Jujiao Kang; Chen-Jie Fei; Ying Zhu; Lan Tan; Qiang Dong; Jianfeng Feng; Wei Cheng; Jin-Tai Yu,19542,Identifying multi-level biomarkers and disease mechanisms for major mental disorders,Professor Jianfeng Feng,University of Warwick,true,confirmed,100,Public metadata seed records a unique repository-publication-application evidence chain.,https://github.com/github/dmca/blob/master/2025/12/2025-12-01-uk-biobank-2.md; https://github.com/Sirius-Yang/IMDs_WES/blob/1fc8786e8a99499106f809247aa4c7ae499c4ede/QC/Step3/non_retracted_and_sex_qc_filtered_example.txt; https://github.com/Sirius-Yang/IMDs_WES; https://www.nature.com/articles/s41467-024-49782-0; https://pubmed.ncbi.nlm.nih.gov/39009607/; https://zenodo.org/records/11307851; https://doi.org/10.1038/s41467-024-49782-0,target repository owner/uploader only; not attributed to the UKB application team without independent evidence,false,10.1038/s41467-024-49782-0,39009607,"Large-scale whole-exome sequencing analyses identified protein-coding variants associated with immune-mediated diseases in 350,770 adults",,19542,1,doi; pmid; title,"[{""app_id"": ""19542"", ""evidence_class"": ""A1_DIRECT_APP_ID"", ""evidence_urls"": ""https://www.nature.com/articles/s41467-024-49782-0; https://pubmed.ncbi.nlm.nih.gov/39009607/; https://zenodo.org/records/11307851; https://github.com/Sirius-Yang/IMDs_WES; https://doi.org/10.1038/s41467-024-49782-0"", ""identifier"": ""10.1038/s41467-024-49782-0"", ""identifier_type"": ""doi; pmid; title"", ""pub_id"": """", ""source_relation"": ""Nature Communications code availability and Zenodo software metadata link the exact GitHub repository; article methods/data availability identify unique UKB project/application number 19542.""}]",A1_DIRECT_APP_ID,public_metadata_seed; A1_DIRECT_APP_ID; direct_application_id,true,false,false,non_retracted_and_sex_qc_filtered_example.txt,single_file,,,,,,,,0,evidence/lineages/lineage_sirius-yang_imds_wes.md,,,,,,,,,
2025-12-01-uk-biobank-2,2025-12-01,2025/12/2025-12-01-uk-biobank-2.md,https://github.com/Sirius-Yang/IMDs_WES,Sirius-Yang,IMDs_WES,http_451,lineage_sirius-yang_imds_wes,unknown,,QC/Stepnon_retracted_and_sex_qc_filtered_example.txt,genotype; hospital_episode_statistics,,,2025-12-01,"Large-scale whole-exome sequencing analyses identified protein-coding variants associated with immune-mediated diseases in 350,770 adults",10.1038/s41467-024-49782-0,39009607,Liu Yang; Ya-Nan Ou; Bang-Sheng Wu; Wei-Shi Liu; Yue-Ting Deng; Xiao-Yu He; Yi-Lin Chen; Jujiao Kang; Chen-Jie Fei; Ying Zhu; Lan Tan; Qiang Dong; Jianfeng Feng; Wei Cheng; Jin-Tai Yu,19542,Identifying multi-level biomarkers and disease mechanisms for major mental disorders,Professor Jianfeng Feng,University of Warwick,true,confirmed,100,Public metadata seed records a unique repository-publication-application evidence chain.,https://github.com/github/dmca/blob/master/2025/12/2025-12-01-uk-biobank-2.md; https://github.com/Sirius-Yang/IMDs_WES/blob/f214e38c7526854348ed69a33e30f97d5d0960e6/QC/Stepnon_retracted_and_sex_qc_filtered_example.txt; https://github.com/Sirius-Yang/IMDs_WES; https://www.nature.com/articles/s41467-024-49782-0; https://pubmed.ncbi.nlm.nih.gov/39009607/; https://zenodo.org/records/11307851; https://doi.org/10.1038/s41467-024-49782-0,target repository owner/uploader only; not attributed to the UKB application team without independent evidence,false,10.1038/s41467-024-49782-0,39009607,"Large-scale whole-exome sequencing analyses identified protein-coding variants associated with immune-mediated diseases in 350,770 adults",,19542,1,doi; pmid; title,"[{""app_id"": ""19542"", ""evidence_class"": ""A1_DIRECT_APP_ID"", ""evidence_urls"": ""https://www.nature.com/articles/s41467-024-49782-0; https://pubmed.ncbi.nlm.nih.gov/39009607/; https://zenodo.org/records/11307851; https://github.com/Sirius-Yang/IMDs_WES; https://doi.org/10.1038/s41467-024-49782-0"", ""identifier"": ""10.1038/s41467-024-49782-0"", ""identifier_type"": ""doi; pmid; title"", ""pub_id"": """", ""source_relation"": ""Nature Communications code availability and Zenodo software metadata link the exact GitHub repository; article methods/data availability identify unique UKB project/application number 19542.""}]",A1_DIRECT_APP_ID,public_metadata_seed; A1_DIRECT_APP_ID; direct_application_id,true,false,false,Stepnon_retracted_and_sex_qc_filtered_example.txt,single_file,,,,,,,,0,evidence/lineages/lineage_sirius-yang_imds_wes.md,,,,,,,,,
2025-12-01-uk-biobank-2,2025-12-01,2025/12/2025-12-01-uk-biobank-2.md,https://github.com/Sirius-Yang/IMDs_WES,Sirius-Yang,IMDs_WES,http_451,lineage_sirius-yang_imds_wes,unknown,,QC/Step3/head,genotype; hospital_episode_statistics,,,2025-12-01,"Large-scale whole-exome sequencing analyses identified protein-coding variants associated with immune-mediated diseases in 350,770 adults",10.1038/s41467-024-49782-0,39009607,Liu Yang; Ya-Nan Ou; Bang-Sheng Wu; Wei-Shi Liu; Yue-Ting Deng; Xiao-Yu He; Yi-Lin Chen; Jujiao Kang; Chen-Jie Fei; Ying Zhu; Lan Tan; Qiang Dong; Jianfeng Feng; Wei Cheng; Jin-Tai Yu,19542,Identifying multi-level biomarkers and disease mechanisms for major mental disorders,Professor Jianfeng Feng,University of Warwick,true,confirmed,100,Public metadata seed records a unique repository-publication-application evidence chain.,https://github.com/github/dmca/blob/master/2025/12/2025-12-01-uk-biobank-2.md; https://github.com/Sirius-Yang/IMDs_WES/blob/c8d24849d3c95588f591371e90d98876f22f88f5/QC/Step3/head; https://github.com/Sirius-Yang/IMDs_WES; https://www.nature.com/articles/s41467-024-49782-0; https://pubmed.ncbi.nlm.nih.gov/39009607/; https://zenodo.org/records/11307851; https://doi.org/10.1038/s41467-024-49782-0,target repository owner/uploader only; not attributed to the UKB application team without independent evidence,false,10.1038/s41467-024-49782-0,39009607,"Large-scale whole-exome sequencing analyses identified protein-coding variants associated with immune-mediated diseases in 350,770 adults",,19542,1,doi; pmid; title,"[{""app_id"": ""19542"", ""evidence_class"": ""A1_DIRECT_APP_ID"", ""evidence_urls"": ""https://www.nature.com/articles/s41467-024-49782-0; https://pubmed.ncbi.nlm.nih.gov/39009607/; https://zenodo.org/records/11307851; https://github.com/Sirius-Yang/IMDs_WES; https://doi.org/10.1038/s41467-024-49782-0"", ""identifier"": ""10.1038/s41467-024-49782-0"", ""identifier_type"": ""doi; pmid; title"", ""pub_id"": """", ""source_relation"": ""Nature Communications code availability and Zenodo software metadata link the exact GitHub repository; article methods/data availability identify unique UKB project/application number 19542.""}]",A1_DIRECT_APP_ID,public_metadata_seed; A1_DIRECT_APP_ID; direct_application_id,true,false,false,head,single_file,,,,,,,,0,evidence/lineages/lineage_sirius-yang_imds_wes.md,,,,,,,,,
2025-12-01-uk-biobank-2,2025-12-01,2025/12/2025-12-01-uk-biobank-2.md,https://github.com/Sirius-Yang/IMDs_WES,Sirius-Yang,IMDs_WES,http_451,lineage_sirius-yang_imds_wes,unknown,,QC/Step4/ukb_wes_chr_all_king_sample_qc_final_unrelated_example.eigenval,genotype; hospital_episode_statistics,,,2025-12-01,"Large-scale whole-exome sequencing analyses identified protein-coding variants associated with immune-mediated diseases in 350,770 adults",10.1038/s41467-024-49782-0,39009607,Liu Yang; Ya-Nan Ou; Bang-Sheng Wu; Wei-Shi Liu; Yue-Ting Deng; Xiao-Yu He; Yi-Lin Chen; Jujiao Kang; Chen-Jie Fei; Ying Zhu; Lan Tan; Qiang Dong; Jianfeng Feng; Wei Cheng; Jin-Tai Yu,19542,Identifying multi-level biomarkers and disease mechanisms for major mental disorders,Professor Jianfeng Feng,University of Warwick,true,confirmed,100,Public metadata seed records a unique repository-publication-application evidence chain.,https://github.com/github/dmca/blob/master/2025/12/2025-12-01-uk-biobank-2.md; https://github.com/Sirius-Yang/IMDs_WES/blob/7a2acb497cfe1232ef8c5fe03a8e16b291b9cdbf/QC/Step4/ukb_wes_chr_all_king_sample_qc_final_unrelated_example.eigenval; https://github.com/Sirius-Yang/IMDs_WES; https://www.nature.com/articles/s41467-024-49782-0; https://pubmed.ncbi.nlm.nih.gov/39009607/; https://zenodo.org/records/11307851; https://doi.org/10.1038/s41467-024-49782-0,target repository owner/uploader only; not attributed to the UKB application team without independent evidence,false,10.1038/s41467-024-49782-0,39009607,"Large-scale whole-exome sequencing analyses identified protein-coding variants associated with immune-mediated diseases in 350,770 adults",,19542,1,doi; pmid; title,"[{""app_id"": ""19542"", ""evidence_class"": ""A1_DIRECT_APP_ID"", ""evidence_urls"": ""https://www.nature.com/articles/s41467-024-49782-0; https://pubmed.ncbi.nlm.nih.gov/39009607/; https://zenodo.org/records/11307851; https://github.com/Sirius-Yang/IMDs_WES; https://doi.org/10.1038/s41467-024-49782-0"", ""identifier"": ""10.1038/s41467-024-49782-0"", ""identifier_type"": ""doi; pmid; title"", ""pub_id"": """", ""source_relation"": ""Nature Communications code availability and Zenodo software metadata link the exact GitHub repository; article methods/data availability identify unique UKB project/application number 19542.""}]",A1_DIRECT_APP_ID,public_metadata_seed; A1_DIRECT_APP_ID; direct_application_id,true,false,false,ukb_wes_chr_all_king_sample_qc_final_unrelated_example.eigenval,single_file,,,,,,,,0,evidence/lineages/lineage_sirius-yang_imds_wes.md,,,,,,,,,
2025-12-01-uk-biobank-2,2025-12-01,2025/12/2025-12-01-uk-biobank-2.md,https://github.com/Sirius-Yang/IMDs_WES,Sirius-Yang,IMDs_WES,http_451,lineage_sirius-yang_imds_wes,unknown,,QC/Step3/sample_qc_final_keep_example.txt,genotype; hospital_episode_statistics,,,2025-12-01,"Large-scale whole-exome sequencing analyses identified protein-coding variants associated with immune-mediated diseases in 350,770 adults",10.1038/s41467-024-49782-0,39009607,Liu Yang; Ya-Nan Ou; Bang-Sheng Wu; Wei-Shi Liu; Yue-Ting Deng; Xiao-Yu He; Yi-Lin Chen; Jujiao Kang; Chen-Jie Fei; Ying Zhu; Lan Tan; Qiang Dong; Jianfeng Feng; Wei Cheng; Jin-Tai Yu,19542,Identifying multi-level biomarkers and disease mechanisms for major mental disorders,Professor Jianfeng Feng,University of Warwick,true,confirmed,100,Public metadata seed records a unique repository-publication-application evidence chain.,https://github.com/github/dmca/blob/master/2025/12/2025-12-01-uk-biobank-2.md; https://github.com/Sirius-Yang/IMDs_WES/blob/7327cc7176c03a9143132df3e57f0c30a7d96084/QC/Step3/sample_qc_final_keep_example.txt; https://github.com/Sirius-Yang/IMDs_WES; https://www.nature.com/articles/s41467-024-49782-0; https://pubmed.ncbi.nlm.nih.gov/39009607/; https://zenodo.org/records/11307851; https://doi.org/10.1038/s41467-024-49782-0,target repository owner/uploader only; not attributed to the UKB application team without independent evidence,false,10.1038/s41467-024-49782-0,39009607,"Large-scale whole-exome sequencing analyses identified protein-coding variants associated with immune-mediated diseases in 350,770 adults",,19542,1,doi; pmid; title,"[{""app_id"": ""19542"", ""evidence_class"": ""A1_DIRECT_APP_ID"", ""evidence_urls"": ""https://www.nature.com/articles/s41467-024-49782-0; https://pubmed.ncbi.nlm.nih.gov/39009607/; https://zenodo.org/records/11307851; https://github.com/Sirius-Yang/IMDs_WES; https://doi.org/10.1038/s41467-024-49782-0"", ""identifier"": ""10.1038/s41467-024-49782-0"", ""identifier_type"": ""doi; pmid; title"", ""pub_id"": """", ""source_relation"": ""Nature Communications code availability and Zenodo software metadata link the exact GitHub repository; article methods/data availability identify unique UKB project/application number 19542.""}]",A1_DIRECT_APP_ID,public_metadata_seed; A1_DIRECT_APP_ID; direct_application_id,true,false,false,sample_qc_final_keep_example.txt,single_file,,,,,,,,0,evidence/lineages/lineage_sirius-yang_imds_wes.md,,,,,,,,,
2025-12-01-uk-biobank-2,2025-12-01,2025/12/2025-12-01-uk-biobank-2.md,https://github.com/Sirius-Yang/IMDs_WES,Sirius-Yang,IMDs_WES,http_451,lineage_sirius-yang_imds_wes,unknown,,PostAnalysis/conditional.R,genotype; hospital_episode_statistics,,,2025-12-01,"Large-scale whole-exome sequencing analyses identified protein-coding variants associated with immune-mediated diseases in 350,770 adults",10.1038/s41467-024-49782-0,39009607,Liu Yang; Ya-Nan Ou; Bang-Sheng Wu; Wei-Shi Liu; Yue-Ting Deng; Xiao-Yu He; Yi-Lin Chen; Jujiao Kang; Chen-Jie Fei; Ying Zhu; Lan Tan; Qiang Dong; Jianfeng Feng; Wei Cheng; Jin-Tai Yu,19542,Identifying multi-level biomarkers and disease mechanisms for major mental disorders,Professor Jianfeng Feng,University of Warwick,true,confirmed,100,Public metadata seed records a unique repository-publication-application evidence chain.,https://github.com/github/dmca/blob/master/2025/12/2025-12-01-uk-biobank-2.md; https://github.com/Sirius-Yang/IMDs_WES/blob/5923d751916249d87435632333be6cb4d7002956/PostAnalysis/conditional.R; https://github.com/Sirius-Yang/IMDs_WES; https://www.nature.com/articles/s41467-024-49782-0; https://pubmed.ncbi.nlm.nih.gov/39009607/; https://zenodo.org/records/11307851; https://doi.org/10.1038/s41467-024-49782-0,target repository owner/uploader only; not attributed to the UKB application team without independent evidence,false,10.1038/s41467-024-49782-0,39009607,"Large-scale whole-exome sequencing analyses identified protein-coding variants associated with immune-mediated diseases in 350,770 adults",,19542,1,doi; pmid; title,"[{""app_id"": ""19542"", ""evidence_class"": ""A1_DIRECT_APP_ID"", ""evidence_urls"": ""https://www.nature.com/articles/s41467-024-49782-0; https://pubmed.ncbi.nlm.nih.gov/39009607/; https://zenodo.org/records/11307851; https://github.com/Sirius-Yang/IMDs_WES; https://doi.org/10.1038/s41467-024-49782-0"", ""identifier"": ""10.1038/s41467-024-49782-0"", ""identifier_type"": ""doi; pmid; title"", ""pub_id"": """", ""source_relation"": ""Nature Communications code availability and Zenodo software metadata link the exact GitHub repository; article methods/data availability identify unique UKB project/application number 19542.""}]",A1_DIRECT_APP_ID,public_metadata_seed; A1_DIRECT_APP_ID; direct_application_id,true,false,false,conditional.R,single_file,,,,,,,,0,evidence/lineages/lineage_sirius-yang_imds_wes.md,,,,,,,,,
2025-12-01-uk-biobank-2,2025-12-01,2025/12/2025-12-01-uk-biobank-2.md,https://github.com/Sirius-Yang/IMDs_WES,Sirius-Yang,IMDs_WES,http_451,lineage_sirius-yang_imds_wes,unknown,,QC/QC_Step3.bash,genotype; hospital_episode_statistics,,,2025-12-01,"Large-scale whole-exome sequencing analyses identified protein-coding variants associated with immune-mediated diseases in 350,770 adults",10.1038/s41467-024-49782-0,39009607,Liu Yang; Ya-Nan Ou; Bang-Sheng Wu; Wei-Shi Liu; Yue-Ting Deng; Xiao-Yu He; Yi-Lin Chen; Jujiao Kang; Chen-Jie Fei; Ying Zhu; Lan Tan; Qiang Dong; Jianfeng Feng; Wei Cheng; Jin-Tai Yu,19542,Identifying multi-level biomarkers and disease mechanisms for major mental disorders,Professor Jianfeng Feng,University of Warwick,true,confirmed,100,Public metadata seed records a unique repository-publication-application evidence chain.,https://github.com/github/dmca/blob/master/2025/12/2025-12-01-uk-biobank-2.md; https://github.com/Sirius-Yang/IMDs_WES/blob/5923d751916249d87435632333be6cb4d7002956/QC/QC_Step3.bash; https://github.com/Sirius-Yang/IMDs_WES; https://www.nature.com/articles/s41467-024-49782-0; https://pubmed.ncbi.nlm.nih.gov/39009607/; https://zenodo.org/records/11307851; https://doi.org/10.1038/s41467-024-49782-0,target repository owner/uploader only; not attributed to the UKB application team without independent evidence,false,10.1038/s41467-024-49782-0,39009607,"Large-scale whole-exome sequencing analyses identified protein-coding variants associated with immune-mediated diseases in 350,770 adults",,19542,1,doi; pmid; title,"[{""app_id"": ""19542"", ""evidence_class"": ""A1_DIRECT_APP_ID"", ""evidence_urls"": ""https://www.nature.com/articles/s41467-024-49782-0; https://pubmed.ncbi.nlm.nih.gov/39009607/; https://zenodo.org/records/11307851; https://github.com/Sirius-Yang/IMDs_WES; https://doi.org/10.1038/s41467-024-49782-0"", ""identifier"": ""10.1038/s41467-024-49782-0"", ""identifier_type"": ""doi; pmid; title"", ""pub_id"": """", ""source_relation"": ""Nature Communications code availability and Zenodo software metadata link the exact GitHub repository; article methods/data availability identify unique UKB project/application number 19542.""}]",A1_DIRECT_APP_ID,public_metadata_seed; A1_DIRECT_APP_ID; direct_application_id,true,false,false,QC_Step3.bash,single_file,,,,,,,,0,evidence/lineages/lineage_sirius-yang_imds_wes.md,,,,,,,,,
2025-11-13-uk-biobank-7,2025-11-13,2025/11/2025-11-13-uk-biobank-7.md,https://github.com/hakyimlab/ptrs-ukb,hakyimlab,ptrs-ukb,http_451,lineage_hakyimlab_ptrs-ukb,unknown,,notebook/first_attempt_on_hail.ipynb,genotype; phenotype; hospital_episode_statistics; gwas,,,2025-11-13,Polygenic transcriptome risk scores (PTRS) can improve portability of polygenic risk scores across ancestries,10.1186/s13059-021-02591-w,,Yanyu Liang; Milton Pividori; Ani Manichaikul; Abraham A. Palmer; Nancy J. Cox; Heather E. Wheeler; Hae Kyung Im,19526,Phenomewide scan of gene level associations,Dr Hae Kyung Im,University of Chicago,true,probable,85,Public metadata seed records strong but non-deterministic repository-publication-application evidence.,https://github.com/github/dmca/blob/master/2025/11/2025-11-13-uk-biobank-7.md; https://github.com/hakyimlab/ptrs-ukb/blob/master/notebook/first_attempt_on_hail.ipynb; https://github.com/hakyimlab/ptrs-ukb; https://link.springer.com/article/10.1186/s13059-021-02591-w; https://pmc.ncbi.nlm.nih.gov/articles/PMC8759285/; https://github.com/liangyy/ptrs-ukb; https://doi.org/10.1186/s13059-021-02591-w,target repository owner/uploader only; not attributed to the UKB application team without independent evidence,true,10.1186/s13059-021-02591-w,,Polygenic transcriptome risk scores (PTRS) can improve portability of polygenic risk scores across ancestries,,19526,1,doi; title,"[{""app_id"": ""19526"", ""evidence_class"": ""B1_AUTHOR_LAB_PROJECT_NAME_TOPIC_CONSISTENCY"", ""evidence_urls"": ""https://link.springer.com/article/10.1186/s13059-021-02591-w; https://pmc.ncbi.nlm.nih.gov/articles/PMC8759285/; https://github.com/liangyy/ptrs-ukb; https://doi.org/10.1186/s13059-021-02591-w"", ""identifier"": ""10.1186/s13059-021-02591-w"", ""identifier_type"": ""doi; title"", ""pub_id"": """", ""source_relation"": ""Genome Biology article links source code to liangyy/ptrs-ukb and reports UKB Application Number 19526; DMCA target hakyimlab/PTRS-UKB matches senior-lab identity and project name but lacks GitHub fork/source proof.""}]",B1_AUTHOR_LAB_PROJECT_NAME_TOPIC_CONSISTENCY,public_metadata_seed; B1_AUTHOR_LAB_PROJECT_NAME_TOPIC_CONSISTENCY,false,false,false,first_attempt_on_hail.ipynb,single_file,,,,,,,,0,evidence/lineages/lineage_hakyimlab_ptrs-ukb.md,,,,,,,,,
2025-11-13-uk-biobank-7,2025-11-13,2025/11/2025-11-13-uk-biobank-7.md,https://github.com/hakyimlab/ptrs-ukb,hakyimlab,ptrs-ukb,http_451,lineage_hakyimlab_ptrs-ukb,unknown,,notebook/first_look_at_prs.ipynb,genotype; phenotype; hospital_episode_statistics; gwas,,,2025-11-13,Polygenic transcriptome risk scores (PTRS) can improve portability of polygenic risk scores across ancestries,10.1186/s13059-021-02591-w,,Yanyu Liang; Milton Pividori; Ani Manichaikul; Abraham A. Palmer; Nancy J. Cox; Heather E. Wheeler; Hae Kyung Im,19526,Phenomewide scan of gene level associations,Dr Hae Kyung Im,University of Chicago,true,probable,85,Public metadata seed records strong but non-deterministic repository-publication-application evidence.,https://github.com/github/dmca/blob/master/2025/11/2025-11-13-uk-biobank-7.md; https://github.com/hakyimlab/ptrs-ukb/blob/master/notebook/first_look_at_prs.ipynb; https://github.com/hakyimlab/ptrs-ukb; https://link.springer.com/article/10.1186/s13059-021-02591-w; https://pmc.ncbi.nlm.nih.gov/articles/PMC8759285/; https://github.com/liangyy/ptrs-ukb; https://doi.org/10.1186/s13059-021-02591-w,target repository owner/uploader only; not attributed to the UKB application team without independent evidence,true,10.1186/s13059-021-02591-w,,Polygenic transcriptome risk scores (PTRS) can improve portability of polygenic risk scores across ancestries,,19526,1,doi; title,"[{""app_id"": ""19526"", ""evidence_class"": ""B1_AUTHOR_LAB_PROJECT_NAME_TOPIC_CONSISTENCY"", ""evidence_urls"": ""https://link.springer.com/article/10.1186/s13059-021-02591-w; https://pmc.ncbi.nlm.nih.gov/articles/PMC8759285/; https://github.com/liangyy/ptrs-ukb; https://doi.org/10.1186/s13059-021-02591-w"", ""identifier"": ""10.1186/s13059-021-02591-w"", ""identifier_type"": ""doi; title"", ""pub_id"": """", ""source_relation"": ""Genome Biology article links source code to liangyy/ptrs-ukb and reports UKB Application Number 19526; DMCA target hakyimlab/PTRS-UKB matches senior-lab identity and project name but lacks GitHub fork/source proof.""}]",B1_AUTHOR_LAB_PROJECT_NAME_TOPIC_CONSISTENCY,public_metadata_seed; B1_AUTHOR_LAB_PROJECT_NAME_TOPIC_CONSISTENCY,false,false,false,first_look_at_prs.ipynb,single_file,,,,,,,,0,evidence/lineages/lineage_hakyimlab_ptrs-ukb.md,,,,,,,,,
2025-11-13-uk-biobank-7,2025-11-13,2025/11/2025-11-13-uk-biobank-7.md,https://github.com/hakyimlab/ptrs-ukb,hakyimlab,ptrs-ukb,http_451,lineage_hakyimlab_ptrs-ukb,unknown,,notebook/hail_reml.ipynb,genotype; phenotype; hospital_episode_statistics; gwas,,,2025-11-13,Polygenic transcriptome risk scores (PTRS) can improve portability of polygenic risk scores across ancestries,10.1186/s13059-021-02591-w,,Yanyu Liang; Milton Pividori; Ani Manichaikul; Abraham A. Palmer; Nancy J. Cox; Heather E. Wheeler; Hae Kyung Im,19526,Phenomewide scan of gene level associations,Dr Hae Kyung Im,University of Chicago,true,probable,85,Public metadata seed records strong but non-deterministic repository-publication-application evidence.,https://github.com/github/dmca/blob/master/2025/11/2025-11-13-uk-biobank-7.md; https://github.com/hakyimlab/ptrs-ukb/blob/master/notebook/hail_reml.ipynb; https://github.com/hakyimlab/ptrs-ukb; https://link.springer.com/article/10.1186/s13059-021-02591-w; https://pmc.ncbi.nlm.nih.gov/articles/PMC8759285/; https://github.com/liangyy/ptrs-ukb; https://doi.org/10.1186/s13059-021-02591-w,target repository owner/uploader only; not attributed to the UKB application team without independent evidence,true,10.1186/s13059-021-02591-w,,Polygenic transcriptome risk scores (PTRS) can improve portability of polygenic risk scores across ancestries,,19526,1,doi; title,"[{""app_id"": ""19526"", ""evidence_class"": ""B1_AUTHOR_LAB_PROJECT_NAME_TOPIC_CONSISTENCY"", ""evidence_urls"": ""https://link.springer.com/article/10.1186/s13059-021-02591-w; https://pmc.ncbi.nlm.nih.gov/articles/PMC8759285/; https://github.com/liangyy/ptrs-ukb; https://doi.org/10.1186/s13059-021-02591-w"", ""identifier"": ""10.1186/s13059-021-02591-w"", ""identifier_type"": ""doi; title"", ""pub_id"": """", ""source_relation"": ""Genome Biology article links source code to liangyy/ptrs-ukb and reports UKB Application Number 19526; DMCA target hakyimlab/PTRS-UKB matches senior-lab identity and project name but lacks GitHub fork/source proof.""}]",B1_AUTHOR_LAB_PROJECT_NAME_TOPIC_CONSISTENCY,public_metadata_seed; B1_AUTHOR_LAB_PROJECT_NAME_TOPIC_CONSISTENCY,false,false,false,hail_reml.ipynb,single_file,,,,,,,,0,evidence/lineages/lineage_hakyimlab_ptrs-ukb.md,,,,,,,,,
2025-11-13-uk-biobank-7,2025-11-13,2025/11/2025-11-13-uk-biobank-7.md,https://github.com/hakyimlab/ptrs-ukb,hakyimlab,ptrs-ukb,http_451,lineage_hakyimlab_ptrs-ukb,unknown,,notebook/prepare_phenotype_and_run_gwas-with_variant_qc.ipynb,genotype; phenotype; hospital_episode_statistics; gwas,,,2025-11-13,Polygenic transcriptome risk scores (PTRS) can improve portability of polygenic risk scores across ancestries,10.1186/s13059-021-02591-w,,Yanyu Liang; Milton Pividori; Ani Manichaikul; Abraham A. Palmer; Nancy J. Cox; Heather E. Wheeler; Hae Kyung Im,19526,Phenomewide scan of gene level associations,Dr Hae Kyung Im,University of Chicago,true,probable,85,Public metadata seed records strong but non-deterministic repository-publication-application evidence.,https://github.com/github/dmca/blob/master/2025/11/2025-11-13-uk-biobank-7.md; https://github.com/hakyimlab/ptrs-ukb/blob/master/notebook/prepare_phenotype_and_run_gwas-with_variant_qc.ipynb; https://github.com/hakyimlab/ptrs-ukb; https://link.springer.com/article/10.1186/s13059-021-02591-w; https://pmc.ncbi.nlm.nih.gov/articles/PMC8759285/; https://github.com/liangyy/ptrs-ukb; https://doi.org/10.1186/s13059-021-02591-w,target repository owner/uploader only; not attributed to the UKB application team without independent evidence,true,10.1186/s13059-021-02591-w,,Polygenic transcriptome risk scores (PTRS) can improve portability of polygenic risk scores across ancestries,,19526,1,doi; title,"[{""app_id"": ""19526"", ""evidence_class"": ""B1_AUTHOR_LAB_PROJECT_NAME_TOPIC_CONSISTENCY"", ""evidence_urls"": ""https://link.springer.com/article/10.1186/s13059-021-02591-w; https://pmc.ncbi.nlm.nih.gov/articles/PMC8759285/; https://github.com/liangyy/ptrs-ukb; https://doi.org/10.1186/s13059-021-02591-w"", ""identifier"": ""10.1186/s13059-021-02591-w"", ""identifier_type"": ""doi; title"", ""pub_id"": """", ""source_relation"": ""Genome Biology article links source code to liangyy/ptrs-ukb and reports UKB Application Number 19526; DMCA target hakyimlab/PTRS-UKB matches senior-lab identity and project name but lacks GitHub fork/source proof.""}]",B1_AUTHOR_LAB_PROJECT_NAME_TOPIC_CONSISTENCY,public_metadata_seed; B1_AUTHOR_LAB_PROJECT_NAME_TOPIC_CONSISTENCY,false,false,false,prepare_phenotype_and_run_gwas-with_variant_qc.ipynb,single_file,,,,,,,,0,evidence/lineages/lineage_hakyimlab_ptrs-ukb.md,,,,,,,,,
2025-11-13-uk-biobank-7,2025-11-13,2025/11/2025-11-13-uk-biobank-7.md,https://github.com/hakyimlab/ptrs-ukb,hakyimlab,ptrs-ukb,http_451,lineage_hakyimlab_ptrs-ukb,unknown,,notebook/side_try_pheno.ipynb,genotype; phenotype; hospital_episode_statistics; gwas,,,2025-11-13,Polygenic transcriptome risk scores (PTRS) can improve portability of polygenic risk scores across ancestries,10.1186/s13059-021-02591-w,,Yanyu Liang; Milton Pividori; Ani Manichaikul; Abraham A. Palmer; Nancy J. Cox; Heather E. Wheeler; Hae Kyung Im,19526,Phenomewide scan of gene level associations,Dr Hae Kyung Im,University of Chicago,true,probable,85,Public metadata seed records strong but non-deterministic repository-publication-application evidence.,https://github.com/github/dmca/blob/master/2025/11/2025-11-13-uk-biobank-7.md; https://github.com/hakyimlab/ptrs-ukb/blob/master/notebook/side_try_pheno.ipynb; https://github.com/hakyimlab/ptrs-ukb; https://link.springer.com/article/10.1186/s13059-021-02591-w; https://pmc.ncbi.nlm.nih.gov/articles/PMC8759285/; https://github.com/liangyy/ptrs-ukb; https://doi.org/10.1186/s13059-021-02591-w,target repository owner/uploader only; not attributed to the UKB application team without independent evidence,true,10.1186/s13059-021-02591-w,,Polygenic transcriptome risk scores (PTRS) can improve portability of polygenic risk scores across ancestries,,19526,1,doi; title,"[{""app_id"": ""19526"", ""evidence_class"": ""B1_AUTHOR_LAB_PROJECT_NAME_TOPIC_CONSISTENCY"", ""evidence_urls"": ""https://link.springer.com/article/10.1186/s13059-021-02591-w; https://pmc.ncbi.nlm.nih.gov/articles/PMC8759285/; https://github.com/liangyy/ptrs-ukb; https://doi.org/10.1186/s13059-021-02591-w"", ""identifier"": ""10.1186/s13059-021-02591-w"", ""identifier_type"": ""doi; title"", ""pub_id"": """", ""source_relation"": ""Genome Biology article links source code to liangyy/ptrs-ukb and reports UKB Application Number 19526; DMCA target hakyimlab/PTRS-UKB matches senior-lab identity and project name but lacks GitHub fork/source proof.""}]",B1_AUTHOR_LAB_PROJECT_NAME_TOPIC_CONSISTENCY,public_metadata_seed; B1_AUTHOR_LAB_PROJECT_NAME_TOPIC_CONSISTENCY,false,false,false,side_try_pheno.ipynb,single_file,,,,,,,,0,evidence/lineages/lineage_hakyimlab_ptrs-ukb.md,,,,,,,,,
2026-03-31-uk-biobank-4,2026-03-31,2026/03/2026-03-31-uk-biobank-4.md,https://github.com/harpak-lab/GxSex,harpak-lab,GxSex,http_451,lineage_harpak-lab_gxsex,unknown,,Phenotypes/pheno_waist_circ.txt,genotype; phenotype; hospital_episode_statistics; proteomics; gwas; covariates,,,2026-03-31,Amplification is the primary mode of gene-by-sex interaction in complex human traits,10.1016/j.xgen.2023.100297,37228747,Carrie Zhu; Matthew J. Ming; Jared M. Cole; Michael D. Edge; Mark Kirkpatrick; Arbel Harpak,61666,Sexually antagonistic selection in humans,Professor Mark Kirkpatrick,University of Texas (UT Austin),true,probable,85,Public metadata seed records strong but non-deterministic repository-publication-application evidence.,https://github.com/github/dmca/blob/master/2026/03/2026-03-31-uk-biobank-4.md; https://raw.githubusercontent.com/harpak-lab/GxSex/02f6cfef28b065fcbafb19731c051f7dbcb3d5c3/Phenotypes/pheno_waist_circ.txt; https://github.com/harpak-lab/GxSex; https://www.sciencedirect.com/science/article/pii/S2666979X23000630; https://pubmed.ncbi.nlm.nih.gov/37228747/; https://biobank.ndph.ox.ac.uk/ukb/pub.cgi?id=7877; https://github.com/harpak-lab/amplification_gxsex; https://doi.org/10.1016/j.xgen.2023.100297,target repository owner/uploader only; not attributed to the UKB application team without independent evidence,true,10.1016/j.xgen.2023.100297,37228747,Amplification is the primary mode of gene-by-sex interaction in complex human traits,,61666,1,doi; pmid; title,"[{""app_id"": ""61666"", ""evidence_class"": ""B1_AUTHOR_LAB_PROJECT_NAME_TOPIC_CONSISTENCY"", ""evidence_urls"": ""https://www.sciencedirect.com/science/article/pii/S2666979X23000630; https://pubmed.ncbi.nlm.nih.gov/37228747/; https://biobank.ndph.ox.ac.uk/ukb/pub.cgi?id=7877; https://github.com/harpak-lab/amplification_gxsex; https://doi.org/10.1016/j.xgen.2023.100297"", ""identifier"": ""10.1016/j.xgen.2023.100297"", ""identifier_type"": ""doi; pmid; title"", ""pub_id"": """", ""source_relation"": ""Cell Genomics article links code to harpak-lab/amplification_gxsex and UKB publication metadata identifies application 61666; DMCA target Harpak-Lab/GxSex has the same lab and GxSex topic but a different repository name.""}]",B1_AUTHOR_LAB_PROJECT_NAME_TOPIC_CONSISTENCY,public_metadata_seed; B1_AUTHOR_LAB_PROJECT_NAME_TOPIC_CONSISTENCY,false,false,false,pheno_waist_circ.txt,single_file,,,,,,,,0,evidence/lineages/lineage_harpak-lab_gxsex.md,,,,,,,,,
2026-03-31-uk-biobank-4,2026-03-31,2026/03/2026-03-31-uk-biobank-4.md,https://github.com/harpak-lab/GxSex,harpak-lab,GxSex,http_451,lineage_harpak-lab_gxsex,unknown,,Phenotypes/pheno_hip_circ.txt,genotype; phenotype; hospital_episode_statistics; proteomics; gwas; covariates,,,2026-03-31,Amplification is the primary mode of gene-by-sex interaction in complex human traits,10.1016/j.xgen.2023.100297,37228747,Carrie Zhu; Matthew J. Ming; Jared M. Cole; Michael D. Edge; Mark Kirkpatrick; Arbel Harpak,61666,Sexually antagonistic selection in humans,Professor Mark Kirkpatrick,University of Texas (UT Austin),true,probable,85,Public metadata seed records strong but non-deterministic repository-publication-application evidence.,https://github.com/github/dmca/blob/master/2026/03/2026-03-31-uk-biobank-4.md; https://raw.githubusercontent.com/harpak-lab/GxSex/02f6cfef28b065fcbafb19731c051f7dbcb3d5c3/Phenotypes/pheno_hip_circ.txt; https://github.com/harpak-lab/GxSex; https://www.sciencedirect.com/science/article/pii/S2666979X23000630; https://pubmed.ncbi.nlm.nih.gov/37228747/; https://biobank.ndph.ox.ac.uk/ukb/pub.cgi?id=7877; https://github.com/harpak-lab/amplification_gxsex; https://doi.org/10.1016/j.xgen.2023.100297,target repository owner/uploader only; not attributed to the UKB application team without independent evidence,true,10.1016/j.xgen.2023.100297,37228747,Amplification is the primary mode of gene-by-sex interaction in complex human traits,,61666,1,doi; pmid; title,"[{""app_id"": ""61666"", ""evidence_class"": ""B1_AUTHOR_LAB_PROJECT_NAME_TOPIC_CONSISTENCY"", ""evidence_urls"": ""https://www.sciencedirect.com/science/article/pii/S2666979X23000630; https://pubmed.ncbi.nlm.nih.gov/37228747/; https://biobank.ndph.ox.ac.uk/ukb/pub.cgi?id=7877; https://github.com/harpak-lab/amplification_gxsex; https://doi.org/10.1016/j.xgen.2023.100297"", ""identifier"": ""10.1016/j.xgen.2023.100297"", ""identifier_type"": ""doi; pmid; title"", ""pub_id"": """", ""source_relation"": ""Cell Genomics article links code to harpak-lab/amplification_gxsex and UKB publication metadata identifies application 61666; DMCA target Harpak-Lab/GxSex has the same lab and GxSex topic but a different repository name.""}]",B1_AUTHOR_LAB_PROJECT_NAME_TOPIC_CONSISTENCY,public_metadata_seed; B1_AUTHOR_LAB_PROJECT_NAME_TOPIC_CONSISTENCY,false,false,false,pheno_hip_circ.txt,single_file,,,,,,,,0,evidence/lineages/lineage_harpak-lab_gxsex.md,,,,,,,,,
2026-03-31-uk-biobank-4,2026-03-31,2026/03/2026-03-31-uk-biobank-4.md,https://github.com/harpak-lab/GxSex,harpak-lab,GxSex,http_451,lineage_harpak-lab_gxsex,unknown,,Phenotypes/pheno_waist_to_hip.txt,genotype; phenotype; hospital_episode_statistics; proteomics; gwas; covariates,,,2026-03-31,Amplification is the primary mode of gene-by-sex interaction in complex human traits,10.1016/j.xgen.2023.100297,37228747,Carrie Zhu; Matthew J. Ming; Jared M. Cole; Michael D. Edge; Mark Kirkpatrick; Arbel Harpak,61666,Sexually antagonistic selection in humans,Professor Mark Kirkpatrick,University of Texas (UT Austin),true,probable,85,Public metadata seed records strong but non-deterministic repository-publication-application evidence.,https://github.com/github/dmca/blob/master/2026/03/2026-03-31-uk-biobank-4.md; https://raw.githubusercontent.com/harpak-lab/GxSex/02f6cfef28b065fcbafb19731c051f7dbcb3d5c3/Phenotypes/pheno_waist_to_hip.txt; https://github.com/harpak-lab/GxSex; https://www.sciencedirect.com/science/article/pii/S2666979X23000630; https://pubmed.ncbi.nlm.nih.gov/37228747/; https://biobank.ndph.ox.ac.uk/ukb/pub.cgi?id=7877; https://github.com/harpak-lab/amplification_gxsex; https://doi.org/10.1016/j.xgen.2023.100297,target repository owner/uploader only; not attributed to the UKB application team without independent evidence,true,10.1016/j.xgen.2023.100297,37228747,Amplification is the primary mode of gene-by-sex interaction in complex human traits,,61666,1,doi; pmid; title,"[{""app_id"": ""61666"", ""evidence_class"": ""B1_AUTHOR_LAB_PROJECT_NAME_TOPIC_CONSISTENCY"", ""evidence_urls"": ""https://www.sciencedirect.com/science/article/pii/S2666979X23000630; https://pubmed.ncbi.nlm.nih.gov/37228747/; https://biobank.ndph.ox.ac.uk/ukb/pub.cgi?id=7877; https://github.com/harpak-lab/amplification_gxsex; https://doi.org/10.1016/j.xgen.2023.100297"", ""identifier"": ""10.1016/j.xgen.2023.100297"", ""identifier_type"": ""doi; pmid; title"", ""pub_id"": """", ""source_relation"": ""Cell Genomics article links code to harpak-lab/amplification_gxsex and UKB publication metadata identifies application 61666; DMCA target Harpak-Lab/GxSex has the same lab and GxSex topic but a different repository name.""}]",B1_AUTHOR_LAB_PROJECT_NAME_TOPIC_CONSISTENCY,public_metadata_seed; B1_AUTHOR_LAB_PROJECT_NAME_TOPIC_CONSISTENCY,false,false,false,pheno_waist_to_hip.txt,single_file,,,,,,,,0,evidence/lineages/lineage_harpak-lab_gxsex.md,,,,,,,,,
2026-03-31-uk-biobank-4,2026-03-31,2026/03/2026-03-31-uk-biobank-4.md,https://github.com/harpak-lab/GxSex,harpak-lab,GxSex,http_451,lineage_harpak-lab_gxsex,unknown,,Phenotypes/pheno_height.txt,genotype; phenotype; hospital_episode_statistics; proteomics; gwas; covariates,,,2026-03-31,Amplification is the primary mode of gene-by-sex interaction in complex human traits,10.1016/j.xgen.2023.100297,37228747,Carrie Zhu; Matthew J. Ming; Jared M. Cole; Michael D. Edge; Mark Kirkpatrick; Arbel Harpak,61666,Sexually antagonistic selection in humans,Professor Mark Kirkpatrick,University of Texas (UT Austin),true,probable,85,Public metadata seed records strong but non-deterministic repository-publication-application evidence.,https://github.com/github/dmca/blob/master/2026/03/2026-03-31-uk-biobank-4.md; https://raw.githubusercontent.com/harpak-lab/GxSex/02f6cfef28b065fcbafb19731c051f7dbcb3d5c3/Phenotypes/pheno_height.txt; https://github.com/harpak-lab/GxSex; https://www.sciencedirect.com/science/article/pii/S2666979X23000630; https://pubmed.ncbi.nlm.nih.gov/37228747/; https://biobank.ndph.ox.ac.uk/ukb/pub.cgi?id=7877; https://github.com/harpak-lab/amplification_gxsex; https://doi.org/10.1016/j.xgen.2023.100297,target repository owner/uploader only; not attributed to the UKB application team without independent evidence,true,10.1016/j.xgen.2023.100297,37228747,Amplification is the primary mode of gene-by-sex interaction in complex human traits,,61666,1,doi; pmid; title,"[{""app_id"": ""61666"", ""evidence_class"": ""B1_AUTHOR_LAB_PROJECT_NAME_TOPIC_CONSISTENCY"", ""evidence_urls"": ""https://www.sciencedirect.com/science/article/pii/S2666979X23000630; https://pubmed.ncbi.nlm.nih.gov/37228747/; https://biobank.ndph.ox.ac.uk/ukb/pub.cgi?id=7877; https://github.com/harpak-lab/amplification_gxsex; https://doi.org/10.1016/j.xgen.2023.100297"", ""identifier"": ""10.1016/j.xgen.2023.100297"", ""identifier_type"": ""doi; pmid; title"", ""pub_id"": """", ""source_relation"": ""Cell Genomics article links code to harpak-lab/amplification_gxsex and UKB publication metadata identifies application 61666; DMCA target Harpak-Lab/GxSex has the same lab and GxSex topic but a different repository name.""}]",B1_AUTHOR_LAB_PROJECT_NAME_TOPIC_CONSISTENCY,public_metadata_seed; B1_AUTHOR_LAB_PROJECT_NAME_TOPIC_CONSISTENCY,false,false,false,pheno_height.txt,single_file,,,,,,,,0,evidence/lineages/lineage_harpak-lab_gxsex.md,,,,,,,,,
2026-03-31-uk-biobank-4,2026-03-31,2026/03/2026-03-31-uk-biobank-4.md,https://github.com/harpak-lab/GxSex,harpak-lab,GxSex,http_451,lineage_harpak-lab_gxsex,unknown,,Phenotypes/pheno_weight.txt,genotype; phenotype; hospital_episode_statistics; proteomics; gwas; covariates,,,2026-03-31,Amplification is the primary mode of gene-by-sex interaction in complex human traits,10.1016/j.xgen.2023.100297,37228747,Carrie Zhu; Matthew J. Ming; Jared M. Cole; Michael D. Edge; Mark Kirkpatrick; Arbel Harpak,61666,Sexually antagonistic selection in humans,Professor Mark Kirkpatrick,University of Texas (UT Austin),true,probable,85,Public metadata seed records strong but non-deterministic repository-publication-application evidence.,https://github.com/github/dmca/blob/master/2026/03/2026-03-31-uk-biobank-4.md; https://raw.githubusercontent.com/harpak-lab/GxSex/02f6cfef28b065fcbafb19731c051f7dbcb3d5c3/Phenotypes/pheno_weight.txt; https://github.com/harpak-lab/GxSex; https://www.sciencedirect.com/science/article/pii/S2666979X23000630; https://pubmed.ncbi.nlm.nih.gov/37228747/; https://biobank.ndph.ox.ac.uk/ukb/pub.cgi?id=7877; https://github.com/harpak-lab/amplification_gxsex; https://doi.org/10.1016/j.xgen.2023.100297,target repository owner/uploader only; not attributed to the UKB application team without independent evidence,true,10.1016/j.xgen.2023.100297,37228747,Amplification is the primary mode of gene-by-sex interaction in complex human traits,,61666,1,doi; pmid; title,"[{""app_id"": ""61666"", ""evidence_class"": ""B1_AUTHOR_LAB_PROJECT_NAME_TOPIC_CONSISTENCY"", ""evidence_urls"": ""https://www.sciencedirect.com/science/article/pii/S2666979X23000630; https://pubmed.ncbi.nlm.nih.gov/37228747/; https://biobank.ndph.ox.ac.uk/ukb/pub.cgi?id=7877; https://github.com/harpak-lab/amplification_gxsex; https://doi.org/10.1016/j.xgen.2023.100297"", ""identifier"": ""10.1016/j.xgen.2023.100297"", ""identifier_type"": ""doi; pmid; title"", ""pub_id"": """", ""source_relation"": ""Cell Genomics article links code to harpak-lab/amplification_gxsex and UKB publication metadata identifies application 61666; DMCA target Harpak-Lab/GxSex has the same lab and GxSex topic but a different repository name.""}]",B1_AUTHOR_LAB_PROJECT_NAME_TOPIC_CONSISTENCY,public_metadata_seed; B1_AUTHOR_LAB_PROJECT_NAME_TOPIC_CONSISTENCY,false,false,false,pheno_weight.txt,single_file,,,,,,,,0,evidence/lineages/lineage_harpak-lab_gxsex.md,,,,,,,,,
2026-03-31-uk-biobank-4,2026-03-31,2026/03/2026-03-31-uk-biobank-4.md,https://github.com/harpak-lab/GxSex,harpak-lab,GxSex,http_451,lineage_harpak-lab_gxsex,unknown,,Phenotypes/pheno_bmi.txt,genotype; phenotype; hospital_episode_statistics; proteomics; gwas; covariates,,,2026-03-31,Amplification is the primary mode of gene-by-sex interaction in complex human traits,10.1016/j.xgen.2023.100297,37228747,Carrie Zhu; Matthew J. Ming; Jared M. Cole; Michael D. Edge; Mark Kirkpatrick; Arbel Harpak,61666,Sexually antagonistic selection in humans,Professor Mark Kirkpatrick,University of Texas (UT Austin),true,probable,85,Public metadata seed records strong but non-deterministic repository-publication-application evidence.,https://github.com/github/dmca/blob/master/2026/03/2026-03-31-uk-biobank-4.md; https://raw.githubusercontent.com/harpak-lab/GxSex/02f6cfef28b065fcbafb19731c051f7dbcb3d5c3/Phenotypes/pheno_bmi.txt; https://github.com/harpak-lab/GxSex; https://www.sciencedirect.com/science/article/pii/S2666979X23000630; https://pubmed.ncbi.nlm.nih.gov/37228747/; https://biobank.ndph.ox.ac.uk/ukb/pub.cgi?id=7877; https://github.com/harpak-lab/amplification_gxsex; https://doi.org/10.1016/j.xgen.2023.100297,target repository owner/uploader only; not attributed to the UKB application team without independent evidence,true,10.1016/j.xgen.2023.100297,37228747,Amplification is the primary mode of gene-by-sex interaction in complex human traits,,61666,1,doi; pmid; title,"[{""app_id"": ""61666"", ""evidence_class"": ""B1_AUTHOR_LAB_PROJECT_NAME_TOPIC_CONSISTENCY"", ""evidence_urls"": ""https://www.sciencedirect.com/science/article/pii/S2666979X23000630; https://pubmed.ncbi.nlm.nih.gov/37228747/; https://biobank.ndph.ox.ac.uk/ukb/pub.cgi?id=7877; https://github.com/harpak-lab/amplification_gxsex; https://doi.org/10.1016/j.xgen.2023.100297"", ""identifier"": ""10.1016/j.xgen.2023.100297"", ""identifier_type"": ""doi; pmid; title"", ""pub_id"": """", ""source_relation"": ""Cell Genomics article links code to harpak-lab/amplification_gxsex and UKB publication metadata identifies application 61666; DMCA target Harpak-Lab/GxSex has the same lab and GxSex topic but a different repository name.""}]",B1_AUTHOR_LAB_PROJECT_NAME_TOPIC_CONSISTENCY,public_metadata_seed; B1_AUTHOR_LAB_PROJECT_NAME_TOPIC_CONSISTENCY,false,false,false,pheno_bmi.txt,single_file,,,,,,,,0,evidence/lineages/lineage_harpak-lab_gxsex.md,,,,,,,,,
2026-03-31-uk-biobank-4,2026-03-31,2026/03/2026-03-31-uk-biobank-4.md,https://github.com/harpak-lab/GxSex,harpak-lab,GxSex,http_451,lineage_harpak-lab_gxsex,unknown,,Phenotypes/pheno_wth_bmi_adj.txt,genotype; phenotype; hospital_episode_statistics; proteomics; gwas; covariates,,,2026-03-31,Amplification is the primary mode of gene-by-sex interaction in complex human traits,10.1016/j.xgen.2023.100297,37228747,Carrie Zhu; Matthew J. Ming; Jared M. Cole; Michael D. Edge; Mark Kirkpatrick; Arbel Harpak,61666,Sexually antagonistic selection in humans,Professor Mark Kirkpatrick,University of Texas (UT Austin),true,probable,85,Public metadata seed records strong but non-deterministic repository-publication-application evidence.,https://github.com/github/dmca/blob/master/2026/03/2026-03-31-uk-biobank-4.md; https://raw.githubusercontent.com/harpak-lab/GxSex/02f6cfef28b065fcbafb19731c051f7dbcb3d5c3/Phenotypes/pheno_wth_bmi_adj.txt; https://github.com/harpak-lab/GxSex; https://www.sciencedirect.com/science/article/pii/S2666979X23000630; https://pubmed.ncbi.nlm.nih.gov/37228747/; https://biobank.ndph.ox.ac.uk/ukb/pub.cgi?id=7877; https://github.com/harpak-lab/amplification_gxsex; https://doi.org/10.1016/j.xgen.2023.100297,target repository owner/uploader only; not attributed to the UKB application team without independent evidence,true,10.1016/j.xgen.2023.100297,37228747,Amplification is the primary mode of gene-by-sex interaction in complex human traits,,61666,1,doi; pmid; title,"[{""app_id"": ""61666"", ""evidence_class"": ""B1_AUTHOR_LAB_PROJECT_NAME_TOPIC_CONSISTENCY"", ""evidence_urls"": ""https://www.sciencedirect.com/science/article/pii/S2666979X23000630; https://pubmed.ncbi.nlm.nih.gov/37228747/; https://biobank.ndph.ox.ac.uk/ukb/pub.cgi?id=7877; https://github.com/harpak-lab/amplification_gxsex; https://doi.org/10.1016/j.xgen.2023.100297"", ""identifier"": ""10.1016/j.xgen.2023.100297"", ""identifier_type"": ""doi; pmid; title"", ""pub_id"": """", ""source_relation"": ""Cell Genomics article links code to harpak-lab/amplification_gxsex and UKB publication metadata identifies application 61666; DMCA target Harpak-Lab/GxSex has the same lab and GxSex topic but a different repository name.""}]",B1_AUTHOR_LAB_PROJECT_NAME_TOPIC_CONSISTENCY,public_metadata_seed; B1_AUTHOR_LAB_PROJECT_NAME_TOPIC_CONSISTENCY,false,false,false,pheno_wth_bmi_adj.txt,single_file,,,,,,,,0,evidence/lineages/lineage_harpak-lab_gxsex.md,,,,,,,,,
2026-03-31-uk-biobank-4,2026-03-31,2026/03/2026-03-31-uk-biobank-4.md,https://github.com/harpak-lab/GxSex,harpak-lab,GxSex,http_451,lineage_harpak-lab_gxsex,unknown,,Phenotypes/pheno_arm_fatfree_mass_R.txt,genotype; phenotype; hospital_episode_statistics; proteomics; gwas; covariates,,,2026-03-31,Amplification is the primary mode of gene-by-sex interaction in complex human traits,10.1016/j.xgen.2023.100297,37228747,Carrie Zhu; Matthew J. Ming; Jared M. Cole; Michael D. Edge; Mark Kirkpatrick; Arbel Harpak,61666,Sexually antagonistic selection in humans,Professor Mark Kirkpatrick,University of Texas (UT Austin),true,probable,85,Public metadata seed records strong but non-deterministic repository-publication-application evidence.,https://github.com/github/dmca/blob/master/2026/03/2026-03-31-uk-biobank-4.md; https://raw.githubusercontent.com/harpak-lab/GxSex/02f6cfef28b065fcbafb19731c051f7dbcb3d5c3/Phenotypes/pheno_arm_fatfree_mass_R.txt; https://github.com/harpak-lab/GxSex; https://www.sciencedirect.com/science/article/pii/S2666979X23000630; https://pubmed.ncbi.nlm.nih.gov/37228747/; https://biobank.ndph.ox.ac.uk/ukb/pub.cgi?id=7877; https://github.com/harpak-lab/amplification_gxsex; https://doi.org/10.1016/j.xgen.2023.100297,target repository owner/uploader only; not attributed to the UKB application team without independent evidence,true,10.1016/j.xgen.2023.100297,37228747,Amplification is the primary mode of gene-by-sex interaction in complex human traits,,61666,1,doi; pmid; title,"[{""app_id"": ""61666"", ""evidence_class"": ""B1_AUTHOR_LAB_PROJECT_NAME_TOPIC_CONSISTENCY"", ""evidence_urls"": ""https://www.sciencedirect.com/science/article/pii/S2666979X23000630; https://pubmed.ncbi.nlm.nih.gov/37228747/; https://biobank.ndph.ox.ac.uk/ukb/pub.cgi?id=7877; https://github.com/harpak-lab/amplification_gxsex; https://doi.org/10.1016/j.xgen.2023.100297"", ""identifier"": ""10.1016/j.xgen.2023.100297"", ""identifier_type"": ""doi; pmid; title"", ""pub_id"": """", ""source_relation"": ""Cell Genomics article links code to harpak-lab/amplification_gxsex and UKB publication metadata identifies application 61666; DMCA target Harpak-Lab/GxSex has the same lab and GxSex topic but a different repository name.""}]",B1_AUTHOR_LAB_PROJECT_NAME_TOPIC_CONSISTENCY,public_metadata_seed; B1_AUTHOR_LAB_PROJECT_NAME_TOPIC_CONSISTENCY,false,false,false,pheno_arm_fatfree_mass_R.txt,single_file,,,,,,,,0,evidence/lineages/lineage_harpak-lab_gxsex.md,,,,,,,,,
2026-03-31-uk-biobank-4,2026-03-31,2026/03/2026-03-31-uk-biobank-4.md,https://github.com/harpak-lab/GxSex,harpak-lab,GxSex,http_451,lineage_harpak-lab_gxsex,unknown,,Phenotypes/pheno_arm_fatfree_mass_L.txt,genotype; phenotype; hospital_episode_statistics; proteomics; gwas; covariates,,,2026-03-31,Amplification is the primary mode of gene-by-sex interaction in complex human traits,10.1016/j.xgen.2023.100297,37228747,Carrie Zhu; Matthew J. Ming; Jared M. Cole; Michael D. Edge; Mark Kirkpatrick; Arbel Harpak,61666,Sexually antagonistic selection in humans,Professor Mark Kirkpatrick,University of Texas (UT Austin),true,probable,85,Public metadata seed records strong but non-deterministic repository-publication-application evidence.,https://github.com/github/dmca/blob/master/2026/03/2026-03-31-uk-biobank-4.md; https://raw.githubusercontent.com/harpak-lab/GxSex/02f6cfef28b065fcbafb19731c051f7dbcb3d5c3/Phenotypes/pheno_arm_fatfree_mass_L.txt; https://github.com/harpak-lab/GxSex; https://www.sciencedirect.com/science/article/pii/S2666979X23000630; https://pubmed.ncbi.nlm.nih.gov/37228747/; https://biobank.ndph.ox.ac.uk/ukb/pub.cgi?id=7877; https://github.com/harpak-lab/amplification_gxsex; https://doi.org/10.1016/j.xgen.2023.100297,target repository owner/uploader only; not attributed to the UKB application team without independent evidence,true,10.1016/j.xgen.2023.100297,37228747,Amplification is the primary mode of gene-by-sex interaction in complex human traits,,61666,1,doi; pmid; title,"[{""app_id"": ""61666"", ""evidence_class"": ""B1_AUTHOR_LAB_PROJECT_NAME_TOPIC_CONSISTENCY"", ""evidence_urls"": ""https://www.sciencedirect.com/science/article/pii/S2666979X23000630; https://pubmed.ncbi.nlm.nih.gov/37228747/; https://biobank.ndph.ox.ac.uk/ukb/pub.cgi?id=7877; https://github.com/harpak-lab/amplification_gxsex; https://doi.org/10.1016/j.xgen.2023.100297"", ""identifier"": ""10.1016/j.xgen.2023.100297"", ""identifier_type"": ""doi; pmid; title"", ""pub_id"": """", ""source_relation"": ""Cell Genomics article links code to harpak-lab/amplification_gxsex and UKB publication metadata identifies application 61666; DMCA target Harpak-Lab/GxSex has the same lab and GxSex topic but a different repository name.""}]",B1_AUTHOR_LAB_PROJECT_NAME_TOPIC_CONSISTENCY,public_metadata_seed; B1_AUTHOR_LAB_PROJECT_NAME_TOPIC_CONSISTENCY,false,false,false,pheno_arm_fatfree_mass_L.txt,single_file,,,,,,,,0,evidence/lineages/lineage_harpak-lab_gxsex.md,,,,,,,,,
2026-03-31-uk-biobank-4,2026-03-31,2026/03/2026-03-31-uk-biobank-4.md,https://github.com/harpak-lab/GxSex,harpak-lab,GxSex,http_451,lineage_harpak-lab_gxsex,unknown,,Phenotypes/pheno_whole_body_fat_mass.txt,genotype; phenotype; hospital_episode_statistics; proteomics; gwas; covariates,,,2026-03-31,Amplification is the primary mode of gene-by-sex interaction in complex human traits,10.1016/j.xgen.2023.100297,37228747,Carrie Zhu; Matthew J. Ming; Jared M. Cole; Michael D. Edge; Mark Kirkpatrick; Arbel Harpak,61666,Sexually antagonistic selection in humans,Professor Mark Kirkpatrick,University of Texas (UT Austin),true,probable,85,Public metadata seed records strong but non-deterministic repository-publication-application evidence.,https://github.com/github/dmca/blob/master/2026/03/2026-03-31-uk-biobank-4.md; https://raw.githubusercontent.com/harpak-lab/GxSex/02f6cfef28b065fcbafb19731c051f7dbcb3d5c3/Phenotypes/pheno_whole_body_fat_mass.txt; https://github.com/harpak-lab/GxSex; https://www.sciencedirect.com/science/article/pii/S2666979X23000630; https://pubmed.ncbi.nlm.nih.gov/37228747/; https://biobank.ndph.ox.ac.uk/ukb/pub.cgi?id=7877; https://github.com/harpak-lab/amplification_gxsex; https://doi.org/10.1016/j.xgen.2023.100297,target repository owner/uploader only; not attributed to the UKB application team without independent evidence,true,10.1016/j.xgen.2023.100297,37228747,Amplification is the primary mode of gene-by-sex interaction in complex human traits,,61666,1,doi; pmid; title,"[{""app_id"": ""61666"", ""evidence_class"": ""B1_AUTHOR_LAB_PROJECT_NAME_TOPIC_CONSISTENCY"", ""evidence_urls"": ""https://www.sciencedirect.com/science/article/pii/S2666979X23000630; https://pubmed.ncbi.nlm.nih.gov/37228747/; https://biobank.ndph.ox.ac.uk/ukb/pub.cgi?id=7877; https://github.com/harpak-lab/amplification_gxsex; https://doi.org/10.1016/j.xgen.2023.100297"", ""identifier"": ""10.1016/j.xgen.2023.100297"", ""identifier_type"": ""doi; pmid; title"", ""pub_id"": """", ""source_relation"": ""Cell Genomics article links code to harpak-lab/amplification_gxsex and UKB publication metadata identifies application 61666; DMCA target Harpak-Lab/GxSex has the same lab and GxSex topic but a different repository name.""}]",B1_AUTHOR_LAB_PROJECT_NAME_TOPIC_CONSISTENCY,public_metadata_seed; B1_AUTHOR_LAB_PROJECT_NAME_TOPIC_CONSISTENCY,false,false,false,pheno_whole_body_fat_mass.txt,single_file,,,,,,,,0,evidence/lineages/lineage_harpak-lab_gxsex.md,,,,,,,,,
2026-03-31-uk-biobank-4,2026-03-31,2026/03/2026-03-31-uk-biobank-4.md,https://github.com/harpak-lab/GxSex,harpak-lab,GxSex,http_451,lineage_harpak-lab_gxsex,unknown,,Phenotypes/covariates.txt,genotype; phenotype; hospital_episode_statistics; proteomics; gwas; covariates,,,2026-03-31,Amplification is the primary mode of gene-by-sex interaction in complex human traits,10.1016/j.xgen.2023.100297,37228747,Carrie Zhu; Matthew J. Ming; Jared M. Cole; Michael D. Edge; Mark Kirkpatrick; Arbel Harpak,61666,Sexually antagonistic selection in humans,Professor Mark Kirkpatrick,University of Texas (UT Austin),true,probable,85,Public metadata seed records strong but non-deterministic repository-publication-application evidence.,https://github.com/github/dmca/blob/master/2026/03/2026-03-31-uk-biobank-4.md; https://raw.githubusercontent.com/harpak-lab/GxSex/02f6cfef28b065fcbafb19731c051f7dbcb3d5c3/Phenotypes/covariates.txt; https://github.com/harpak-lab/GxSex; https://www.sciencedirect.com/science/article/pii/S2666979X23000630; https://pubmed.ncbi.nlm.nih.gov/37228747/; https://biobank.ndph.ox.ac.uk/ukb/pub.cgi?id=7877; https://github.com/harpak-lab/amplification_gxsex; https://doi.org/10.1016/j.xgen.2023.100297,target repository owner/uploader only; not attributed to the UKB application team without independent evidence,true,10.1016/j.xgen.2023.100297,37228747,Amplification is the primary mode of gene-by-sex interaction in complex human traits,,61666,1,doi; pmid; title,"[{""app_id"": ""61666"", ""evidence_class"": ""B1_AUTHOR_LAB_PROJECT_NAME_TOPIC_CONSISTENCY"", ""evidence_urls"": ""https://www.sciencedirect.com/science/article/pii/S2666979X23000630; https://pubmed.ncbi.nlm.nih.gov/37228747/; https://biobank.ndph.ox.ac.uk/ukb/pub.cgi?id=7877; https://github.com/harpak-lab/amplification_gxsex; https://doi.org/10.1016/j.xgen.2023.100297"", ""identifier"": ""10.1016/j.xgen.2023.100297"", ""identifier_type"": ""doi; pmid; title"", ""pub_id"": """", ""source_relation"": ""Cell Genomics article links code to harpak-lab/amplification_gxsex and UKB publication metadata identifies application 61666; DMCA target Harpak-Lab/GxSex has the same lab and GxSex topic but a different repository name.""}]",B1_AUTHOR_LAB_PROJECT_NAME_TOPIC_CONSISTENCY,public_metadata_seed; B1_AUTHOR_LAB_PROJECT_NAME_TOPIC_CONSISTENCY,false,false,false,covariates.txt,single_file,,,,,,,,0,evidence/lineages/lineage_harpak-lab_gxsex.md,,,,,,,,,
2026-03-31-uk-biobank-4,2026-03-31,2026/03/2026-03-31-uk-biobank-4.md,https://github.com/harpak-lab/GxSex,harpak-lab,GxSex,http_451,lineage_harpak-lab_gxsex,unknown,,Phenotypes/pheno_RBC_count.txt,genotype; phenotype; hospital_episode_statistics; proteomics; gwas; covariates,,,2026-03-31,Amplification is the primary mode of gene-by-sex interaction in complex human traits,10.1016/j.xgen.2023.100297,37228747,Carrie Zhu; Matthew J. Ming; Jared M. Cole; Michael D. Edge; Mark Kirkpatrick; Arbel Harpak,61666,Sexually antagonistic selection in humans,Professor Mark Kirkpatrick,University of Texas (UT Austin),true,probable,85,Public metadata seed records strong but non-deterministic repository-publication-application evidence.,https://github.com/github/dmca/blob/master/2026/03/2026-03-31-uk-biobank-4.md; https://raw.githubusercontent.com/harpak-lab/GxSex/02f6cfef28b065fcbafb19731c051f7dbcb3d5c3/Phenotypes/pheno_RBC_count.txt; https://github.com/harpak-lab/GxSex; https://www.sciencedirect.com/science/article/pii/S2666979X23000630; https://pubmed.ncbi.nlm.nih.gov/37228747/; https://biobank.ndph.ox.ac.uk/ukb/pub.cgi?id=7877; https://github.com/harpak-lab/amplification_gxsex; https://doi.org/10.1016/j.xgen.2023.100297,target repository owner/uploader only; not attributed to the UKB application team without independent evidence,true,10.1016/j.xgen.2023.100297,37228747,Amplification is the primary mode of gene-by-sex interaction in complex human traits,,61666,1,doi; pmid; title,"[{""app_id"": ""61666"", ""evidence_class"": ""B1_AUTHOR_LAB_PROJECT_NAME_TOPIC_CONSISTENCY"", ""evidence_urls"": ""https://www.sciencedirect.com/science/article/pii/S2666979X23000630; https://pubmed.ncbi.nlm.nih.gov/37228747/; https://biobank.ndph.ox.ac.uk/ukb/pub.cgi?id=7877; https://github.com/harpak-lab/amplification_gxsex; https://doi.org/10.1016/j.xgen.2023.100297"", ""identifier"": ""10.1016/j.xgen.2023.100297"", ""identifier_type"": ""doi; pmid; title"", ""pub_id"": """", ""source_relation"": ""Cell Genomics article links code to harpak-lab/amplification_gxsex and UKB publication metadata identifies application 61666; DMCA target Harpak-Lab/GxSex has the same lab and GxSex topic but a different repository name.""}]",B1_AUTHOR_LAB_PROJECT_NAME_TOPIC_CONSISTENCY,public_metadata_seed; B1_AUTHOR_LAB_PROJECT_NAME_TOPIC_CONSISTENCY,false,false,false,pheno_RBC_count.txt,single_file,,,,,,,,0,evidence/lineages/lineage_harpak-lab_gxsex.md,,,,,,,,,
2026-03-31-uk-biobank-4,2026-03-31,2026/03/2026-03-31-uk-biobank-4.md,https://github.com/harpak-lab/GxSex,harpak-lab,GxSex,http_451,lineage_harpak-lab_gxsex,unknown,,Phenotypes/pheno_eosinophil_perc.txt,genotype; phenotype; hospital_episode_statistics; proteomics; gwas; covariates,,,2026-03-31,Amplification is the primary mode of gene-by-sex interaction in complex human traits,10.1016/j.xgen.2023.100297,37228747,Carrie Zhu; Matthew J. Ming; Jared M. Cole; Michael D. Edge; Mark Kirkpatrick; Arbel Harpak,61666,Sexually antagonistic selection in humans,Professor Mark Kirkpatrick,University of Texas (UT Austin),true,probable,85,Public metadata seed records strong but non-deterministic repository-publication-application evidence.,https://github.com/github/dmca/blob/master/2026/03/2026-03-31-uk-biobank-4.md; https://raw.githubusercontent.com/harpak-lab/GxSex/02f6cfef28b065fcbafb19731c051f7dbcb3d5c3/Phenotypes/pheno_eosinophil_perc.txt; https://github.com/harpak-lab/GxSex; https://www.sciencedirect.com/science/article/pii/S2666979X23000630; https://pubmed.ncbi.nlm.nih.gov/37228747/; https://biobank.ndph.ox.ac.uk/ukb/pub.cgi?id=7877; https://github.com/harpak-lab/amplification_gxsex; https://doi.org/10.1016/j.xgen.2023.100297,target repository owner/uploader only; not attributed to the UKB application team without independent evidence,true,10.1016/j.xgen.2023.100297,37228747,Amplification is the primary mode of gene-by-sex interaction in complex human traits,,61666,1,doi; pmid; title,"[{""app_id"": ""61666"", ""evidence_class"": ""B1_AUTHOR_LAB_PROJECT_NAME_TOPIC_CONSISTENCY"", ""evidence_urls"": ""https://www.sciencedirect.com/science/article/pii/S2666979X23000630; https://pubmed.ncbi.nlm.nih.gov/37228747/; https://biobank.ndph.ox.ac.uk/ukb/pub.cgi?id=7877; https://github.com/harpak-lab/amplification_gxsex; https://doi.org/10.1016/j.xgen.2023.100297"", ""identifier"": ""10.1016/j.xgen.2023.100297"", ""identifier_type"": ""doi; pmid; title"", ""pub_id"": """", ""source_relation"": ""Cell Genomics article links code to harpak-lab/amplification_gxsex and UKB publication metadata identifies application 61666; DMCA target Harpak-Lab/GxSex has the same lab and GxSex topic but a different repository name.""}]",B1_AUTHOR_LAB_PROJECT_NAME_TOPIC_CONSISTENCY,public_metadata_seed; B1_AUTHOR_LAB_PROJECT_NAME_TOPIC_CONSISTENCY,false,false,false,pheno_eosinophil_perc.txt,single_file,,,,,,,,0,evidence/lineages/lineage_harpak-lab_gxsex.md,,,,,,,,,
2026-03-31-uk-biobank-4,2026-03-31,2026/03/2026-03-31-uk-biobank-4.md,https://github.com/harpak-lab/GxSex,harpak-lab,GxSex,http_451,lineage_harpak-lab_gxsex,unknown,,Phenotypes/pheno_lymphocyte_perc.txt,genotype; phenotype; hospital_episode_statistics; proteomics; gwas; covariates,,,2026-03-31,Amplification is the primary mode of gene-by-sex interaction in complex human traits,10.1016/j.xgen.2023.100297,37228747,Carrie Zhu; Matthew J. Ming; Jared M. Cole; Michael D. Edge; Mark Kirkpatrick; Arbel Harpak,61666,Sexually antagonistic selection in humans,Professor Mark Kirkpatrick,University of Texas (UT Austin),true,probable,85,Public metadata seed records strong but non-deterministic repository-publication-application evidence.,https://github.com/github/dmca/blob/master/2026/03/2026-03-31-uk-biobank-4.md; https://raw.githubusercontent.com/harpak-lab/GxSex/02f6cfef28b065fcbafb19731c051f7dbcb3d5c3/Phenotypes/pheno_lymphocyte_perc.txt; https://github.com/harpak-lab/GxSex; https://www.sciencedirect.com/science/article/pii/S2666979X23000630; https://pubmed.ncbi.nlm.nih.gov/37228747/; https://biobank.ndph.ox.ac.uk/ukb/pub.cgi?id=7877; https://github.com/harpak-lab/amplification_gxsex; https://doi.org/10.1016/j.xgen.2023.100297,target repository owner/uploader only; not attributed to the UKB application team without independent evidence,true,10.1016/j.xgen.2023.100297,37228747,Amplification is the primary mode of gene-by-sex interaction in complex human traits,,61666,1,doi; pmid; title,"[{""app_id"": ""61666"", ""evidence_class"": ""B1_AUTHOR_LAB_PROJECT_NAME_TOPIC_CONSISTENCY"", ""evidence_urls"": ""https://www.sciencedirect.com/science/article/pii/S2666979X23000630; https://pubmed.ncbi.nlm.nih.gov/37228747/; https://biobank.ndph.ox.ac.uk/ukb/pub.cgi?id=7877; https://github.com/harpak-lab/amplification_gxsex; https://doi.org/10.1016/j.xgen.2023.100297"", ""identifier"": ""10.1016/j.xgen.2023.100297"", ""identifier_type"": ""doi; pmid; title"", ""pub_id"": """", ""source_relation"": ""Cell Genomics article links code to harpak-lab/amplification_gxsex and UKB publication metadata identifies application 61666; DMCA target Harpak-Lab/GxSex has the same lab and GxSex topic but a different repository name.""}]",B1_AUTHOR_LAB_PROJECT_NAME_TOPIC_CONSISTENCY,public_metadata_seed; B1_AUTHOR_LAB_PROJECT_NAME_TOPIC_CONSISTENCY,false,false,false,pheno_lymphocyte_perc.txt,single_file,,,,,,,,0,evidence/lineages/lineage_harpak-lab_gxsex.md,,,,,,,,,
2026-03-31-uk-biobank-4,2026-03-31,2026/03/2026-03-31-uk-biobank-4.md,https://github.com/harpak-lab/GxSex,harpak-lab,GxSex,http_451,lineage_harpak-lab_gxsex,unknown,,Phenotypes/pheno_creatinine.txt,genotype; phenotype; hospital_episode_statistics; proteomics; gwas; covariates,,,2026-03-31,Amplification is the primary mode of gene-by-sex interaction in complex human traits,10.1016/j.xgen.2023.100297,37228747,Carrie Zhu; Matthew J. Ming; Jared M. Cole; Michael D. Edge; Mark Kirkpatrick; Arbel Harpak,61666,Sexually antagonistic selection in humans,Professor Mark Kirkpatrick,University of Texas (UT Austin),true,probable,85,Public metadata seed records strong but non-deterministic repository-publication-application evidence.,https://github.com/github/dmca/blob/master/2026/03/2026-03-31-uk-biobank-4.md; https://raw.githubusercontent.com/harpak-lab/GxSex/02f6cfef28b065fcbafb19731c051f7dbcb3d5c3/Phenotypes/pheno_creatinine.txt; https://github.com/harpak-lab/GxSex; https://www.sciencedirect.com/science/article/pii/S2666979X23000630; https://pubmed.ncbi.nlm.nih.gov/37228747/; https://biobank.ndph.ox.ac.uk/ukb/pub.cgi?id=7877; https://github.com/harpak-lab/amplification_gxsex; https://doi.org/10.1016/j.xgen.2023.100297,target repository owner/uploader only; not attributed to the UKB application team without independent evidence,true,10.1016/j.xgen.2023.100297,37228747,Amplification is the primary mode of gene-by-sex interaction in complex human traits,,61666,1,doi; pmid; title,"[{""app_id"": ""61666"", ""evidence_class"": ""B1_AUTHOR_LAB_PROJECT_NAME_TOPIC_CONSISTENCY"", ""evidence_urls"": ""https://www.sciencedirect.com/science/article/pii/S2666979X23000630; https://pubmed.ncbi.nlm.nih.gov/37228747/; https://biobank.ndph.ox.ac.uk/ukb/pub.cgi?id=7877; https://github.com/harpak-lab/amplification_gxsex; https://doi.org/10.1016/j.xgen.2023.100297"", ""identifier"": ""10.1016/j.xgen.2023.100297"", ""identifier_type"": ""doi; pmid; title"", ""pub_id"": """", ""source_relation"": ""Cell Genomics article links code to harpak-lab/amplification_gxsex and UKB publication metadata identifies application 61666; DMCA target Harpak-Lab/GxSex has the same lab and GxSex topic but a different repository name.""}]",B1_AUTHOR_LAB_PROJECT_NAME_TOPIC_CONSISTENCY,public_metadata_seed; B1_AUTHOR_LAB_PROJECT_NAME_TOPIC_CONSISTENCY,false,false,false,pheno_creatinine.txt,single_file,,,,,,,,0,evidence/lineages/lineage_harpak-lab_gxsex.md,,,,,,,,,
2026-03-31-uk-biobank-4,2026-03-31,2026/03/2026-03-31-uk-biobank-4.md,https://github.com/harpak-lab/GxSex,harpak-lab,GxSex,http_451,lineage_harpak-lab_gxsex,unknown,,Phenotypes/pheno_urea.txt,genotype; phenotype; hospital_episode_statistics; proteomics; gwas; covariates,,,2026-03-31,Amplification is the primary mode of gene-by-sex interaction in complex human traits,10.1016/j.xgen.2023.100297,37228747,Carrie Zhu; Matthew J. Ming; Jared M. Cole; Michael D. Edge; Mark Kirkpatrick; Arbel Harpak,61666,Sexually antagonistic selection in humans,Professor Mark Kirkpatrick,University of Texas (UT Austin),true,probable,85,Public metadata seed records strong but non-deterministic repository-publication-application evidence.,https://github.com/github/dmca/blob/master/2026/03/2026-03-31-uk-biobank-4.md; https://raw.githubusercontent.com/harpak-lab/GxSex/02f6cfef28b065fcbafb19731c051f7dbcb3d5c3/Phenotypes/pheno_urea.txt; https://github.com/harpak-lab/GxSex; https://www.sciencedirect.com/science/article/pii/S2666979X23000630; https://pubmed.ncbi.nlm.nih.gov/37228747/; https://biobank.ndph.ox.ac.uk/ukb/pub.cgi?id=7877; https://github.com/harpak-lab/amplification_gxsex; https://doi.org/10.1016/j.xgen.2023.100297,target repository owner/uploader only; not attributed to the UKB application team without independent evidence,true,10.1016/j.xgen.2023.100297,37228747,Amplification is the primary mode of gene-by-sex interaction in complex human traits,,61666,1,doi; pmid; title,"[{""app_id"": ""61666"", ""evidence_class"": ""B1_AUTHOR_LAB_PROJECT_NAME_TOPIC_CONSISTENCY"", ""evidence_urls"": ""https://www.sciencedirect.com/science/article/pii/S2666979X23000630; https://pubmed.ncbi.nlm.nih.gov/37228747/; https://biobank.ndph.ox.ac.uk/ukb/pub.cgi?id=7877; https://github.com/harpak-lab/amplification_gxsex; https://doi.org/10.1016/j.xgen.2023.100297"", ""identifier"": ""10.1016/j.xgen.2023.100297"", ""identifier_type"": ""doi; pmid; title"", ""pub_id"": """", ""source_relation"": ""Cell Genomics article links code to harpak-lab/amplification_gxsex and UKB publication metadata identifies application 61666; DMCA target Harpak-Lab/GxSex has the same lab and GxSex topic but a different repository name.""}]",B1_AUTHOR_LAB_PROJECT_NAME_TOPIC_CONSISTENCY,public_metadata_seed; B1_AUTHOR_LAB_PROJECT_NAME_TOPIC_CONSISTENCY,false,false,false,pheno_urea.txt,single_file,,,,,,,,0,evidence/lineages/lineage_harpak-lab_gxsex.md,,,,,,,,,
2026-03-31-uk-biobank-4,2026-03-31,2026/03/2026-03-31-uk-biobank-4.md,https://github.com/harpak-lab/GxSex,harpak-lab,GxSex,http_451,lineage_harpak-lab_gxsex,unknown,,Phenotypes/pheno_urate.txt,genotype; phenotype; hospital_episode_statistics; proteomics; gwas; covariates,,,2026-03-31,Amplification is the primary mode of gene-by-sex interaction in complex human traits,10.1016/j.xgen.2023.100297,37228747,Carrie Zhu; Matthew J. Ming; Jared M. Cole; Michael D. Edge; Mark Kirkpatrick; Arbel Harpak,61666,Sexually antagonistic selection in humans,Professor Mark Kirkpatrick,University of Texas (UT Austin),true,probable,85,Public metadata seed records strong but non-deterministic repository-publication-application evidence.,https://github.com/github/dmca/blob/master/2026/03/2026-03-31-uk-biobank-4.md; https://raw.githubusercontent.com/harpak-lab/GxSex/02f6cfef28b065fcbafb19731c051f7dbcb3d5c3/Phenotypes/pheno_urate.txt; https://github.com/harpak-lab/GxSex; https://www.sciencedirect.com/science/article/pii/S2666979X23000630; https://pubmed.ncbi.nlm.nih.gov/37228747/; https://biobank.ndph.ox.ac.uk/ukb/pub.cgi?id=7877; https://github.com/harpak-lab/amplification_gxsex; https://doi.org/10.1016/j.xgen.2023.100297,target repository owner/uploader only; not attributed to the UKB application team without independent evidence,true,10.1016/j.xgen.2023.100297,37228747,Amplification is the primary mode of gene-by-sex interaction in complex human traits,,61666,1,doi; pmid; title,"[{""app_id"": ""61666"", ""evidence_class"": ""B1_AUTHOR_LAB_PROJECT_NAME_TOPIC_CONSISTENCY"", ""evidence_urls"": ""https://www.sciencedirect.com/science/article/pii/S2666979X23000630; https://pubmed.ncbi.nlm.nih.gov/37228747/; https://biobank.ndph.ox.ac.uk/ukb/pub.cgi?id=7877; https://github.com/harpak-lab/amplification_gxsex; https://doi.org/10.1016/j.xgen.2023.100297"", ""identifier"": ""10.1016/j.xgen.2023.100297"", ""identifier_type"": ""doi; pmid; title"", ""pub_id"": """", ""source_relation"": ""Cell Genomics article links code to harpak-lab/amplification_gxsex and UKB publication metadata identifies application 61666; DMCA target Harpak-Lab/GxSex has the same lab and GxSex topic but a different repository name.""}]",B1_AUTHOR_LAB_PROJECT_NAME_TOPIC_CONSISTENCY,public_metadata_seed; B1_AUTHOR_LAB_PROJECT_NAME_TOPIC_CONSISTENCY,false,false,false,pheno_urate.txt,single_file,,,,,,,,0,evidence/lineages/lineage_harpak-lab_gxsex.md,,,,,,,,,
2026-03-31-uk-biobank-4,2026-03-31,2026/03/2026-03-31-uk-biobank-4.md,https://github.com/harpak-lab/GxSex,harpak-lab,GxSex,http_451,lineage_harpak-lab_gxsex,unknown,,Phenotypes/pheno_diastolicBP_auto.txt,genotype; phenotype; hospital_episode_statistics; proteomics; gwas; covariates,,,2026-03-31,Amplification is the primary mode of gene-by-sex interaction in complex human traits,10.1016/j.xgen.2023.100297,37228747,Carrie Zhu; Matthew J. Ming; Jared M. Cole; Michael D. Edge; Mark Kirkpatrick; Arbel Harpak,61666,Sexually antagonistic selection in humans,Professor Mark Kirkpatrick,University of Texas (UT Austin),true,probable,85,Public metadata seed records strong but non-deterministic repository-publication-application evidence.,https://github.com/github/dmca/blob/master/2026/03/2026-03-31-uk-biobank-4.md; https://raw.githubusercontent.com/harpak-lab/GxSex/02f6cfef28b065fcbafb19731c051f7dbcb3d5c3/Phenotypes/pheno_diastolicBP_auto.txt; https://github.com/harpak-lab/GxSex; https://www.sciencedirect.com/science/article/pii/S2666979X23000630; https://pubmed.ncbi.nlm.nih.gov/37228747/; https://biobank.ndph.ox.ac.uk/ukb/pub.cgi?id=7877; https://github.com/harpak-lab/amplification_gxsex; https://doi.org/10.1016/j.xgen.2023.100297,target repository owner/uploader only; not attributed to the UKB application team without independent evidence,true,10.1016/j.xgen.2023.100297,37228747,Amplification is the primary mode of gene-by-sex interaction in complex human traits,,61666,1,doi; pmid; title,"[{""app_id"": ""61666"", ""evidence_class"": ""B1_AUTHOR_LAB_PROJECT_NAME_TOPIC_CONSISTENCY"", ""evidence_urls"": ""https://www.sciencedirect.com/science/article/pii/S2666979X23000630; https://pubmed.ncbi.nlm.nih.gov/37228747/; https://biobank.ndph.ox.ac.uk/ukb/pub.cgi?id=7877; https://github.com/harpak-lab/amplification_gxsex; https://doi.org/10.1016/j.xgen.2023.100297"", ""identifier"": ""10.1016/j.xgen.2023.100297"", ""identifier_type"": ""doi; pmid; title"", ""pub_id"": """", ""source_relation"": ""Cell Genomics article links code to harpak-lab/amplification_gxsex and UKB publication metadata identifies application 61666; DMCA target Harpak-Lab/GxSex has the same lab and GxSex topic but a different repository name.""}]",B1_AUTHOR_LAB_PROJECT_NAME_TOPIC_CONSISTENCY,public_metadata_seed; B1_AUTHOR_LAB_PROJECT_NAME_TOPIC_CONSISTENCY,false,false,false,pheno_diastolicBP_auto.txt,single_file,,,,,,,,0,evidence/lineages/lineage_harpak-lab_gxsex.md,,,,,,,,,
2026-03-31-uk-biobank-4,2026-03-31,2026/03/2026-03-31-uk-biobank-4.md,https://github.com/harpak-lab/GxSex,harpak-lab,GxSex,http_451,lineage_harpak-lab_gxsex,unknown,,Phenotypes/pheno_pulse_rate.txt,genotype; phenotype; hospital_episode_statistics; proteomics; gwas; covariates,,,2026-03-31,Amplification is the primary mode of gene-by-sex interaction in complex human traits,10.1016/j.xgen.2023.100297,37228747,Carrie Zhu; Matthew J. Ming; Jared M. Cole; Michael D. Edge; Mark Kirkpatrick; Arbel Harpak,61666,Sexually antagonistic selection in humans,Professor Mark Kirkpatrick,University of Texas (UT Austin),true,probable,85,Public metadata seed records strong but non-deterministic repository-publication-application evidence.,https://github.com/github/dmca/blob/master/2026/03/2026-03-31-uk-biobank-4.md; https://raw.githubusercontent.com/harpak-lab/GxSex/02f6cfef28b065fcbafb19731c051f7dbcb3d5c3/Phenotypes/pheno_pulse_rate.txt; https://github.com/harpak-lab/GxSex; https://www.sciencedirect.com/science/article/pii/S2666979X23000630; https://pubmed.ncbi.nlm.nih.gov/37228747/; https://biobank.ndph.ox.ac.uk/ukb/pub.cgi?id=7877; https://github.com/harpak-lab/amplification_gxsex; https://doi.org/10.1016/j.xgen.2023.100297,target repository owner/uploader only; not attributed to the UKB application team without independent evidence,true,10.1016/j.xgen.2023.100297,37228747,Amplification is the primary mode of gene-by-sex interaction in complex human traits,,61666,1,doi; pmid; title,"[{""app_id"": ""61666"", ""evidence_class"": ""B1_AUTHOR_LAB_PROJECT_NAME_TOPIC_CONSISTENCY"", ""evidence_urls"": ""https://www.sciencedirect.com/science/article/pii/S2666979X23000630; https://pubmed.ncbi.nlm.nih.gov/37228747/; https://biobank.ndph.ox.ac.uk/ukb/pub.cgi?id=7877; https://github.com/harpak-lab/amplification_gxsex; https://doi.org/10.1016/j.xgen.2023.100297"", ""identifier"": ""10.1016/j.xgen.2023.100297"", ""identifier_type"": ""doi; pmid; title"", ""pub_id"": """", ""source_relation"": ""Cell Genomics article links code to harpak-lab/amplification_gxsex and UKB publication metadata identifies application 61666; DMCA target Harpak-Lab/GxSex has the same lab and GxSex topic but a different repository name.""}]",B1_AUTHOR_LAB_PROJECT_NAME_TOPIC_CONSISTENCY,public_metadata_seed; B1_AUTHOR_LAB_PROJECT_NAME_TOPIC_CONSISTENCY,false,false,false,pheno_pulse_rate.txt,single_file,,,,,,,,0,evidence/lineages/lineage_harpak-lab_gxsex.md,,,,,,,,,
2026-03-31-uk-biobank-4,2026-03-31,2026/03/2026-03-31-uk-biobank-4.md,https://github.com/harpak-lab/GxSex,harpak-lab,GxSex,http_451,lineage_harpak-lab_gxsex,unknown,,Phenotypes/pheno_systolicBP_auto.txt,genotype; phenotype; hospital_episode_statistics; proteomics; gwas; covariates,,,2026-03-31,Amplification is the primary mode of gene-by-sex interaction in complex human traits,10.1016/j.xgen.2023.100297,37228747,Carrie Zhu; Matthew J. Ming; Jared M. Cole; Michael D. Edge; Mark Kirkpatrick; Arbel Harpak,61666,Sexually antagonistic selection in humans,Professor Mark Kirkpatrick,University of Texas (UT Austin),true,probable,85,Public metadata seed records strong but non-deterministic repository-publication-application evidence.,https://github.com/github/dmca/blob/master/2026/03/2026-03-31-uk-biobank-4.md; https://raw.githubusercontent.com/harpak-lab/GxSex/02f6cfef28b065fcbafb19731c051f7dbcb3d5c3/Phenotypes/pheno_systolicBP_auto.txt; https://github.com/harpak-lab/GxSex; https://www.sciencedirect.com/science/article/pii/S2666979X23000630; https://pubmed.ncbi.nlm.nih.gov/37228747/; https://biobank.ndph.ox.ac.uk/ukb/pub.cgi?id=7877; https://github.com/harpak-lab/amplification_gxsex; https://doi.org/10.1016/j.xgen.2023.100297,target repository owner/uploader only; not attributed to the UKB application team without independent evidence,true,10.1016/j.xgen.2023.100297,37228747,Amplification is the primary mode of gene-by-sex interaction in complex human traits,,61666,1,doi; pmid; title,"[{""app_id"": ""61666"", ""evidence_class"": ""B1_AUTHOR_LAB_PROJECT_NAME_TOPIC_CONSISTENCY"", ""evidence_urls"": ""https://www.sciencedirect.com/science/article/pii/S2666979X23000630; https://pubmed.ncbi.nlm.nih.gov/37228747/; https://biobank.ndph.ox.ac.uk/ukb/pub.cgi?id=7877; https://github.com/harpak-lab/amplification_gxsex; https://doi.org/10.1016/j.xgen.2023.100297"", ""identifier"": ""10.1016/j.xgen.2023.100297"", ""identifier_type"": ""doi; pmid; title"", ""pub_id"": """", ""source_relation"": ""Cell Genomics article links code to harpak-lab/amplification_gxsex and UKB publication metadata identifies application 61666; DMCA target Harpak-Lab/GxSex has the same lab and GxSex topic but a different repository name.""}]",B1_AUTHOR_LAB_PROJECT_NAME_TOPIC_CONSISTENCY,public_metadata_seed; B1_AUTHOR_LAB_PROJECT_NAME_TOPIC_CONSISTENCY,false,false,false,pheno_systolicBP_auto.txt,single_file,,,,,,,,0,evidence/lineages/lineage_harpak-lab_gxsex.md,,,,,,,,,
2026-03-31-uk-biobank-4,2026-03-31,2026/03/2026-03-31-uk-biobank-4.md,https://github.com/harpak-lab/GxSex,harpak-lab,GxSex,http_451,lineage_harpak-lab_gxsex,unknown,,Phenotypes/pheno_IGF1.txt,genotype; phenotype; hospital_episode_statistics; proteomics; gwas; covariates,,,2026-03-31,Amplification is the primary mode of gene-by-sex interaction in complex human traits,10.1016/j.xgen.2023.100297,37228747,Carrie Zhu; Matthew J. Ming; Jared M. Cole; Michael D. Edge; Mark Kirkpatrick; Arbel Harpak,61666,Sexually antagonistic selection in humans,Professor Mark Kirkpatrick,University of Texas (UT Austin),true,probable,85,Public metadata seed records strong but non-deterministic repository-publication-application evidence.,https://github.com/github/dmca/blob/master/2026/03/2026-03-31-uk-biobank-4.md; https://raw.githubusercontent.com/harpak-lab/GxSex/02f6cfef28b065fcbafb19731c051f7dbcb3d5c3/Phenotypes/pheno_IGF1.txt; https://github.com/harpak-lab/GxSex; https://www.sciencedirect.com/science/article/pii/S2666979X23000630; https://pubmed.ncbi.nlm.nih.gov/37228747/; https://biobank.ndph.ox.ac.uk/ukb/pub.cgi?id=7877; https://github.com/harpak-lab/amplification_gxsex; https://doi.org/10.1016/j.xgen.2023.100297,target repository owner/uploader only; not attributed to the UKB application team without independent evidence,true,10.1016/j.xgen.2023.100297,37228747,Amplification is the primary mode of gene-by-sex interaction in complex human traits,,61666,1,doi; pmid; title,"[{""app_id"": ""61666"", ""evidence_class"": ""B1_AUTHOR_LAB_PROJECT_NAME_TOPIC_CONSISTENCY"", ""evidence_urls"": ""https://www.sciencedirect.com/science/article/pii/S2666979X23000630; https://pubmed.ncbi.nlm.nih.gov/37228747/; https://biobank.ndph.ox.ac.uk/ukb/pub.cgi?id=7877; https://github.com/harpak-lab/amplification_gxsex; https://doi.org/10.1016/j.xgen.2023.100297"", ""identifier"": ""10.1016/j.xgen.2023.100297"", ""identifier_type"": ""doi; pmid; title"", ""pub_id"": """", ""source_relation"": ""Cell Genomics article links code to harpak-lab/amplification_gxsex and UKB publication metadata identifies application 61666; DMCA target Harpak-Lab/GxSex has the same lab and GxSex topic but a different repository name.""}]",B1_AUTHOR_LAB_PROJECT_NAME_TOPIC_CONSISTENCY,public_metadata_seed; B1_AUTHOR_LAB_PROJECT_NAME_TOPIC_CONSISTENCY,false,false,false,pheno_IGF1.txt,single_file,,,,,,,,0,evidence/lineages/lineage_harpak-lab_gxsex.md,,,,,,,,,
2026-03-31-uk-biobank-4,2026-03-31,2026/03/2026-03-31-uk-biobank-4.md,https://github.com/harpak-lab/GxSex,harpak-lab,GxSex,http_451,lineage_harpak-lab_gxsex,unknown,,Phenotypes/pheno_HbA1c.txt,genotype; phenotype; hospital_episode_statistics; proteomics; gwas; covariates,,,2026-03-31,Amplification is the primary mode of gene-by-sex interaction in complex human traits,10.1016/j.xgen.2023.100297,37228747,Carrie Zhu; Matthew J. Ming; Jared M. Cole; Michael D. Edge; Mark Kirkpatrick; Arbel Harpak,61666,Sexually antagonistic selection in humans,Professor Mark Kirkpatrick,University of Texas (UT Austin),true,probable,85,Public metadata seed records strong but non-deterministic repository-publication-application evidence.,https://github.com/github/dmca/blob/master/2026/03/2026-03-31-uk-biobank-4.md; https://raw.githubusercontent.com/harpak-lab/GxSex/02f6cfef28b065fcbafb19731c051f7dbcb3d5c3/Phenotypes/pheno_HbA1c.txt; https://github.com/harpak-lab/GxSex; https://www.sciencedirect.com/science/article/pii/S2666979X23000630; https://pubmed.ncbi.nlm.nih.gov/37228747/; https://biobank.ndph.ox.ac.uk/ukb/pub.cgi?id=7877; https://github.com/harpak-lab/amplification_gxsex; https://doi.org/10.1016/j.xgen.2023.100297,target repository owner/uploader only; not attributed to the UKB application team without independent evidence,true,10.1016/j.xgen.2023.100297,37228747,Amplification is the primary mode of gene-by-sex interaction in complex human traits,,61666,1,doi; pmid; title,"[{""app_id"": ""61666"", ""evidence_class"": ""B1_AUTHOR_LAB_PROJECT_NAME_TOPIC_CONSISTENCY"", ""evidence_urls"": ""https://www.sciencedirect.com/science/article/pii/S2666979X23000630; https://pubmed.ncbi.nlm.nih.gov/37228747/; https://biobank.ndph.ox.ac.uk/ukb/pub.cgi?id=7877; https://github.com/harpak-lab/amplification_gxsex; https://doi.org/10.1016/j.xgen.2023.100297"", ""identifier"": ""10.1016/j.xgen.2023.100297"", ""identifier_type"": ""doi; pmid; title"", ""pub_id"": """", ""source_relation"": ""Cell Genomics article links code to harpak-lab/amplification_gxsex and UKB publication metadata identifies application 61666; DMCA target Harpak-Lab/GxSex has the same lab and GxSex topic but a different repository name.""}]",B1_AUTHOR_LAB_PROJECT_NAME_TOPIC_CONSISTENCY,public_metadata_seed; B1_AUTHOR_LAB_PROJECT_NAME_TOPIC_CONSISTENCY,false,false,false,pheno_HbA1c.txt,single_file,,,,,,,,0,evidence/lineages/lineage_harpak-lab_gxsex.md,,,,,,,,,
2026-03-31-uk-biobank-4,2026-03-31,2026/03/2026-03-31-uk-biobank-4.md,https://github.com/harpak-lab/GxSex,harpak-lab,GxSex,http_451,lineage_harpak-lab_gxsex,unknown,,Phenotypes/pheno_albumin.txt,genotype; phenotype; hospital_episode_statistics; proteomics; gwas; covariates,,,2026-03-31,Amplification is the primary mode of gene-by-sex interaction in complex human traits,10.1016/j.xgen.2023.100297,37228747,Carrie Zhu; Matthew J. Ming; Jared M. Cole; Michael D. Edge; Mark Kirkpatrick; Arbel Harpak,61666,Sexually antagonistic selection in humans,Professor Mark Kirkpatrick,University of Texas (UT Austin),true,probable,85,Public metadata seed records strong but non-deterministic repository-publication-application evidence.,https://github.com/github/dmca/blob/master/2026/03/2026-03-31-uk-biobank-4.md; https://raw.githubusercontent.com/harpak-lab/GxSex/02f6cfef28b065fcbafb19731c051f7dbcb3d5c3/Phenotypes/pheno_albumin.txt; https://github.com/harpak-lab/GxSex; https://www.sciencedirect.com/science/article/pii/S2666979X23000630; https://pubmed.ncbi.nlm.nih.gov/37228747/; https://biobank.ndph.ox.ac.uk/ukb/pub.cgi?id=7877; https://github.com/harpak-lab/amplification_gxsex; https://doi.org/10.1016/j.xgen.2023.100297,target repository owner/uploader only; not attributed to the UKB application team without independent evidence,true,10.1016/j.xgen.2023.100297,37228747,Amplification is the primary mode of gene-by-sex interaction in complex human traits,,61666,1,doi; pmid; title,"[{""app_id"": ""61666"", ""evidence_class"": ""B1_AUTHOR_LAB_PROJECT_NAME_TOPIC_CONSISTENCY"", ""evidence_urls"": ""https://www.sciencedirect.com/science/article/pii/S2666979X23000630; https://pubmed.ncbi.nlm.nih.gov/37228747/; https://biobank.ndph.ox.ac.uk/ukb/pub.cgi?id=7877; https://github.com/harpak-lab/amplification_gxsex; https://doi.org/10.1016/j.xgen.2023.100297"", ""identifier"": ""10.1016/j.xgen.2023.100297"", ""identifier_type"": ""doi; pmid; title"", ""pub_id"": """", ""source_relation"": ""Cell Genomics article links code to harpak-lab/amplification_gxsex and UKB publication metadata identifies application 61666; DMCA target Harpak-Lab/GxSex has the same lab and GxSex topic but a different repository name.""}]",B1_AUTHOR_LAB_PROJECT_NAME_TOPIC_CONSISTENCY,public_metadata_seed; B1_AUTHOR_LAB_PROJECT_NAME_TOPIC_CONSISTENCY,false,false,false,pheno_albumin.txt,single_file,,,,,,,,0,evidence/lineages/lineage_harpak-lab_gxsex.md,,,,,,,,,
2026-03-31-uk-biobank-4,2026-03-31,2026/03/2026-03-31-uk-biobank-4.md,https://github.com/harpak-lab/GxSex,harpak-lab,GxSex,http_451,lineage_harpak-lab_gxsex,unknown,,Phenotypes/pheno_calcium.txt,genotype; phenotype; hospital_episode_statistics; proteomics; gwas; covariates,,,2026-03-31,Amplification is the primary mode of gene-by-sex interaction in complex human traits,10.1016/j.xgen.2023.100297,37228747,Carrie Zhu; Matthew J. Ming; Jared M. Cole; Michael D. Edge; Mark Kirkpatrick; Arbel Harpak,61666,Sexually antagonistic selection in humans,Professor Mark Kirkpatrick,University of Texas (UT Austin),true,probable,85,Public metadata seed records strong but non-deterministic repository-publication-application evidence.,https://github.com/github/dmca/blob/master/2026/03/2026-03-31-uk-biobank-4.md; https://raw.githubusercontent.com/harpak-lab/GxSex/02f6cfef28b065fcbafb19731c051f7dbcb3d5c3/Phenotypes/pheno_calcium.txt; https://github.com/harpak-lab/GxSex; https://www.sciencedirect.com/science/article/pii/S2666979X23000630; https://pubmed.ncbi.nlm.nih.gov/37228747/; https://biobank.ndph.ox.ac.uk/ukb/pub.cgi?id=7877; https://github.com/harpak-lab/amplification_gxsex; https://doi.org/10.1016/j.xgen.2023.100297,target repository owner/uploader only; not attributed to the UKB application team without independent evidence,true,10.1016/j.xgen.2023.100297,37228747,Amplification is the primary mode of gene-by-sex interaction in complex human traits,,61666,1,doi; pmid; title,"[{""app_id"": ""61666"", ""evidence_class"": ""B1_AUTHOR_LAB_PROJECT_NAME_TOPIC_CONSISTENCY"", ""evidence_urls"": ""https://www.sciencedirect.com/science/article/pii/S2666979X23000630; https://pubmed.ncbi.nlm.nih.gov/37228747/; https://biobank.ndph.ox.ac.uk/ukb/pub.cgi?id=7877; https://github.com/harpak-lab/amplification_gxsex; https://doi.org/10.1016/j.xgen.2023.100297"", ""identifier"": ""10.1016/j.xgen.2023.100297"", ""identifier_type"": ""doi; pmid; title"", ""pub_id"": """", ""source_relation"": ""Cell Genomics article links code to harpak-lab/amplification_gxsex and UKB publication metadata identifies application 61666; DMCA target Harpak-Lab/GxSex has the same lab and GxSex topic but a different repository name.""}]",B1_AUTHOR_LAB_PROJECT_NAME_TOPIC_CONSISTENCY,public_metadata_seed; B1_AUTHOR_LAB_PROJECT_NAME_TOPIC_CONSISTENCY,false,false,false,pheno_calcium.txt,single_file,,,,,,,,0,evidence/lineages/lineage_harpak-lab_gxsex.md,,,,,,,,,
2026-03-31-uk-biobank-4,2026-03-31,2026/03/2026-03-31-uk-biobank-4.md,https://github.com/harpak-lab/GxSex,harpak-lab,GxSex,http_451,lineage_harpak-lab_gxsex,unknown,,Phenotypes/pheno_protein_total.txt,genotype; phenotype; hospital_episode_statistics; proteomics; gwas; covariates,,,2026-03-31,Amplification is the primary mode of gene-by-sex interaction in complex human traits,10.1016/j.xgen.2023.100297,37228747,Carrie Zhu; Matthew J. Ming; Jared M. Cole; Michael D. Edge; Mark Kirkpatrick; Arbel Harpak,61666,Sexually antagonistic selection in humans,Professor Mark Kirkpatrick,University of Texas (UT Austin),true,probable,85,Public metadata seed records strong but non-deterministic repository-publication-application evidence.,https://github.com/github/dmca/blob/master/2026/03/2026-03-31-uk-biobank-4.md; https://raw.githubusercontent.com/harpak-lab/GxSex/02f6cfef28b065fcbafb19731c051f7dbcb3d5c3/Phenotypes/pheno_protein_total.txt; https://github.com/harpak-lab/GxSex; https://www.sciencedirect.com/science/article/pii/S2666979X23000630; https://pubmed.ncbi.nlm.nih.gov/37228747/; https://biobank.ndph.ox.ac.uk/ukb/pub.cgi?id=7877; https://github.com/harpak-lab/amplification_gxsex; https://doi.org/10.1016/j.xgen.2023.100297,target repository owner/uploader only; not attributed to the UKB application team without independent evidence,true,10.1016/j.xgen.2023.100297,37228747,Amplification is the primary mode of gene-by-sex interaction in complex human traits,,61666,1,doi; pmid; title,"[{""app_id"": ""61666"", ""evidence_class"": ""B1_AUTHOR_LAB_PROJECT_NAME_TOPIC_CONSISTENCY"", ""evidence_urls"": ""https://www.sciencedirect.com/science/article/pii/S2666979X23000630; https://pubmed.ncbi.nlm.nih.gov/37228747/; https://biobank.ndph.ox.ac.uk/ukb/pub.cgi?id=7877; https://github.com/harpak-lab/amplification_gxsex; https://doi.org/10.1016/j.xgen.2023.100297"", ""identifier"": ""10.1016/j.xgen.2023.100297"", ""identifier_type"": ""doi; pmid; title"", ""pub_id"": """", ""source_relation"": ""Cell Genomics article links code to harpak-lab/amplification_gxsex and UKB publication metadata identifies application 61666; DMCA target Harpak-Lab/GxSex has the same lab and GxSex topic but a different repository name.""}]",B1_AUTHOR_LAB_PROJECT_NAME_TOPIC_CONSISTENCY,public_metadata_seed; B1_AUTHOR_LAB_PROJECT_NAME_TOPIC_CONSISTENCY,false,false,false,pheno_protein_total.txt,single_file,,,,,,,,0,evidence/lineages/lineage_harpak-lab_gxsex.md,,,,,,,,,
2026-03-31-uk-biobank-4,2026-03-31,2026/03/2026-03-31-uk-biobank-4.md,https://github.com/harpak-lab/GxSex,harpak-lab,GxSex,http_451,lineage_harpak-lab_gxsex,unknown,,Phenotypes/pheno_SHBG.txt,genotype; phenotype; hospital_episode_statistics; proteomics; gwas; covariates,,,2026-03-31,Amplification is the primary mode of gene-by-sex interaction in complex human traits,10.1016/j.xgen.2023.100297,37228747,Carrie Zhu; Matthew J. Ming; Jared M. Cole; Michael D. Edge; Mark Kirkpatrick; Arbel Harpak,61666,Sexually antagonistic selection in humans,Professor Mark Kirkpatrick,University of Texas (UT Austin),true,probable,85,Public metadata seed records strong but non-deterministic repository-publication-application evidence.,https://github.com/github/dmca/blob/master/2026/03/2026-03-31-uk-biobank-4.md; https://raw.githubusercontent.com/harpak-lab/GxSex/02f6cfef28b065fcbafb19731c051f7dbcb3d5c3/Phenotypes/pheno_SHBG.txt; https://github.com/harpak-lab/GxSex; https://www.sciencedirect.com/science/article/pii/S2666979X23000630; https://pubmed.ncbi.nlm.nih.gov/37228747/; https://biobank.ndph.ox.ac.uk/ukb/pub.cgi?id=7877; https://github.com/harpak-lab/amplification_gxsex; https://doi.org/10.1016/j.xgen.2023.100297,target repository owner/uploader only; not attributed to the UKB application team without independent evidence,true,10.1016/j.xgen.2023.100297,37228747,Amplification is the primary mode of gene-by-sex interaction in complex human traits,,61666,1,doi; pmid; title,"[{""app_id"": ""61666"", ""evidence_class"": ""B1_AUTHOR_LAB_PROJECT_NAME_TOPIC_CONSISTENCY"", ""evidence_urls"": ""https://www.sciencedirect.com/science/article/pii/S2666979X23000630; https://pubmed.ncbi.nlm.nih.gov/37228747/; https://biobank.ndph.ox.ac.uk/ukb/pub.cgi?id=7877; https://github.com/harpak-lab/amplification_gxsex; https://doi.org/10.1016/j.xgen.2023.100297"", ""identifier"": ""10.1016/j.xgen.2023.100297"", ""identifier_type"": ""doi; pmid; title"", ""pub_id"": """", ""source_relation"": ""Cell Genomics article links code to harpak-lab/amplification_gxsex and UKB publication metadata identifies application 61666; DMCA target Harpak-Lab/GxSex has the same lab and GxSex topic but a different repository name.""}]",B1_AUTHOR_LAB_PROJECT_NAME_TOPIC_CONSISTENCY,public_metadata_seed; B1_AUTHOR_LAB_PROJECT_NAME_TOPIC_CONSISTENCY,false,false,false,pheno_SHBG.txt,single_file,,,,,,,,0,evidence/lineages/lineage_harpak-lab_gxsex.md,,,,,,,,,
2026-03-31-uk-biobank-4,2026-03-31,2026/03/2026-03-31-uk-biobank-4.md,https://github.com/harpak-lab/GxSex,harpak-lab,GxSex,http_451,lineage_harpak-lab_gxsex,unknown,,Phenotypes/pheno_testosterone.txt,genotype; phenotype; hospital_episode_statistics; proteomics; gwas; covariates,,,2026-03-31,Amplification is the primary mode of gene-by-sex interaction in complex human traits,10.1016/j.xgen.2023.100297,37228747,Carrie Zhu; Matthew J. Ming; Jared M. Cole; Michael D. Edge; Mark Kirkpatrick; Arbel Harpak,61666,Sexually antagonistic selection in humans,Professor Mark Kirkpatrick,University of Texas (UT Austin),true,probable,85,Public metadata seed records strong but non-deterministic repository-publication-application evidence.,https://github.com/github/dmca/blob/master/2026/03/2026-03-31-uk-biobank-4.md; https://raw.githubusercontent.com/harpak-lab/GxSex/02f6cfef28b065fcbafb19731c051f7dbcb3d5c3/Phenotypes/pheno_testosterone.txt; https://github.com/harpak-lab/GxSex; https://www.sciencedirect.com/science/article/pii/S2666979X23000630; https://pubmed.ncbi.nlm.nih.gov/37228747/; https://biobank.ndph.ox.ac.uk/ukb/pub.cgi?id=7877; https://github.com/harpak-lab/amplification_gxsex; https://doi.org/10.1016/j.xgen.2023.100297,target repository owner/uploader only; not attributed to the UKB application team without independent evidence,true,10.1016/j.xgen.2023.100297,37228747,Amplification is the primary mode of gene-by-sex interaction in complex human traits,,61666,1,doi; pmid; title,"[{""app_id"": ""61666"", ""evidence_class"": ""B1_AUTHOR_LAB_PROJECT_NAME_TOPIC_CONSISTENCY"", ""evidence_urls"": ""https://www.sciencedirect.com/science/article/pii/S2666979X23000630; https://pubmed.ncbi.nlm.nih.gov/37228747/; https://biobank.ndph.ox.ac.uk/ukb/pub.cgi?id=7877; https://github.com/harpak-lab/amplification_gxsex; https://doi.org/10.1016/j.xgen.2023.100297"", ""identifier"": ""10.1016/j.xgen.2023.100297"", ""identifier_type"": ""doi; pmid; title"", ""pub_id"": """", ""source_relation"": ""Cell Genomics article links code to harpak-lab/amplification_gxsex and UKB publication metadata identifies application 61666; DMCA target Harpak-Lab/GxSex has the same lab and GxSex topic but a different repository name.""}]",B1_AUTHOR_LAB_PROJECT_NAME_TOPIC_CONSISTENCY,public_metadata_seed; B1_AUTHOR_LAB_PROJECT_NAME_TOPIC_CONSISTENCY,false,false,false,pheno_testosterone.txt,single_file,,,,,,,,0,evidence/lineages/lineage_harpak-lab_gxsex.md,,,,,,,,,
2026-03-31-uk-biobank-4,2026-03-31,2026/03/2026-03-31-uk-biobank-4.md,https://github.com/harpak-lab/GxSex,harpak-lab,GxSex,http_451,lineage_harpak-lab_gxsex,unknown,,Phenotypes/pheno_FVC_best.txt,genotype; phenotype; hospital_episode_statistics; proteomics; gwas; covariates,,,2026-03-31,Amplification is the primary mode of gene-by-sex interaction in complex human traits,10.1016/j.xgen.2023.100297,37228747,Carrie Zhu; Matthew J. Ming; Jared M. Cole; Michael D. Edge; Mark Kirkpatrick; Arbel Harpak,61666,Sexually antagonistic selection in humans,Professor Mark Kirkpatrick,University of Texas (UT Austin),true,probable,85,Public metadata seed records strong but non-deterministic repository-publication-application evidence.,https://github.com/github/dmca/blob/master/2026/03/2026-03-31-uk-biobank-4.md; https://raw.githubusercontent.com/harpak-lab/GxSex/02f6cfef28b065fcbafb19731c051f7dbcb3d5c3/Phenotypes/pheno_FVC_best.txt; https://github.com/harpak-lab/GxSex; https://www.sciencedirect.com/science/article/pii/S2666979X23000630; https://pubmed.ncbi.nlm.nih.gov/37228747/; https://biobank.ndph.ox.ac.uk/ukb/pub.cgi?id=7877; https://github.com/harpak-lab/amplification_gxsex; https://doi.org/10.1016/j.xgen.2023.100297,target repository owner/uploader only; not attributed to the UKB application team without independent evidence,true,10.1016/j.xgen.2023.100297,37228747,Amplification is the primary mode of gene-by-sex interaction in complex human traits,,61666,1,doi; pmid; title,"[{""app_id"": ""61666"", ""evidence_class"": ""B1_AUTHOR_LAB_PROJECT_NAME_TOPIC_CONSISTENCY"", ""evidence_urls"": ""https://www.sciencedirect.com/science/article/pii/S2666979X23000630; https://pubmed.ncbi.nlm.nih.gov/37228747/; https://biobank.ndph.ox.ac.uk/ukb/pub.cgi?id=7877; https://github.com/harpak-lab/amplification_gxsex; https://doi.org/10.1016/j.xgen.2023.100297"", ""identifier"": ""10.1016/j.xgen.2023.100297"", ""identifier_type"": ""doi; pmid; title"", ""pub_id"": """", ""source_relation"": ""Cell Genomics article links code to harpak-lab/amplification_gxsex and UKB publication metadata identifies application 61666; DMCA target Harpak-Lab/GxSex has the same lab and GxSex topic but a different repository name.""}]",B1_AUTHOR_LAB_PROJECT_NAME_TOPIC_CONSISTENCY,public_metadata_seed; B1_AUTHOR_LAB_PROJECT_NAME_TOPIC_CONSISTENCY,false,false,false,pheno_FVC_best.txt,single_file,,,,,,,,0,evidence/lineages/lineage_harpak-lab_gxsex.md,,,,,,,,,
2026-03-31-uk-biobank-4,2026-03-31,2026/03/2026-03-31-uk-biobank-4.md,https://github.com/harpak-lab/GxSex,harpak-lab,GxSex,http_451,lineage_harpak-lab_gxsex,unknown,,Phenotypes/sex_ids.txt,genotype; phenotype; hospital_episode_statistics; proteomics; gwas; covariates,,,2026-03-31,Amplification is the primary mode of gene-by-sex interaction in complex human traits,10.1016/j.xgen.2023.100297,37228747,Carrie Zhu; Matthew J. Ming; Jared M. Cole; Michael D. Edge; Mark Kirkpatrick; Arbel Harpak,61666,Sexually antagonistic selection in humans,Professor Mark Kirkpatrick,University of Texas (UT Austin),true,probable,85,Public metadata seed records strong but non-deterministic repository-publication-application evidence.,https://github.com/github/dmca/blob/master/2026/03/2026-03-31-uk-biobank-4.md; https://raw.githubusercontent.com/harpak-lab/GxSex/02f6cfef28b065fcbafb19731c051f7dbcb3d5c3/Phenotypes/sex_ids.txt; https://github.com/harpak-lab/GxSex; https://www.sciencedirect.com/science/article/pii/S2666979X23000630; https://pubmed.ncbi.nlm.nih.gov/37228747/; https://biobank.ndph.ox.ac.uk/ukb/pub.cgi?id=7877; https://github.com/harpak-lab/amplification_gxsex; https://doi.org/10.1016/j.xgen.2023.100297,target repository owner/uploader only; not attributed to the UKB application team without independent evidence,true,10.1016/j.xgen.2023.100297,37228747,Amplification is the primary mode of gene-by-sex interaction in complex human traits,,61666,1,doi; pmid; title,"[{""app_id"": ""61666"", ""evidence_class"": ""B1_AUTHOR_LAB_PROJECT_NAME_TOPIC_CONSISTENCY"", ""evidence_urls"": ""https://www.sciencedirect.com/science/article/pii/S2666979X23000630; https://pubmed.ncbi.nlm.nih.gov/37228747/; https://biobank.ndph.ox.ac.uk/ukb/pub.cgi?id=7877; https://github.com/harpak-lab/amplification_gxsex; https://doi.org/10.1016/j.xgen.2023.100297"", ""identifier"": ""10.1016/j.xgen.2023.100297"", ""identifier_type"": ""doi; pmid; title"", ""pub_id"": """", ""source_relation"": ""Cell Genomics article links code to harpak-lab/amplification_gxsex and UKB publication metadata identifies application 61666; DMCA target Harpak-Lab/GxSex has the same lab and GxSex topic but a different repository name.""}]",B1_AUTHOR_LAB_PROJECT_NAME_TOPIC_CONSISTENCY,public_metadata_seed; B1_AUTHOR_LAB_PROJECT_NAME_TOPIC_CONSISTENCY,false,false,false,sex_ids.txt,single_file,,,,,,,,0,evidence/lineages/lineage_harpak-lab_gxsex.md,,,,,,,,,
2026-03-31-uk-biobank-4,2026-03-31,2026/03/2026-03-31-uk-biobank-4.md,https://github.com/harpak-lab/GxSex,harpak-lab,GxSex,http_451,lineage_harpak-lab_gxsex,unknown,,Final_scripts/Intermediate,genotype; phenotype; hospital_episode_statistics; proteomics; gwas; covariates,,,2026-03-31,Amplification is the primary mode of gene-by-sex interaction in complex human traits,10.1016/j.xgen.2023.100297,37228747,Carrie Zhu; Matthew J. Ming; Jared M. Cole; Michael D. Edge; Mark Kirkpatrick; Arbel Harpak,61666,Sexually antagonistic selection in humans,Professor Mark Kirkpatrick,University of Texas (UT Austin),true,probable,85,Public metadata seed records strong but non-deterministic repository-publication-application evidence.,https://github.com/github/dmca/blob/master/2026/03/2026-03-31-uk-biobank-4.md; https://raw.githubusercontent.com/harpak-lab/GxSex/91cfcd71d03089eff059bbb513abdfa0caaf2f20/Final_scripts/Intermediate; https://github.com/harpak-lab/GxSex; https://www.sciencedirect.com/science/article/pii/S2666979X23000630; https://pubmed.ncbi.nlm.nih.gov/37228747/; https://biobank.ndph.ox.ac.uk/ukb/pub.cgi?id=7877; https://github.com/harpak-lab/amplification_gxsex; https://doi.org/10.1016/j.xgen.2023.100297,target repository owner/uploader only; not attributed to the UKB application team without independent evidence,true,10.1016/j.xgen.2023.100297,37228747,Amplification is the primary mode of gene-by-sex interaction in complex human traits,,61666,1,doi; pmid; title,"[{""app_id"": ""61666"", ""evidence_class"": ""B1_AUTHOR_LAB_PROJECT_NAME_TOPIC_CONSISTENCY"", ""evidence_urls"": ""https://www.sciencedirect.com/science/article/pii/S2666979X23000630; https://pubmed.ncbi.nlm.nih.gov/37228747/; https://biobank.ndph.ox.ac.uk/ukb/pub.cgi?id=7877; https://github.com/harpak-lab/amplification_gxsex; https://doi.org/10.1016/j.xgen.2023.100297"", ""identifier"": ""10.1016/j.xgen.2023.100297"", ""identifier_type"": ""doi; pmid; title"", ""pub_id"": """", ""source_relation"": ""Cell Genomics article links code to harpak-lab/amplification_gxsex and UKB publication metadata identifies application 61666; DMCA target Harpak-Lab/GxSex has the same lab and GxSex topic but a different repository name.""}]",B1_AUTHOR_LAB_PROJECT_NAME_TOPIC_CONSISTENCY,public_metadata_seed; B1_AUTHOR_LAB_PROJECT_NAME_TOPIC_CONSISTENCY,false,false,false,Intermediate,single_file,,,,,,,,0,evidence/lineages/lineage_harpak-lab_gxsex.md,,,,,,,,,
2026-03-31-uk-biobank-4,2026-03-31,2026/03/2026-03-31-uk-biobank-4.md,https://github.com/harpak-lab/GxSex,harpak-lab,GxSex,http_451,lineage_harpak-lab_gxsex,unknown,,GWAS_Results/FVC_best/female_mash_FVC_best.1.profile,genotype; phenotype; hospital_episode_statistics; proteomics; gwas; covariates,,,2026-03-31,Amplification is the primary mode of gene-by-sex interaction in complex human traits,10.1016/j.xgen.2023.100297,37228747,Carrie Zhu; Matthew J. Ming; Jared M. Cole; Michael D. Edge; Mark Kirkpatrick; Arbel Harpak,61666,Sexually antagonistic selection in humans,Professor Mark Kirkpatrick,University of Texas (UT Austin),true,probable,85,Public metadata seed records strong but non-deterministic repository-publication-application evidence.,https://github.com/github/dmca/blob/master/2026/03/2026-03-31-uk-biobank-4.md; https://raw.githubusercontent.com/harpak-lab/GxSex/0c411d8b74b9921b33de82e7344d50a0c8c66dfe/GWAS_Results/FVC_best/female_mash_FVC_best.1.profile; https://github.com/harpak-lab/GxSex; https://www.sciencedirect.com/science/article/pii/S2666979X23000630; https://pubmed.ncbi.nlm.nih.gov/37228747/; https://biobank.ndph.ox.ac.uk/ukb/pub.cgi?id=7877; https://github.com/harpak-lab/amplification_gxsex; https://doi.org/10.1016/j.xgen.2023.100297,target repository owner/uploader only; not attributed to the UKB application team without independent evidence,true,10.1016/j.xgen.2023.100297,37228747,Amplification is the primary mode of gene-by-sex interaction in complex human traits,,61666,1,doi; pmid; title,"[{""app_id"": ""61666"", ""evidence_class"": ""B1_AUTHOR_LAB_PROJECT_NAME_TOPIC_CONSISTENCY"", ""evidence_urls"": ""https://www.sciencedirect.com/science/article/pii/S2666979X23000630; https://pubmed.ncbi.nlm.nih.gov/37228747/; https://biobank.ndph.ox.ac.uk/ukb/pub.cgi?id=7877; https://github.com/harpak-lab/amplification_gxsex; https://doi.org/10.1016/j.xgen.2023.100297"", ""identifier"": ""10.1016/j.xgen.2023.100297"", ""identifier_type"": ""doi; pmid; title"", ""pub_id"": """", ""source_relation"": ""Cell Genomics article links code to harpak-lab/amplification_gxsex and UKB publication metadata identifies application 61666; DMCA target Harpak-Lab/GxSex has the same lab and GxSex topic but a different repository name.""}]",B1_AUTHOR_LAB_PROJECT_NAME_TOPIC_CONSISTENCY,public_metadata_seed; B1_AUTHOR_LAB_PROJECT_NAME_TOPIC_CONSISTENCY,false,false,false,female_mash_FVC_best.1.profile,single_file,,,,,,,,0,evidence/lineages/lineage_harpak-lab_gxsex.md,,,,,,,,,
2026-03-31-uk-biobank-4,2026-03-31,2026/03/2026-03-31-uk-biobank-4.md,https://github.com/harpak-lab/GxSex,harpak-lab,GxSex,http_451,lineage_harpak-lab_gxsex,unknown,,GWAS_Results/FVC_best/male_mash_FVC_best.1.profile,genotype; phenotype; hospital_episode_statistics; proteomics; gwas; covariates,,,2026-03-31,Amplification is the primary mode of gene-by-sex interaction in complex human traits,10.1016/j.xgen.2023.100297,37228747,Carrie Zhu; Matthew J. Ming; Jared M. Cole; Michael D. Edge; Mark Kirkpatrick; Arbel Harpak,61666,Sexually antagonistic selection in humans,Professor Mark Kirkpatrick,University of Texas (UT Austin),true,probable,85,Public metadata seed records strong but non-deterministic repository-publication-application evidence.,https://github.com/github/dmca/blob/master/2026/03/2026-03-31-uk-biobank-4.md; https://raw.githubusercontent.com/harpak-lab/GxSex/0c411d8b74b9921b33de82e7344d50a0c8c66dfe/GWAS_Results/FVC_best/male_mash_FVC_best.1.profile; https://github.com/harpak-lab/GxSex; https://www.sciencedirect.com/science/article/pii/S2666979X23000630; https://pubmed.ncbi.nlm.nih.gov/37228747/; https://biobank.ndph.ox.ac.uk/ukb/pub.cgi?id=7877; https://github.com/harpak-lab/amplification_gxsex; https://doi.org/10.1016/j.xgen.2023.100297,target repository owner/uploader only; not attributed to the UKB application team without independent evidence,true,10.1016/j.xgen.2023.100297,37228747,Amplification is the primary mode of gene-by-sex interaction in complex human traits,,61666,1,doi; pmid; title,"[{""app_id"": ""61666"", ""evidence_class"": ""B1_AUTHOR_LAB_PROJECT_NAME_TOPIC_CONSISTENCY"", ""evidence_urls"": ""https://www.sciencedirect.com/science/article/pii/S2666979X23000630; https://pubmed.ncbi.nlm.nih.gov/37228747/; https://biobank.ndph.ox.ac.uk/ukb/pub.cgi?id=7877; https://github.com/harpak-lab/amplification_gxsex; https://doi.org/10.1016/j.xgen.2023.100297"", ""identifier"": ""10.1016/j.xgen.2023.100297"", ""identifier_type"": ""doi; pmid; title"", ""pub_id"": """", ""source_relation"": ""Cell Genomics article links code to harpak-lab/amplification_gxsex and UKB publication metadata identifies application 61666; DMCA target Harpak-Lab/GxSex has the same lab and GxSex topic but a different repository name.""}]",B1_AUTHOR_LAB_PROJECT_NAME_TOPIC_CONSISTENCY,public_metadata_seed; B1_AUTHOR_LAB_PROJECT_NAME_TOPIC_CONSISTENCY,false,false,false,male_mash_FVC_best.1.profile,single_file,,,,,,,,0,evidence/lineages/lineage_harpak-lab_gxsex.md,,,,,,,,,
2026-03-31-uk-biobank-4,2026-03-31,2026/03/2026-03-31-uk-biobank-4.md,https://github.com/harpak-lab/GxSex,harpak-lab,GxSex,http_451,lineage_harpak-lab_gxsex,unknown,,GWAS_Results/arm_fatfree_mass_R/female_mash_arm_fatfree_mass_R.1.profile,genotype; phenotype; hospital_episode_statistics; proteomics; gwas; covariates,,,2026-03-31,Amplification is the primary mode of gene-by-sex interaction in complex human traits,10.1016/j.xgen.2023.100297,37228747,Carrie Zhu; Matthew J. Ming; Jared M. Cole; Michael D. Edge; Mark Kirkpatrick; Arbel Harpak,61666,Sexually antagonistic selection in humans,Professor Mark Kirkpatrick,University of Texas (UT Austin),true,probable,85,Public metadata seed records strong but non-deterministic repository-publication-application evidence.,https://github.com/github/dmca/blob/master/2026/03/2026-03-31-uk-biobank-4.md; https://raw.githubusercontent.com/harpak-lab/GxSex/3bd6831a85cb9dc12094c7fd66e1edd59db18fea/GWAS_Results/arm_fatfree_mass_R/female_mash_arm_fatfree_mass_R.1.profile; https://github.com/harpak-lab/GxSex; https://www.sciencedirect.com/science/article/pii/S2666979X23000630; https://pubmed.ncbi.nlm.nih.gov/37228747/; https://biobank.ndph.ox.ac.uk/ukb/pub.cgi?id=7877; https://github.com/harpak-lab/amplification_gxsex; https://doi.org/10.1016/j.xgen.2023.100297,target repository owner/uploader only; not attributed to the UKB application team without independent evidence,true,10.1016/j.xgen.2023.100297,37228747,Amplification is the primary mode of gene-by-sex interaction in complex human traits,,61666,1,doi; pmid; title,"[{""app_id"": ""61666"", ""evidence_class"": ""B1_AUTHOR_LAB_PROJECT_NAME_TOPIC_CONSISTENCY"", ""evidence_urls"": ""https://www.sciencedirect.com/science/article/pii/S2666979X23000630; https://pubmed.ncbi.nlm.nih.gov/37228747/; https://biobank.ndph.ox.ac.uk/ukb/pub.cgi?id=7877; https://github.com/harpak-lab/amplification_gxsex; https://doi.org/10.1016/j.xgen.2023.100297"", ""identifier"": ""10.1016/j.xgen.2023.100297"", ""identifier_type"": ""doi; pmid; title"", ""pub_id"": """", ""source_relation"": ""Cell Genomics article links code to harpak-lab/amplification_gxsex and UKB publication metadata identifies application 61666; DMCA target Harpak-Lab/GxSex has the same lab and GxSex topic but a different repository name.""}]",B1_AUTHOR_LAB_PROJECT_NAME_TOPIC_CONSISTENCY,public_metadata_seed; B1_AUTHOR_LAB_PROJECT_NAME_TOPIC_CONSISTENCY,false,false,false,female_mash_arm_fatfree_mass_R.1.profile,single_file,,,,,,,,0,evidence/lineages/lineage_harpak-lab_gxsex.md,,,,,,,,,
2026-03-31-uk-biobank-4,2026-03-31,2026/03/2026-03-31-uk-biobank-4.md,https://github.com/harpak-lab/GxSex,harpak-lab,GxSex,http_451,lineage_harpak-lab_gxsex,unknown,,GWAS_Results/bmi/female_mash_bmi.1.profile,genotype; phenotype; hospital_episode_statistics; proteomics; gwas; covariates,,,2026-03-31,Amplification is the primary mode of gene-by-sex interaction in complex human traits,10.1016/j.xgen.2023.100297,37228747,Carrie Zhu; Matthew J. Ming; Jared M. Cole; Michael D. Edge; Mark Kirkpatrick; Arbel Harpak,61666,Sexually antagonistic selection in humans,Professor Mark Kirkpatrick,University of Texas (UT Austin),true,probable,85,Public metadata seed records strong but non-deterministic repository-publication-application evidence.,https://github.com/github/dmca/blob/master/2026/03/2026-03-31-uk-biobank-4.md; https://raw.githubusercontent.com/harpak-lab/GxSex/3bd6831a85cb9dc12094c7fd66e1edd59db18fea/GWAS_Results/bmi/female_mash_bmi.1.profile; https://github.com/harpak-lab/GxSex; https://www.sciencedirect.com/science/article/pii/S2666979X23000630; https://pubmed.ncbi.nlm.nih.gov/37228747/; https://biobank.ndph.ox.ac.uk/ukb/pub.cgi?id=7877; https://github.com/harpak-lab/amplification_gxsex; https://doi.org/10.1016/j.xgen.2023.100297,target repository owner/uploader only; not attributed to the UKB application team without independent evidence,true,10.1016/j.xgen.2023.100297,37228747,Amplification is the primary mode of gene-by-sex interaction in complex human traits,,61666,1,doi; pmid; title,"[{""app_id"": ""61666"", ""evidence_class"": ""B1_AUTHOR_LAB_PROJECT_NAME_TOPIC_CONSISTENCY"", ""evidence_urls"": ""https://www.sciencedirect.com/science/article/pii/S2666979X23000630; https://pubmed.ncbi.nlm.nih.gov/37228747/; https://biobank.ndph.ox.ac.uk/ukb/pub.cgi?id=7877; https://github.com/harpak-lab/amplification_gxsex; https://doi.org/10.1016/j.xgen.2023.100297"", ""identifier"": ""10.1016/j.xgen.2023.100297"", ""identifier_type"": ""doi; pmid; title"", ""pub_id"": """", ""source_relation"": ""Cell Genomics article links code to harpak-lab/amplification_gxsex and UKB publication metadata identifies application 61666; DMCA target Harpak-Lab/GxSex has the same lab and GxSex topic but a different repository name.""}]",B1_AUTHOR_LAB_PROJECT_NAME_TOPIC_CONSISTENCY,public_metadata_seed; B1_AUTHOR_LAB_PROJECT_NAME_TOPIC_CONSISTENCY,false,false,false,female_mash_bmi.1.profile,single_file,,,,,,,,0,evidence/lineages/lineage_harpak-lab_gxsex.md,,,,,,,,,
2026-03-31-uk-biobank-4,2026-03-31,2026/03/2026-03-31-uk-biobank-4.md,https://github.com/harpak-lab/GxSex,harpak-lab,GxSex,http_451,lineage_harpak-lab_gxsex,unknown,,GWAS_Results/creatinine/female_mash_creatinine.1.profile,genotype; phenotype; hospital_episode_statistics; proteomics; gwas; covariates,,,2026-03-31,Amplification is the primary mode of gene-by-sex interaction in complex human traits,10.1016/j.xgen.2023.100297,37228747,Carrie Zhu; Matthew J. Ming; Jared M. Cole; Michael D. Edge; Mark Kirkpatrick; Arbel Harpak,61666,Sexually antagonistic selection in humans,Professor Mark Kirkpatrick,University of Texas (UT Austin),true,probable,85,Public metadata seed records strong but non-deterministic repository-publication-application evidence.,https://github.com/github/dmca/blob/master/2026/03/2026-03-31-uk-biobank-4.md; https://raw.githubusercontent.com/harpak-lab/GxSex/3bd6831a85cb9dc12094c7fd66e1edd59db18fea/GWAS_Results/creatinine/female_mash_creatinine.1.profile; https://github.com/harpak-lab/GxSex; https://www.sciencedirect.com/science/article/pii/S2666979X23000630; https://pubmed.ncbi.nlm.nih.gov/37228747/; https://biobank.ndph.ox.ac.uk/ukb/pub.cgi?id=7877; https://github.com/harpak-lab/amplification_gxsex; https://doi.org/10.1016/j.xgen.2023.100297,target repository owner/uploader only; not attributed to the UKB application team without independent evidence,true,10.1016/j.xgen.2023.100297,37228747,Amplification is the primary mode of gene-by-sex interaction in complex human traits,,61666,1,doi; pmid; title,"[{""app_id"": ""61666"", ""evidence_class"": ""B1_AUTHOR_LAB_PROJECT_NAME_TOPIC_CONSISTENCY"", ""evidence_urls"": ""https://www.sciencedirect.com/science/article/pii/S2666979X23000630; https://pubmed.ncbi.nlm.nih.gov/37228747/; https://biobank.ndph.ox.ac.uk/ukb/pub.cgi?id=7877; https://github.com/harpak-lab/amplification_gxsex; https://doi.org/10.1016/j.xgen.2023.100297"", ""identifier"": ""10.1016/j.xgen.2023.100297"", ""identifier_type"": ""doi; pmid; title"", ""pub_id"": """", ""source_relation"": ""Cell Genomics article links code to harpak-lab/amplification_gxsex and UKB publication metadata identifies application 61666; DMCA target Harpak-Lab/GxSex has the same lab and GxSex topic but a different repository name.""}]",B1_AUTHOR_LAB_PROJECT_NAME_TOPIC_CONSISTENCY,public_metadata_seed; B1_AUTHOR_LAB_PROJECT_NAME_TOPIC_CONSISTENCY,false,false,false,female_mash_creatinine.1.profile,single_file,,,,,,,,0,evidence/lineages/lineage_harpak-lab_gxsex.md,,,,,,,,,
2026-03-31-uk-biobank-4,2026-03-31,2026/03/2026-03-31-uk-biobank-4.md,https://github.com/harpak-lab/GxSex,harpak-lab,GxSex,http_451,lineage_harpak-lab_gxsex,unknown,,GWAS_Results/creatinine/male_additive_creatinine.1.profile,genotype; phenotype; hospital_episode_statistics; proteomics; gwas; covariates,,,2026-03-31,Amplification is the primary mode of gene-by-sex interaction in complex human traits,10.1016/j.xgen.2023.100297,37228747,Carrie Zhu; Matthew J. Ming; Jared M. Cole; Michael D. Edge; Mark Kirkpatrick; Arbel Harpak,61666,Sexually antagonistic selection in humans,Professor Mark Kirkpatrick,University of Texas (UT Austin),true,probable,85,Public metadata seed records strong but non-deterministic repository-publication-application evidence.,https://github.com/github/dmca/blob/master/2026/03/2026-03-31-uk-biobank-4.md; https://raw.githubusercontent.com/harpak-lab/GxSex/3bd6831a85cb9dc12094c7fd66e1edd59db18fea/GWAS_Results/creatinine/male_additive_creatinine.1.profile; https://github.com/harpak-lab/GxSex; https://www.sciencedirect.com/science/article/pii/S2666979X23000630; https://pubmed.ncbi.nlm.nih.gov/37228747/; https://biobank.ndph.ox.ac.uk/ukb/pub.cgi?id=7877; https://github.com/harpak-lab/amplification_gxsex; https://doi.org/10.1016/j.xgen.2023.100297,target repository owner/uploader only; not attributed to the UKB application team without independent evidence,true,10.1016/j.xgen.2023.100297,37228747,Amplification is the primary mode of gene-by-sex interaction in complex human traits,,61666,1,doi; pmid; title,"[{""app_id"": ""61666"", ""evidence_class"": ""B1_AUTHOR_LAB_PROJECT_NAME_TOPIC_CONSISTENCY"", ""evidence_urls"": ""https://www.sciencedirect.com/science/article/pii/S2666979X23000630; https://pubmed.ncbi.nlm.nih.gov/37228747/; https://biobank.ndph.ox.ac.uk/ukb/pub.cgi?id=7877; https://github.com/harpak-lab/amplification_gxsex; https://doi.org/10.1016/j.xgen.2023.100297"", ""identifier"": ""10.1016/j.xgen.2023.100297"", ""identifier_type"": ""doi; pmid; title"", ""pub_id"": """", ""source_relation"": ""Cell Genomics article links code to harpak-lab/amplification_gxsex and UKB publication metadata identifies application 61666; DMCA target Harpak-Lab/GxSex has the same lab and GxSex topic but a different repository name.""}]",B1_AUTHOR_LAB_PROJECT_NAME_TOPIC_CONSISTENCY,public_metadata_seed; B1_AUTHOR_LAB_PROJECT_NAME_TOPIC_CONSISTENCY,false,false,false,male_additive_creatinine.1.profile,single_file,,,,,,,,0,evidence/lineages/lineage_harpak-lab_gxsex.md,,,,,,,,,
2026-03-31-uk-biobank-4,2026-03-31,2026/03/2026-03-31-uk-biobank-4.md,https://github.com/harpak-lab/GxSex,harpak-lab,GxSex,http_451,lineage_harpak-lab_gxsex,unknown,,GWAS_Results/creatinine/male_mash_creatinine.1.profile,genotype; phenotype; hospital_episode_statistics; proteomics; gwas; covariates,,,2026-03-31,Amplification is the primary mode of gene-by-sex interaction in complex human traits,10.1016/j.xgen.2023.100297,37228747,Carrie Zhu; Matthew J. Ming; Jared M. Cole; Michael D. Edge; Mark Kirkpatrick; Arbel Harpak,61666,Sexually antagonistic selection in humans,Professor Mark Kirkpatrick,University of Texas (UT Austin),true,probable,85,Public metadata seed records strong but non-deterministic repository-publication-application evidence.,https://github.com/github/dmca/blob/master/2026/03/2026-03-31-uk-biobank-4.md; https://raw.githubusercontent.com/harpak-lab/GxSex/3bd6831a85cb9dc12094c7fd66e1edd59db18fea/GWAS_Results/creatinine/male_mash_creatinine.1.profile; https://github.com/harpak-lab/GxSex; https://www.sciencedirect.com/science/article/pii/S2666979X23000630; https://pubmed.ncbi.nlm.nih.gov/37228747/; https://biobank.ndph.ox.ac.uk/ukb/pub.cgi?id=7877; https://github.com/harpak-lab/amplification_gxsex; https://doi.org/10.1016/j.xgen.2023.100297,target repository owner/uploader only; not attributed to the UKB application team without independent evidence,true,10.1016/j.xgen.2023.100297,37228747,Amplification is the primary mode of gene-by-sex interaction in complex human traits,,61666,1,doi; pmid; title,"[{""app_id"": ""61666"", ""evidence_class"": ""B1_AUTHOR_LAB_PROJECT_NAME_TOPIC_CONSISTENCY"", ""evidence_urls"": ""https://www.sciencedirect.com/science/article/pii/S2666979X23000630; https://pubmed.ncbi.nlm.nih.gov/37228747/; https://biobank.ndph.ox.ac.uk/ukb/pub.cgi?id=7877; https://github.com/harpak-lab/amplification_gxsex; https://doi.org/10.1016/j.xgen.2023.100297"", ""identifier"": ""10.1016/j.xgen.2023.100297"", ""identifier_type"": ""doi; pmid; title"", ""pub_id"": """", ""source_relation"": ""Cell Genomics article links code to harpak-lab/amplification_gxsex and UKB publication metadata identifies application 61666; DMCA target Harpak-Lab/GxSex has the same lab and GxSex topic but a different repository name.""}]",B1_AUTHOR_LAB_PROJECT_NAME_TOPIC_CONSISTENCY,public_metadata_seed; B1_AUTHOR_LAB_PROJECT_NAME_TOPIC_CONSISTENCY,false,false,false,male_mash_creatinine.1.profile,single_file,,,,,,,,0,evidence/lineages/lineage_harpak-lab_gxsex.md,,,,,,,,,
2026-03-31-uk-biobank-4,2026-03-31,2026/03/2026-03-31-uk-biobank-4.md,https://github.com/harpak-lab/GxSex,harpak-lab,GxSex,http_451,lineage_harpak-lab_gxsex,unknown,,GWAS_Results/diastolicBP_auto/female_mash_diastolicBP_auto.1.profile,genotype; phenotype; hospital_episode_statistics; proteomics; gwas; covariates,,,2026-03-31,Amplification is the primary mode of gene-by-sex interaction in complex human traits,10.1016/j.xgen.2023.100297,37228747,Carrie Zhu; Matthew J. Ming; Jared M. Cole; Michael D. Edge; Mark Kirkpatrick; Arbel Harpak,61666,Sexually antagonistic selection in humans,Professor Mark Kirkpatrick,University of Texas (UT Austin),true,probable,85,Public metadata seed records strong but non-deterministic repository-publication-application evidence.,https://github.com/github/dmca/blob/master/2026/03/2026-03-31-uk-biobank-4.md; https://raw.githubusercontent.com/harpak-lab/GxSex/3bd6831a85cb9dc12094c7fd66e1edd59db18fea/GWAS_Results/diastolicBP_auto/female_mash_diastolicBP_auto.1.profile; https://github.com/harpak-lab/GxSex; https://www.sciencedirect.com/science/article/pii/S2666979X23000630; https://pubmed.ncbi.nlm.nih.gov/37228747/; https://biobank.ndph.ox.ac.uk/ukb/pub.cgi?id=7877; https://github.com/harpak-lab/amplification_gxsex; https://doi.org/10.1016/j.xgen.2023.100297,target repository owner/uploader only; not attributed to the UKB application team without independent evidence,true,10.1016/j.xgen.2023.100297,37228747,Amplification is the primary mode of gene-by-sex interaction in complex human traits,,61666,1,doi; pmid; title,"[{""app_id"": ""61666"", ""evidence_class"": ""B1_AUTHOR_LAB_PROJECT_NAME_TOPIC_CONSISTENCY"", ""evidence_urls"": ""https://www.sciencedirect.com/science/article/pii/S2666979X23000630; https://pubmed.ncbi.nlm.nih.gov/37228747/; https://biobank.ndph.ox.ac.uk/ukb/pub.cgi?id=7877; https://github.com/harpak-lab/amplification_gxsex; https://doi.org/10.1016/j.xgen.2023.100297"", ""identifier"": ""10.1016/j.xgen.2023.100297"", ""identifier_type"": ""doi; pmid; title"", ""pub_id"": """", ""source_relation"": ""Cell Genomics article links code to harpak-lab/amplification_gxsex and UKB publication metadata identifies application 61666; DMCA target Harpak-Lab/GxSex has the same lab and GxSex topic but a different repository name.""}]",B1_AUTHOR_LAB_PROJECT_NAME_TOPIC_CONSISTENCY,public_metadata_seed; B1_AUTHOR_LAB_PROJECT_NAME_TOPIC_CONSISTENCY,false,false,false,female_mash_diastolicBP_auto.1.profile,single_file,,,,,,,,0,evidence/lineages/lineage_harpak-lab_gxsex.md,,,,,,,,,
2025-11-25-uk-biobank-6,2025-11-25,2025/11/2025-11-25-uk-biobank-6.md,https://github.com/alexwjung/CancerRisk,alexwjung,CancerRisk,not_found_or_removed,lineage_alexwjung_cancerrisk,unknown,,main/UKB/scripts/00_dcode_frequency.py,genotype; hospital_episode_statistics,,,2025-11-25,Multi-cancer risk stratification based on national health data: a retrospective modelling and validation study,10.1016/s2589-7500(24)00062-1,38789140,Alexander W Jung; Peter C Holm; Kumar Gaurav; Jessica Xin Hjaltelin; Davide Placido; Laust Hvas Mortensen; Ewan Birney; S Ren Brunak; Moritz Gerstung,45761,Genetics of cancer risk and therapy response,Dr Moritz Gerstung,European Bioinformatics Institute (EBI),true,probable,85,Public metadata seed records strong but non-deterministic repository-publication-application evidence.,https://github.com/github/dmca/blob/master/2025/11/2025-11-25-uk-biobank-6.md; https://github.com/alexwjung/CancerRisk/blob/0f496ae2aaf37d17ee81fb60746cc354ee2e4567/main/UKB/scripts/00_dcode_frequency.py; https://github.com/alexwjung/CancerRisk; https://www.medrxiv.org/content/10.1101/2022.10.12.22280908v1; https://www.ukbiobank.ac.uk/publications/multi-cancer-risk-stratification-based-on-national-health-data-a-retrospective-modelling-and-validation-study/; https://www.ukbiobank.ac.uk/projects/genetics-of-cancer-risk-and-therapy-response/; https://github.com/gerstung-lab/CancerRisk; https://doi.org/10.1016/s2589-7500(24)00062-1,target repository owner/uploader only; not attributed to the UKB application team without independent evidence,true,10.1016/s2589-7500(24)00062-1,38789140,Multi-cancer risk stratification based on national health data: a retrospective modelling and validation study,,45761,1,doi; pmid; title,"[{""app_id"": ""45761"", ""evidence_class"": ""B1_AUTHOR_LAB_PROJECT_NAME_TOPIC_CONSISTENCY"", ""evidence_urls"": ""https://www.medrxiv.org/content/10.1101/2022.10.12.22280908v1; https://www.ukbiobank.ac.uk/publications/multi-cancer-risk-stratification-based-on-national-health-data-a-retrospective-modelling-and-validation-study/; https://www.ukbiobank.ac.uk/projects/genetics-of-cancer-risk-and-therapy-response/; https://github.com/gerstung-lab/CancerRisk; https://doi.org/10.1016/s2589-7500(24)00062-1"", ""identifier"": ""10.1016/s2589-7500(24)00062-1"", ""identifier_type"": ""doi; pmid; title"", ""pub_id"": """", ""source_relation"": ""Public article chain links gerstung-lab/CancerRisk to application 45761; DMCA target alexwjung/CancerRisk matches the first author's GitHub-like handle and exact project name but lacks GitHub fork/source proof.""}]",B1_AUTHOR_LAB_PROJECT_NAME_TOPIC_CONSISTENCY,public_metadata_seed; B1_AUTHOR_LAB_PROJECT_NAME_TOPIC_CONSISTENCY,false,false,false,00_dcode_frequency.py,single_file,,,,,,,,0,evidence/lineages/lineage_alexwjung_cancerrisk.md,,,,,,,,,
2025-11-25-uk-biobank-6,2025-11-25,2025/11/2025-11-25-uk-biobank-6.md,https://github.com/alexwjung/CancerRisk,alexwjung,CancerRisk,not_found_or_removed,lineage_alexwjung_cancerrisk,unknown,,main/UKB/scripts/00_ukb_pred.py,genotype; hospital_episode_statistics,,,2025-11-25,Multi-cancer risk stratification based on national health data: a retrospective modelling and validation study,10.1016/s2589-7500(24)00062-1,38789140,Alexander W Jung; Peter C Holm; Kumar Gaurav; Jessica Xin Hjaltelin; Davide Placido; Laust Hvas Mortensen; Ewan Birney; S Ren Brunak; Moritz Gerstung,45761,Genetics of cancer risk and therapy response,Dr Moritz Gerstung,European Bioinformatics Institute (EBI),true,probable,85,Public metadata seed records strong but non-deterministic repository-publication-application evidence.,https://github.com/github/dmca/blob/master/2025/11/2025-11-25-uk-biobank-6.md; https://github.com/alexwjung/CancerRisk/blob/0f496ae2aaf37d17ee81fb60746cc354ee2e4567/main/UKB/scripts/00_ukb_pred.py; https://github.com/alexwjung/CancerRisk; https://www.medrxiv.org/content/10.1101/2022.10.12.22280908v1; https://www.ukbiobank.ac.uk/publications/multi-cancer-risk-stratification-based-on-national-health-data-a-retrospective-modelling-and-validation-study/; https://www.ukbiobank.ac.uk/projects/genetics-of-cancer-risk-and-therapy-response/; https://github.com/gerstung-lab/CancerRisk; https://doi.org/10.1016/s2589-7500(24)00062-1,target repository owner/uploader only; not attributed to the UKB application team without independent evidence,true,10.1016/s2589-7500(24)00062-1,38789140,Multi-cancer risk stratification based on national health data: a retrospective modelling and validation study,,45761,1,doi; pmid; title,"[{""app_id"": ""45761"", ""evidence_class"": ""B1_AUTHOR_LAB_PROJECT_NAME_TOPIC_CONSISTENCY"", ""evidence_urls"": ""https://www.medrxiv.org/content/10.1101/2022.10.12.22280908v1; https://www.ukbiobank.ac.uk/publications/multi-cancer-risk-stratification-based-on-national-health-data-a-retrospective-modelling-and-validation-study/; https://www.ukbiobank.ac.uk/projects/genetics-of-cancer-risk-and-therapy-response/; https://github.com/gerstung-lab/CancerRisk; https://doi.org/10.1016/s2589-7500(24)00062-1"", ""identifier"": ""10.1016/s2589-7500(24)00062-1"", ""identifier_type"": ""doi; pmid; title"", ""pub_id"": """", ""source_relation"": ""Public article chain links gerstung-lab/CancerRisk to application 45761; DMCA target alexwjung/CancerRisk matches the first author's GitHub-like handle and exact project name but lacks GitHub fork/source proof.""}]",B1_AUTHOR_LAB_PROJECT_NAME_TOPIC_CONSISTENCY,public_metadata_seed; B1_AUTHOR_LAB_PROJECT_NAME_TOPIC_CONSISTENCY,false,false,false,00_ukb_pred.py,single_file,,,,,,,,0,evidence/lineages/lineage_alexwjung_cancerrisk.md,,,,,,,,,
2025-11-25-uk-biobank-6,2025-11-25,2025/11/2025-11-25-uk-biobank-6.md,https://github.com/alexwjung/CancerRisk,alexwjung,CancerRisk,not_found_or_removed,lineage_alexwjung_cancerrisk,unknown,,main/UKB/scripts/00_qrisk_pred.py,genotype; hospital_episode_statistics,,,2025-11-25,Multi-cancer risk stratification based on national health data: a retrospective modelling and validation study,10.1016/s2589-7500(24)00062-1,38789140,Alexander W Jung; Peter C Holm; Kumar Gaurav; Jessica Xin Hjaltelin; Davide Placido; Laust Hvas Mortensen; Ewan Birney; S Ren Brunak; Moritz Gerstung,45761,Genetics of cancer risk and therapy response,Dr Moritz Gerstung,European Bioinformatics Institute (EBI),true,probable,85,Public metadata seed records strong but non-deterministic repository-publication-application evidence.,https://github.com/github/dmca/blob/master/2025/11/2025-11-25-uk-biobank-6.md; https://github.com/alexwjung/CancerRisk/blob/d89f782a20acc8a80b60ba5b85f37269bf2b0228/main/UKB/scripts/00_qrisk_pred.py; https://github.com/alexwjung/CancerRisk; https://www.medrxiv.org/content/10.1101/2022.10.12.22280908v1; https://www.ukbiobank.ac.uk/publications/multi-cancer-risk-stratification-based-on-national-health-data-a-retrospective-modelling-and-validation-study/; https://www.ukbiobank.ac.uk/projects/genetics-of-cancer-risk-and-therapy-response/; https://github.com/gerstung-lab/CancerRisk; https://doi.org/10.1016/s2589-7500(24)00062-1,target repository owner/uploader only; not attributed to the UKB application team without independent evidence,true,10.1016/s2589-7500(24)00062-1,38789140,Multi-cancer risk stratification based on national health data: a retrospective modelling and validation study,,45761,1,doi; pmid; title,"[{""app_id"": ""45761"", ""evidence_class"": ""B1_AUTHOR_LAB_PROJECT_NAME_TOPIC_CONSISTENCY"", ""evidence_urls"": ""https://www.medrxiv.org/content/10.1101/2022.10.12.22280908v1; https://www.ukbiobank.ac.uk/publications/multi-cancer-risk-stratification-based-on-national-health-data-a-retrospective-modelling-and-validation-study/; https://www.ukbiobank.ac.uk/projects/genetics-of-cancer-risk-and-therapy-response/; https://github.com/gerstung-lab/CancerRisk; https://doi.org/10.1016/s2589-7500(24)00062-1"", ""identifier"": ""10.1016/s2589-7500(24)00062-1"", ""identifier_type"": ""doi; pmid; title"", ""pub_id"": """", ""source_relation"": ""Public article chain links gerstung-lab/CancerRisk to application 45761; DMCA target alexwjung/CancerRisk matches the first author's GitHub-like handle and exact project name but lacks GitHub fork/source proof.""}]",B1_AUTHOR_LAB_PROJECT_NAME_TOPIC_CONSISTENCY,public_metadata_seed; B1_AUTHOR_LAB_PROJECT_NAME_TOPIC_CONSISTENCY,false,false,false,00_qrisk_pred.py,single_file,,,,,,,,0,evidence/lineages/lineage_alexwjung_cancerrisk.md,,,,,,,,,
2025-12-08-uk-biobank,2025-12-08,2025/12/2025-12-08-uk-biobank.md,https://github.com/petergerlach1/gogoGPCR,petergerlach1,gogoGPCR,http_451,lineage_petergerlach1_gogogpcr,unknown,,notebooks/0_import_matrixtable.ipynb,genotype; hospital_episode_statistics; covariates,,,2025-12-08,Characterization of genetic variants of GIPR reveals a contribution of beta-arrestin to metabolic phenotypes,10.1038/s42255-024-01061-4,,Huesun S. Kizilkaya; Kimmie V. Sorensen; Jakob S. Madsen; Peter A. Gerlach; Alexander S. Hauser; Mette M. Rosenkilde,55955,Advancing personalised medicine for psychiatric diseases through integrative GPCR pharmacogenomics,Dr Alexander Hauser,University of Copenhagen,true,probable,85,Public metadata seed records strong but non-deterministic repository-publication-application evidence.,https://github.com/github/dmca/blob/master/2025/12/2025-12-08-uk-biobank.md; https://github.com/petergerlach1/gogoGPCR/blob/c9df069580c277fe60d2bf67c9532201f056b887/notebooks/0_import_matrixtable.ipynb; https://github.com/petergerlach1/gogoGPCR; https://www.nature.com/articles/s42255-024-01061-4; https://pmc.ncbi.nlm.nih.gov/articles/PMC11272584/; https://github.com/HauserGroup/gogoGPCR; https://doi.org/10.1038/s42255-024-01061-4,target repository owner/uploader only; not attributed to the UKB application team without independent evidence,true,10.1038/s42255-024-01061-4,,Characterization of genetic variants of GIPR reveals a contribution of beta-arrestin to metabolic phenotypes,,55955,1,doi; title,"[{""app_id"": ""55955"", ""evidence_class"": ""B1_AUTHOR_LAB_PROJECT_NAME_TOPIC_CONSISTENCY"", ""evidence_urls"": ""https://www.nature.com/articles/s42255-024-01061-4; https://pmc.ncbi.nlm.nih.gov/articles/PMC11272584/; https://github.com/HauserGroup/gogoGPCR; https://doi.org/10.1038/s42255-024-01061-4"", ""identifier"": ""10.1038/s42255-024-01061-4"", ""identifier_type"": ""doi; title"", ""pub_id"": """", ""source_relation"": ""Nature Metabolism/PMC article links UKB analysis code to HauserGroup/gogoGPCR and reports UKB application 55955; DMCA target petergerlach1/gogoGPCR matches an article author and project name but lacks GitHub fork/source proof.""}]",B1_AUTHOR_LAB_PROJECT_NAME_TOPIC_CONSISTENCY,public_metadata_seed; B1_AUTHOR_LAB_PROJECT_NAME_TOPIC_CONSISTENCY,false,false,false,0_import_matrixtable.ipynb,single_file,,,,,,,,0,evidence/lineages/lineage_petergerlach1_gogogpcr.md,,,,,,,,,
2025-12-08-uk-biobank,2025-12-08,2025/12/2025-12-08-uk-biobank.md,https://github.com/petergerlach1/gogoGPCR,petergerlach1,gogoGPCR,http_451,lineage_petergerlach1_gogogpcr,unknown,,notebooks/0_burden_files.ipynb,genotype; hospital_episode_statistics; covariates,,,2025-12-08,Characterization of genetic variants of GIPR reveals a contribution of beta-arrestin to metabolic phenotypes,10.1038/s42255-024-01061-4,,Huesun S. Kizilkaya; Kimmie V. Sorensen; Jakob S. Madsen; Peter A. Gerlach; Alexander S. Hauser; Mette M. Rosenkilde,55955,Advancing personalised medicine for psychiatric diseases through integrative GPCR pharmacogenomics,Dr Alexander Hauser,University of Copenhagen,true,probable,85,Public metadata seed records strong but non-deterministic repository-publication-application evidence.,https://github.com/github/dmca/blob/master/2025/12/2025-12-08-uk-biobank.md; https://github.com/petergerlach1/gogoGPCR/blob/c2cb03d8ca76cd454688782f468867e170a7d798/notebooks/0_burden_files.ipynb; https://github.com/petergerlach1/gogoGPCR; https://www.nature.com/articles/s42255-024-01061-4; https://pmc.ncbi.nlm.nih.gov/articles/PMC11272584/; https://github.com/HauserGroup/gogoGPCR; https://doi.org/10.1038/s42255-024-01061-4,target repository owner/uploader only; not attributed to the UKB application team without independent evidence,true,10.1038/s42255-024-01061-4,,Characterization of genetic variants of GIPR reveals a contribution of beta-arrestin to metabolic phenotypes,,55955,1,doi; title,"[{""app_id"": ""55955"", ""evidence_class"": ""B1_AUTHOR_LAB_PROJECT_NAME_TOPIC_CONSISTENCY"", ""evidence_urls"": ""https://www.nature.com/articles/s42255-024-01061-4; https://pmc.ncbi.nlm.nih.gov/articles/PMC11272584/; https://github.com/HauserGroup/gogoGPCR; https://doi.org/10.1038/s42255-024-01061-4"", ""identifier"": ""10.1038/s42255-024-01061-4"", ""identifier_type"": ""doi; title"", ""pub_id"": """", ""source_relation"": ""Nature Metabolism/PMC article links UKB analysis code to HauserGroup/gogoGPCR and reports UKB application 55955; DMCA target petergerlach1/gogoGPCR matches an article author and project name but lacks GitHub fork/source proof.""}]",B1_AUTHOR_LAB_PROJECT_NAME_TOPIC_CONSISTENCY,public_metadata_seed; B1_AUTHOR_LAB_PROJECT_NAME_TOPIC_CONSISTENCY,false,false,false,0_burden_files.ipynb,single_file,,,,,,,,0,evidence/lineages/lineage_petergerlach1_gogogpcr.md,,,,,,,,,
2025-12-08-uk-biobank,2025-12-08,2025/12/2025-12-08-uk-biobank.md,https://github.com/petergerlach1/gogoGPCR,petergerlach1,gogoGPCR,http_451,lineage_petergerlach1_gogogpcr,unknown,,notebooks/1_burden_files.ipynb,genotype; hospital_episode_statistics; covariates,,,2025-12-08,Characterization of genetic variants of GIPR reveals a contribution of beta-arrestin to metabolic phenotypes,10.1038/s42255-024-01061-4,,Huesun S. Kizilkaya; Kimmie V. Sorensen; Jakob S. Madsen; Peter A. Gerlach; Alexander S. Hauser; Mette M. Rosenkilde,55955,Advancing personalised medicine for psychiatric diseases through integrative GPCR pharmacogenomics,Dr Alexander Hauser,University of Copenhagen,true,probable,85,Public metadata seed records strong but non-deterministic repository-publication-application evidence.,https://github.com/github/dmca/blob/master/2025/12/2025-12-08-uk-biobank.md; https://github.com/petergerlach1/gogoGPCR/blob/0b3457853125a88ecb11bc1763c63ea7c8879aab/notebooks/1_burden_files.ipynb; https://github.com/petergerlach1/gogoGPCR; https://www.nature.com/articles/s42255-024-01061-4; https://pmc.ncbi.nlm.nih.gov/articles/PMC11272584/; https://github.com/HauserGroup/gogoGPCR; https://doi.org/10.1038/s42255-024-01061-4,target repository owner/uploader only; not attributed to the UKB application team without independent evidence,true,10.1038/s42255-024-01061-4,,Characterization of genetic variants of GIPR reveals a contribution of beta-arrestin to metabolic phenotypes,,55955,1,doi; title,"[{""app_id"": ""55955"", ""evidence_class"": ""B1_AUTHOR_LAB_PROJECT_NAME_TOPIC_CONSISTENCY"", ""evidence_urls"": ""https://www.nature.com/articles/s42255-024-01061-4; https://pmc.ncbi.nlm.nih.gov/articles/PMC11272584/; https://github.com/HauserGroup/gogoGPCR; https://doi.org/10.1038/s42255-024-01061-4"", ""identifier"": ""10.1038/s42255-024-01061-4"", ""identifier_type"": ""doi; title"", ""pub_id"": """", ""source_relation"": ""Nature Metabolism/PMC article links UKB analysis code to HauserGroup/gogoGPCR and reports UKB application 55955; DMCA target petergerlach1/gogoGPCR matches an article author and project name but lacks GitHub fork/source proof.""}]",B1_AUTHOR_LAB_PROJECT_NAME_TOPIC_CONSISTENCY,public_metadata_seed; B1_AUTHOR_LAB_PROJECT_NAME_TOPIC_CONSISTENCY,false,false,false,1_burden_files.ipynb,single_file,,,,,,,,0,evidence/lineages/lineage_petergerlach1_gogogpcr.md,,,,,,,,,
2025-12-08-uk-biobank,2025-12-08,2025/12/2025-12-08-uk-biobank.md,https://github.com/petergerlach1/gogoGPCR,petergerlach1,gogoGPCR,http_451,lineage_petergerlach1_gogogpcr,unknown,,data/withdrawn_samples.csv,genotype; hospital_episode_statistics; covariates,,,2025-12-08,Characterization of genetic variants of GIPR reveals a contribution of beta-arrestin to metabolic phenotypes,10.1038/s42255-024-01061-4,,Huesun S. Kizilkaya; Kimmie V. Sorensen; Jakob S. Madsen; Peter A. Gerlach; Alexander S. Hauser; Mette M. Rosenkilde,55955,Advancing personalised medicine for psychiatric diseases through integrative GPCR pharmacogenomics,Dr Alexander Hauser,University of Copenhagen,true,probable,85,Public metadata seed records strong but non-deterministic repository-publication-application evidence.,https://github.com/github/dmca/blob/master/2025/12/2025-12-08-uk-biobank.md; https://github.com/petergerlach1/gogoGPCR/blob/a3ba973a555acb8d23d5594be1969a105e9f324b/data/withdrawn_samples.csv; https://github.com/petergerlach1/gogoGPCR; https://www.nature.com/articles/s42255-024-01061-4; https://pmc.ncbi.nlm.nih.gov/articles/PMC11272584/; https://github.com/HauserGroup/gogoGPCR; https://doi.org/10.1038/s42255-024-01061-4,target repository owner/uploader only; not attributed to the UKB application team without independent evidence,true,10.1038/s42255-024-01061-4,,Characterization of genetic variants of GIPR reveals a contribution of beta-arrestin to metabolic phenotypes,,55955,1,doi; title,"[{""app_id"": ""55955"", ""evidence_class"": ""B1_AUTHOR_LAB_PROJECT_NAME_TOPIC_CONSISTENCY"", ""evidence_urls"": ""https://www.nature.com/articles/s42255-024-01061-4; https://pmc.ncbi.nlm.nih.gov/articles/PMC11272584/; https://github.com/HauserGroup/gogoGPCR; https://doi.org/10.1038/s42255-024-01061-4"", ""identifier"": ""10.1038/s42255-024-01061-4"", ""identifier_type"": ""doi; title"", ""pub_id"": """", ""source_relation"": ""Nature Metabolism/PMC article links UKB analysis code to HauserGroup/gogoGPCR and reports UKB application 55955; DMCA target petergerlach1/gogoGPCR matches an article author and project name but lacks GitHub fork/source proof.""}]",B1_AUTHOR_LAB_PROJECT_NAME_TOPIC_CONSISTENCY,public_metadata_seed; B1_AUTHOR_LAB_PROJECT_NAME_TOPIC_CONSISTENCY,false,false,false,withdrawn_samples.csv,single_file,,,,,,,,0,evidence/lineages/lineage_petergerlach1_gogogpcr.md,,,,,,,,,
2025-12-08-uk-biobank,2025-12-08,2025/12/2025-12-08-uk-biobank.md,https://github.com/petergerlach1/gogoGPCR,petergerlach1,gogoGPCR,http_451,lineage_petergerlach1_gogogpcr,unknown,,notebooks/04_fix_phesant_output.ipynb,genotype; hospital_episode_statistics; covariates,,,2025-12-08,Characterization of genetic variants of GIPR reveals a contribution of beta-arrestin to metabolic phenotypes,10.1038/s42255-024-01061-4,,Huesun S. Kizilkaya; Kimmie V. Sorensen; Jakob S. Madsen; Peter A. Gerlach; Alexander S. Hauser; Mette M. Rosenkilde,55955,Advancing personalised medicine for psychiatric diseases through integrative GPCR pharmacogenomics,Dr Alexander Hauser,University of Copenhagen,true,probable,85,Public metadata seed records strong but non-deterministic repository-publication-application evidence.,https://github.com/github/dmca/blob/master/2025/12/2025-12-08-uk-biobank.md; https://github.com/petergerlach1/gogoGPCR/blob/daf3eb012558a373ff3e3534278c6be9786e8588/notebooks/04_fix_phesant_output.ipynb; https://github.com/petergerlach1/gogoGPCR; https://www.nature.com/articles/s42255-024-01061-4; https://pmc.ncbi.nlm.nih.gov/articles/PMC11272584/; https://github.com/HauserGroup/gogoGPCR; https://doi.org/10.1038/s42255-024-01061-4,target repository owner/uploader only; not attributed to the UKB application team without independent evidence,true,10.1038/s42255-024-01061-4,,Characterization of genetic variants of GIPR reveals a contribution of beta-arrestin to metabolic phenotypes,,55955,1,doi; title,"[{""app_id"": ""55955"", ""evidence_class"": ""B1_AUTHOR_LAB_PROJECT_NAME_TOPIC_CONSISTENCY"", ""evidence_urls"": ""https://www.nature.com/articles/s42255-024-01061-4; https://pmc.ncbi.nlm.nih.gov/articles/PMC11272584/; https://github.com/HauserGroup/gogoGPCR; https://doi.org/10.1038/s42255-024-01061-4"", ""identifier"": ""10.1038/s42255-024-01061-4"", ""identifier_type"": ""doi; title"", ""pub_id"": """", ""source_relation"": ""Nature Metabolism/PMC article links UKB analysis code to HauserGroup/gogoGPCR and reports UKB application 55955; DMCA target petergerlach1/gogoGPCR matches an article author and project name but lacks GitHub fork/source proof.""}]",B1_AUTHOR_LAB_PROJECT_NAME_TOPIC_CONSISTENCY,public_metadata_seed; B1_AUTHOR_LAB_PROJECT_NAME_TOPIC_CONSISTENCY,false,false,false,04_fix_phesant_output.ipynb,single_file,,,,,,,,0,evidence/lineages/lineage_petergerlach1_gogogpcr.md,,,,,,,,,
2025-12-08-uk-biobank,2025-12-08,2025/12/2025-12-08-uk-biobank.md,https://github.com/petergerlach1/gogoGPCR,petergerlach1,gogoGPCR,http_451,lineage_petergerlach1_gogogpcr,unknown,,notebooks/02_covariates.ipynb,genotype; hospital_episode_statistics; covariates,,,2025-12-08,Characterization of genetic variants of GIPR reveals a contribution of beta-arrestin to metabolic phenotypes,10.1038/s42255-024-01061-4,,Huesun S. Kizilkaya; Kimmie V. Sorensen; Jakob S. Madsen; Peter A. Gerlach; Alexander S. Hauser; Mette M. Rosenkilde,55955,Advancing personalised medicine for psychiatric diseases through integrative GPCR pharmacogenomics,Dr Alexander Hauser,University of Copenhagen,true,probable,85,Public metadata seed records strong but non-deterministic repository-publication-application evidence.,https://github.com/github/dmca/blob/master/2025/12/2025-12-08-uk-biobank.md; https://github.com/petergerlach1/gogoGPCR/blob/a06d7f313cba51625b28ef71e2e575180f5342f6/notebooks/02_covariates.ipynb; https://github.com/petergerlach1/gogoGPCR; https://www.nature.com/articles/s42255-024-01061-4; https://pmc.ncbi.nlm.nih.gov/articles/PMC11272584/; https://github.com/HauserGroup/gogoGPCR; https://doi.org/10.1038/s42255-024-01061-4,target repository owner/uploader only; not attributed to the UKB application team without independent evidence,true,10.1038/s42255-024-01061-4,,Characterization of genetic variants of GIPR reveals a contribution of beta-arrestin to metabolic phenotypes,,55955,1,doi; title,"[{""app_id"": ""55955"", ""evidence_class"": ""B1_AUTHOR_LAB_PROJECT_NAME_TOPIC_CONSISTENCY"", ""evidence_urls"": ""https://www.nature.com/articles/s42255-024-01061-4; https://pmc.ncbi.nlm.nih.gov/articles/PMC11272584/; https://github.com/HauserGroup/gogoGPCR; https://doi.org/10.1038/s42255-024-01061-4"", ""identifier"": ""10.1038/s42255-024-01061-4"", ""identifier_type"": ""doi; title"", ""pub_id"": """", ""source_relation"": ""Nature Metabolism/PMC article links UKB analysis code to HauserGroup/gogoGPCR and reports UKB application 55955; DMCA target petergerlach1/gogoGPCR matches an article author and project name but lacks GitHub fork/source proof.""}]",B1_AUTHOR_LAB_PROJECT_NAME_TOPIC_CONSISTENCY,public_metadata_seed; B1_AUTHOR_LAB_PROJECT_NAME_TOPIC_CONSISTENCY,false,false,false,02_covariates.ipynb,single_file,,,,,,,,0,evidence/lineages/lineage_petergerlach1_gogogpcr.md,,,,,,,,,
2025-12-08-uk-biobank,2025-12-08,2025/12/2025-12-08-uk-biobank.md,https://github.com/petergerlach1/gogoGPCR,petergerlach1,gogoGPCR,http_451,lineage_petergerlach1_gogogpcr,unknown,,notebooks/01_sample_hard_filter.ipynb,genotype; hospital_episode_statistics; covariates,,,2025-12-08,Characterization of genetic variants of GIPR reveals a contribution of beta-arrestin to metabolic phenotypes,10.1038/s42255-024-01061-4,,Huesun S. Kizilkaya; Kimmie V. Sorensen; Jakob S. Madsen; Peter A. Gerlach; Alexander S. Hauser; Mette M. Rosenkilde,55955,Advancing personalised medicine for psychiatric diseases through integrative GPCR pharmacogenomics,Dr Alexander Hauser,University of Copenhagen,true,probable,85,Public metadata seed records strong but non-deterministic repository-publication-application evidence.,https://github.com/github/dmca/blob/master/2025/12/2025-12-08-uk-biobank.md; https://github.com/petergerlach1/gogoGPCR/blob/173114a4ef37b99bca5010892053bbf904b43c22/notebooks/01_sample_hard_filter.ipynb; https://github.com/petergerlach1/gogoGPCR; https://www.nature.com/articles/s42255-024-01061-4; https://pmc.ncbi.nlm.nih.gov/articles/PMC11272584/; https://github.com/HauserGroup/gogoGPCR; https://doi.org/10.1038/s42255-024-01061-4,target repository owner/uploader only; not attributed to the UKB application team without independent evidence,true,10.1038/s42255-024-01061-4,,Characterization of genetic variants of GIPR reveals a contribution of beta-arrestin to metabolic phenotypes,,55955,1,doi; title,"[{""app_id"": ""55955"", ""evidence_class"": ""B1_AUTHOR_LAB_PROJECT_NAME_TOPIC_CONSISTENCY"", ""evidence_urls"": ""https://www.nature.com/articles/s42255-024-01061-4; https://pmc.ncbi.nlm.nih.gov/articles/PMC11272584/; https://github.com/HauserGroup/gogoGPCR; https://doi.org/10.1038/s42255-024-01061-4"", ""identifier"": ""10.1038/s42255-024-01061-4"", ""identifier_type"": ""doi; title"", ""pub_id"": """", ""source_relation"": ""Nature Metabolism/PMC article links UKB analysis code to HauserGroup/gogoGPCR and reports UKB application 55955; DMCA target petergerlach1/gogoGPCR matches an article author and project name but lacks GitHub fork/source proof.""}]",B1_AUTHOR_LAB_PROJECT_NAME_TOPIC_CONSISTENCY,public_metadata_seed; B1_AUTHOR_LAB_PROJECT_NAME_TOPIC_CONSISTENCY,false,false,false,01_sample_hard_filter.ipynb,single_file,,,,,,,,0,evidence/lineages/lineage_petergerlach1_gogogpcr.md,,,,,,,,,
2025-12-08-uk-biobank,2025-12-08,2025/12/2025-12-08-uk-biobank.md,https://github.com/petergerlach1/gogoGPCR,petergerlach1,gogoGPCR,http_451,lineage_petergerlach1_gogogpcr,unknown,,notebooks/1_sample_hard_filter.ipynb,genotype; hospital_episode_statistics; covariates,,,2025-12-08,Characterization of genetic variants of GIPR reveals a contribution of beta-arrestin to metabolic phenotypes,10.1038/s42255-024-01061-4,,Huesun S. Kizilkaya; Kimmie V. Sorensen; Jakob S. Madsen; Peter A. Gerlach; Alexander S. Hauser; Mette M. Rosenkilde,55955,Advancing personalised medicine for psychiatric diseases through integrative GPCR pharmacogenomics,Dr Alexander Hauser,University of Copenhagen,true,probable,85,Public metadata seed records strong but non-deterministic repository-publication-application evidence.,https://github.com/github/dmca/blob/master/2025/12/2025-12-08-uk-biobank.md; https://github.com/petergerlach1/gogoGPCR/blob/8113a4e453f6fe6958e58eaab0258606d3630ba2/notebooks/1_sample_hard_filter.ipynb; https://github.com/petergerlach1/gogoGPCR; https://www.nature.com/articles/s42255-024-01061-4; https://pmc.ncbi.nlm.nih.gov/articles/PMC11272584/; https://github.com/HauserGroup/gogoGPCR; https://doi.org/10.1038/s42255-024-01061-4,target repository owner/uploader only; not attributed to the UKB application team without independent evidence,true,10.1038/s42255-024-01061-4,,Characterization of genetic variants of GIPR reveals a contribution of beta-arrestin to metabolic phenotypes,,55955,1,doi; title,"[{""app_id"": ""55955"", ""evidence_class"": ""B1_AUTHOR_LAB_PROJECT_NAME_TOPIC_CONSISTENCY"", ""evidence_urls"": ""https://www.nature.com/articles/s42255-024-01061-4; https://pmc.ncbi.nlm.nih.gov/articles/PMC11272584/; https://github.com/HauserGroup/gogoGPCR; https://doi.org/10.1038/s42255-024-01061-4"", ""identifier"": ""10.1038/s42255-024-01061-4"", ""identifier_type"": ""doi; title"", ""pub_id"": """", ""source_relation"": ""Nature Metabolism/PMC article links UKB analysis code to HauserGroup/gogoGPCR and reports UKB application 55955; DMCA target petergerlach1/gogoGPCR matches an article author and project name but lacks GitHub fork/source proof.""}]",B1_AUTHOR_LAB_PROJECT_NAME_TOPIC_CONSISTENCY,public_metadata_seed; B1_AUTHOR_LAB_PROJECT_NAME_TOPIC_CONSISTENCY,false,false,false,1_sample_hard_filter.ipynb,single_file,,,,,,,,0,evidence/lineages/lineage_petergerlach1_gogogpcr.md,,,,,,,,,
2025-11-13-uk-biobank,2025-11-13,2025/11/2025-11-13-uk-biobank.md,https://github.com/23andme-jaredo/shapeit5,23andme-jaredo,shapeit5,http_451,lineage_23andme-jaredo_shapeit5,unknown,,tasks/phasingUKB/step2_wgs/step9_imputation_rerun_new_chunks/data/1k_samples_wbi.txt,genotype; hospital_episode_statistics,,,2025-11-13,Accurate rare variant phasing of whole-genome and whole-exome sequencing data in the UK Biobank,10.1038/s41588-023-01415-w,37386248,Robin J. Hofmeister; Diogo M. Ribeiro; Simone Rubinacci; Olivier Delaneau,66995,"Prediction of haplotypes, genotypes, parental-of-origin and applications in biobanks.",Dr Olivier Delaneau,University of Lausanne,true,probable,85,Public metadata seed records strong but non-deterministic repository-publication-application evidence.,https://github.com/github/dmca/blob/master/2025/11/2025-11-13-uk-biobank.md; https://github.com/23andme-jaredo/shapeit5/blob/0b40edb8ef2678fd4ef0f0286dffe9ef0ba9b254/tasks/phasingUKB/step2_wgs/step9_imputation_rerun_new_chunks/data/1k_samples_wbi.txt#L1-L5; https://github.com/23andme-jaredo/shapeit5; https://www.nature.com/articles/s41588-023-01415-w; https://biobank.ndph.ox.ac.uk/ukb/pub.cgi?id=7739; https://www.ukbiobank.ac.uk/projects/prediction-of-haplotypes-genotypes-parental-of-origin-and-applications-in-biobanks/; https://doi.org/10.1038/s41588-023-01415-w,target repository owner/uploader only; not attributed to the UKB application team without independent evidence,true,10.1038/s41588-023-01415-w,37386248,Accurate rare variant phasing of whole-genome and whole-exome sequencing data in the UK Biobank,7739,66995,1,doi; pmid; title,"[{""app_id"": ""66995"", ""evidence_class"": ""B2_PROJECT_FAMILY_NAME_PROPAGATION"", ""evidence_urls"": ""https://github.com/github/dmca/blob/master/2025/11/2025-11-13-uk-biobank.md; https://github.com/23andme-jaredo/shapeit5/blob/0b40edb8ef2678fd4ef0f0286dffe9ef0ba9b254/tasks/phasingUKB/step2_wgs/step9_imputation_rerun_new_chunks/data/1k_samples_wbi.txt#L1-L5; https://github.com/23andme-jaredo/shapeit5; https://www.nature.com/articles/s41588-023-01415-w; https://biobank.ndph.ox.ac.uk/ukb/pub.cgi?id=7739; https://www.ukbiobank.ac.uk/projects/prediction-of-haplotypes-genotypes-parental-of-origin-and-applications-in-biobanks/; https://doi.org/10.1038/s41588-023-01415-w"", ""identifier"": ""10.1038/s41588-023-01415-w"", ""identifier_type"": ""doi; pmid; title"", ""pub_id"": ""7739"", ""source_relation"": ""DMCA-targeted lineage has the same normalized public repository/package name 'shapeit5' as seeded lineage lineage_odelaneau_shapeit5; no GitHub-displayed fork/source proof is asserted.""}]",B2_PROJECT_FAMILY_NAME_PROPAGATION,public_metadata_seed; B2_PROJECT_FAMILY_NAME_PROPAGATION,false,false,false,1k_samples_wbi.txt,single_file,,,,,,,,0,evidence/lineages/lineage_23andme-jaredo_shapeit5.md,,,,,,,,,
2025-11-13-uk-biobank,2025-11-13,2025/11/2025-11-13-uk-biobank.md,https://github.com/barneyhill/shapeit5,barneyhill,shapeit5,http_451,lineage_barneyhill_shapeit5,unknown,,tasks/phasingUKB/step2_wgs/step9_imputation_rerun_new_chunks/data/1k_samples_wbi.txt,genotype; hospital_episode_statistics,,,2025-11-13,Accurate rare variant phasing of whole-genome and whole-exome sequencing data in the UK Biobank,10.1038/s41588-023-01415-w,37386248,Robin J. Hofmeister; Diogo M. Ribeiro; Simone Rubinacci; Olivier Delaneau,66995,"Prediction of haplotypes, genotypes, parental-of-origin and applications in biobanks.",Dr Olivier Delaneau,University of Lausanne,true,probable,85,Public metadata seed records strong but non-deterministic repository-publication-application evidence.,https://github.com/github/dmca/blob/master/2025/11/2025-11-13-uk-biobank.md; https://github.com/barneyhill/shapeit5/blob/0b40edb8ef2678fd4ef0f0286dffe9ef0ba9b254/tasks/phasingUKB/step2_wgs/step9_imputation_rerun_new_chunks/data/1k_samples_wbi.txt#L1-L5; https://github.com/barneyhill/shapeit5; https://www.nature.com/articles/s41588-023-01415-w; https://biobank.ndph.ox.ac.uk/ukb/pub.cgi?id=7739; https://www.ukbiobank.ac.uk/projects/prediction-of-haplotypes-genotypes-parental-of-origin-and-applications-in-biobanks/; https://doi.org/10.1038/s41588-023-01415-w,target repository owner/uploader only; not attributed to the UKB application team without independent evidence,true,10.1038/s41588-023-01415-w,37386248,Accurate rare variant phasing of whole-genome and whole-exome sequencing data in the UK Biobank,7739,66995,1,doi; pmid; title,"[{""app_id"": ""66995"", ""evidence_class"": ""B2_PROJECT_FAMILY_NAME_PROPAGATION"", ""evidence_urls"": ""https://github.com/github/dmca/blob/master/2025/11/2025-11-13-uk-biobank.md; https://github.com/barneyhill/shapeit5/blob/0b40edb8ef2678fd4ef0f0286dffe9ef0ba9b254/tasks/phasingUKB/step2_wgs/step9_imputation_rerun_new_chunks/data/1k_samples_wbi.txt#L1-L5; https://github.com/barneyhill/shapeit5; https://www.nature.com/articles/s41588-023-01415-w; https://biobank.ndph.ox.ac.uk/ukb/pub.cgi?id=7739; https://www.ukbiobank.ac.uk/projects/prediction-of-haplotypes-genotypes-parental-of-origin-and-applications-in-biobanks/; https://doi.org/10.1038/s41588-023-01415-w"", ""identifier"": ""10.1038/s41588-023-01415-w"", ""identifier_type"": ""doi; pmid; title"", ""pub_id"": ""7739"", ""source_relation"": ""DMCA-targeted lineage has the same normalized public repository/package name 'shapeit5' as seeded lineage lineage_odelaneau_shapeit5; no GitHub-displayed fork/source proof is asserted.""}]",B2_PROJECT_FAMILY_NAME_PROPAGATION,public_metadata_seed; B2_PROJECT_FAMILY_NAME_PROPAGATION,false,false,false,1k_samples_wbi.txt,single_file,,,,,,,,0,evidence/lineages/lineage_barneyhill_shapeit5.md,,,,,,,,,
2026-04-14-uk-biobank,2026-04-14,2026/04/2026-04-14-uk-biobank.md,https://github.com/blitz305/UKBAnalytica,blitz305,UKBAnalytica,http_451,lineage_blitz305_ukbanalytica,unknown,,tests/testthat/testdata/raw_demo.csv,genotype; phenotype; hospital_episode_statistics; ehr,,,2026-04-14,UKBAnalytica: an integrated R package for scalable phenotyping and reproducible epidemiological analysis within the UK Biobank Research Analysis Platform,10.64898/2026.06.19.26356057,,Nan He; Ke Mo; Guangchuang Yu; Feiying He,822932,Inherent and non-inherent factors  for chronic diseases and multimorbidity,,Southern Medical University,true,probable,85,Public metadata seed records strong but non-deterministic repository-publication-application evidence.,https://github.com/github/dmca/blob/master/2026/04/2026-04-14-uk-biobank.md; https://github.com/blitz305/UKBAnalytica/blob/d6facb23a147b51a335223a9bb12141b5cbfd32a/tests/testthat/testdata/raw_demo.csv; https://github.com/blitz305/UKBAnalytica; https://www.medrxiv.org/content/10.64898/2026.06.19.26356057v1; https://cran.r-project.org/package=UKBAnalytica; https://github.com/Hinna0818/UKBAnalytica; https://hinna0818.github.io/UKBAnalytica/; https://doi.org/10.64898/2026.06.19.26356057,target repository owner/uploader only; not attributed to the UKB application team without independent evidence,true,10.64898/2026.06.19.26356057,,UKBAnalytica: an integrated R package for scalable phenotyping and reproducible epidemiological analysis within the UK Biobank Research Analysis Platform,,822932,1,doi; title,"[{""app_id"": ""822932"", ""evidence_class"": ""B2_PROJECT_FAMILY_NAME_PROPAGATION"", ""evidence_urls"": ""https://github.com/github/dmca/blob/master/2026/04/2026-04-14-uk-biobank.md; https://github.com/blitz305/UKBAnalytica/blob/d6facb23a147b51a335223a9bb12141b5cbfd32a/tests/testthat/testdata/raw_demo.csv; https://github.com/blitz305/UKBAnalytica; https://www.medrxiv.org/content/10.64898/2026.06.19.26356057v1; https://cran.r-project.org/package=UKBAnalytica; https://github.com/Hinna0818/UKBAnalytica; https://hinna0818.github.io/UKBAnalytica/; https://doi.org/10.64898/2026.06.19.26356057"", ""identifier"": ""10.64898/2026.06.19.26356057"", ""identifier_type"": ""doi; title"", ""pub_id"": """", ""source_relation"": ""DMCA-targeted lineage has the same normalized public repository/package name 'ukbanalytica' as seeded lineage lineage_hinna0818_ukbanalytica; no GitHub-displayed fork/source proof is asserted.""}]",B2_PROJECT_FAMILY_NAME_PROPAGATION,public_metadata_seed; B2_PROJECT_FAMILY_NAME_PROPAGATION,false,false,false,raw_demo.csv,single_file,,,,,,,,0,evidence/lineages/lineage_blitz305_ukbanalytica.md,,,,,,,,,
2025-11-13-uk-biobank-7,2025-11-13,2025/11/2025-11-13-uk-biobank-7.md,https://github.com/CuihuaXia/ptrs-ukb,CuihuaXia,ptrs-ukb,http_451,lineage_cuihuaxia_ptrs-ukb,unknown,,notebook/first_attempt_on_hail.ipynb,genotype; phenotype; hospital_episode_statistics; gwas,,,2025-11-13,Polygenic transcriptome risk scores (PTRS) can improve portability of polygenic risk scores across ancestries,10.1186/s13059-021-02591-w,,Yanyu Liang; Milton Pividori; Ani Manichaikul; Abraham A. Palmer; Nancy J. Cox; Heather E. Wheeler; Hae Kyung Im,19526,Phenomewide scan of gene level associations,Dr Hae Kyung Im,University of Chicago,true,probable,85,Public metadata seed records strong but non-deterministic repository-publication-application evidence.,https://github.com/github/dmca/blob/master/2025/11/2025-11-13-uk-biobank-7.md; https://github.com/CuihuaXia/ptrs-ukb/blob/master/notebook/first_attempt_on_hail.ipynb; https://github.com/CuihuaXia/ptrs-ukb; https://github.com/CuihuaXia/ptrs-ukb/blob/master/notebook/prepare_phenotype_and_run_gwas-with_variant_qc.ipynb; https://github.com/CuihuaXia/ptrs-ukb/blob/master/notebook/side_try_pheno.ipynb; https://github.com/CuihuaXia/ptrs-ukb/blob/master/notebook/first_look_at_prs.ipynb; https://link.springer.com/article/10.1186/s13059-021-02591-w; https://pmc.ncbi.nlm.nih.gov/articles/PMC8759285/; https://github.com/liangyy/ptrs-ukb; https://doi.org/10.1186/s13059-021-02591-w,target repository owner/uploader only; not attributed to the UKB application team without independent evidence,true,10.1186/s13059-021-02591-w,,Polygenic transcriptome risk scores (PTRS) can improve portability of polygenic risk scores across ancestries,,19526,1,doi; title,"[{""app_id"": ""19526"", ""evidence_class"": ""B2_PROJECT_FAMILY_NAME_PROPAGATION"", ""evidence_urls"": ""https://github.com/github/dmca/blob/master/2025/11/2025-11-13-uk-biobank-7.md; https://github.com/CuihuaXia/ptrs-ukb/blob/master/notebook/first_attempt_on_hail.ipynb; https://github.com/CuihuaXia/ptrs-ukb; https://github.com/CuihuaXia/ptrs-ukb/blob/master/notebook/prepare_phenotype_and_run_gwas-with_variant_qc.ipynb; https://github.com/CuihuaXia/ptrs-ukb/blob/master/notebook/side_try_pheno.ipynb; https://github.com/CuihuaXia/ptrs-ukb/blob/master/notebook/first_look_at_prs.ipynb; https://link.springer.com/article/10.1186/s13059-021-02591-w; https://pmc.ncbi.nlm.nih.gov/articles/PMC8759285/; https://github.com/liangyy/ptrs-ukb; https://doi.org/10.1186/s13059-021-02591-w"", ""identifier"": ""10.1186/s13059-021-02591-w"", ""identifier_type"": ""doi; title"", ""pub_id"": """", ""source_relation"": ""DMCA-targeted lineage has the same normalized public repository/package name 'ptrsukb' as seeded lineage lineage_hakyimlab_ptrs-ukb; no GitHub-displayed fork/source proof is asserted.""}]",B2_PROJECT_FAMILY_NAME_PROPAGATION,public_metadata_seed; B2_PROJECT_FAMILY_NAME_PROPAGATION,false,false,false,first_attempt_on_hail.ipynb,single_file,,,,,,,,0,evidence/lineages/lineage_cuihuaxia_ptrs-ukb.md,,,,,,,,,
2025-11-13-uk-biobank-7,2025-11-13,2025/11/2025-11-13-uk-biobank-7.md,https://github.com/CuihuaXia/ptrs-ukb,CuihuaXia,ptrs-ukb,http_451,lineage_cuihuaxia_ptrs-ukb,unknown,,notebook/prepare_phenotype_and_run_gwas-with_variant_qc.ipynb,genotype; phenotype; hospital_episode_statistics; gwas,,,2025-11-13,Polygenic transcriptome risk scores (PTRS) can improve portability of polygenic risk scores across ancestries,10.1186/s13059-021-02591-w,,Yanyu Liang; Milton Pividori; Ani Manichaikul; Abraham A. Palmer; Nancy J. Cox; Heather E. Wheeler; Hae Kyung Im,19526,Phenomewide scan of gene level associations,Dr Hae Kyung Im,University of Chicago,true,probable,85,Public metadata seed records strong but non-deterministic repository-publication-application evidence.,https://github.com/github/dmca/blob/master/2025/11/2025-11-13-uk-biobank-7.md; https://github.com/CuihuaXia/ptrs-ukb/blob/master/notebook/prepare_phenotype_and_run_gwas-with_variant_qc.ipynb; https://github.com/CuihuaXia/ptrs-ukb; https://github.com/CuihuaXia/ptrs-ukb/blob/master/notebook/first_attempt_on_hail.ipynb; https://github.com/CuihuaXia/ptrs-ukb/blob/master/notebook/side_try_pheno.ipynb; https://github.com/CuihuaXia/ptrs-ukb/blob/master/notebook/first_look_at_prs.ipynb; https://link.springer.com/article/10.1186/s13059-021-02591-w; https://pmc.ncbi.nlm.nih.gov/articles/PMC8759285/; https://github.com/liangyy/ptrs-ukb; https://doi.org/10.1186/s13059-021-02591-w,target repository owner/uploader only; not attributed to the UKB application team without independent evidence,true,10.1186/s13059-021-02591-w,,Polygenic transcriptome risk scores (PTRS) can improve portability of polygenic risk scores across ancestries,,19526,1,doi; title,"[{""app_id"": ""19526"", ""evidence_class"": ""B2_PROJECT_FAMILY_NAME_PROPAGATION"", ""evidence_urls"": ""https://github.com/github/dmca/blob/master/2025/11/2025-11-13-uk-biobank-7.md; https://github.com/CuihuaXia/ptrs-ukb/blob/master/notebook/first_attempt_on_hail.ipynb; https://github.com/CuihuaXia/ptrs-ukb; https://github.com/CuihuaXia/ptrs-ukb/blob/master/notebook/prepare_phenotype_and_run_gwas-with_variant_qc.ipynb; https://github.com/CuihuaXia/ptrs-ukb/blob/master/notebook/side_try_pheno.ipynb; https://github.com/CuihuaXia/ptrs-ukb/blob/master/notebook/first_look_at_prs.ipynb; https://link.springer.com/article/10.1186/s13059-021-02591-w; https://pmc.ncbi.nlm.nih.gov/articles/PMC8759285/; https://github.com/liangyy/ptrs-ukb; https://doi.org/10.1186/s13059-021-02591-w"", ""identifier"": ""10.1186/s13059-021-02591-w"", ""identifier_type"": ""doi; title"", ""pub_id"": """", ""source_relation"": ""DMCA-targeted lineage has the same normalized public repository/package name 'ptrsukb' as seeded lineage lineage_hakyimlab_ptrs-ukb; no GitHub-displayed fork/source proof is asserted.""}]",B2_PROJECT_FAMILY_NAME_PROPAGATION,public_metadata_seed; B2_PROJECT_FAMILY_NAME_PROPAGATION,false,false,false,prepare_phenotype_and_run_gwas-with_variant_qc.ipynb,single_file,,,,,,,,0,evidence/lineages/lineage_cuihuaxia_ptrs-ukb.md,,,,,,,,,
2025-11-13-uk-biobank-7,2025-11-13,2025/11/2025-11-13-uk-biobank-7.md,https://github.com/CuihuaXia/ptrs-ukb,CuihuaXia,ptrs-ukb,http_451,lineage_cuihuaxia_ptrs-ukb,unknown,,notebook/side_try_pheno.ipynb,genotype; phenotype; hospital_episode_statistics; gwas,,,2025-11-13,Polygenic transcriptome risk scores (PTRS) can improve portability of polygenic risk scores across ancestries,10.1186/s13059-021-02591-w,,Yanyu Liang; Milton Pividori; Ani Manichaikul; Abraham A. Palmer; Nancy J. Cox; Heather E. Wheeler; Hae Kyung Im,19526,Phenomewide scan of gene level associations,Dr Hae Kyung Im,University of Chicago,true,probable,85,Public metadata seed records strong but non-deterministic repository-publication-application evidence.,https://github.com/github/dmca/blob/master/2025/11/2025-11-13-uk-biobank-7.md; https://github.com/CuihuaXia/ptrs-ukb/blob/master/notebook/side_try_pheno.ipynb; https://github.com/CuihuaXia/ptrs-ukb; https://github.com/CuihuaXia/ptrs-ukb/blob/master/notebook/first_attempt_on_hail.ipynb; https://github.com/CuihuaXia/ptrs-ukb/blob/master/notebook/prepare_phenotype_and_run_gwas-with_variant_qc.ipynb; https://github.com/CuihuaXia/ptrs-ukb/blob/master/notebook/first_look_at_prs.ipynb; https://link.springer.com/article/10.1186/s13059-021-02591-w; https://pmc.ncbi.nlm.nih.gov/articles/PMC8759285/; https://github.com/liangyy/ptrs-ukb; https://doi.org/10.1186/s13059-021-02591-w,target repository owner/uploader only; not attributed to the UKB application team without independent evidence,true,10.1186/s13059-021-02591-w,,Polygenic transcriptome risk scores (PTRS) can improve portability of polygenic risk scores across ancestries,,19526,1,doi; title,"[{""app_id"": ""19526"", ""evidence_class"": ""B2_PROJECT_FAMILY_NAME_PROPAGATION"", ""evidence_urls"": ""https://github.com/github/dmca/blob/master/2025/11/2025-11-13-uk-biobank-7.md; https://github.com/CuihuaXia/ptrs-ukb/blob/master/notebook/first_attempt_on_hail.ipynb; https://github.com/CuihuaXia/ptrs-ukb; https://github.com/CuihuaXia/ptrs-ukb/blob/master/notebook/prepare_phenotype_and_run_gwas-with_variant_qc.ipynb; https://github.com/CuihuaXia/ptrs-ukb/blob/master/notebook/side_try_pheno.ipynb; https://github.com/CuihuaXia/ptrs-ukb/blob/master/notebook/first_look_at_prs.ipynb; https://link.springer.com/article/10.1186/s13059-021-02591-w; https://pmc.ncbi.nlm.nih.gov/articles/PMC8759285/; https://github.com/liangyy/ptrs-ukb; https://doi.org/10.1186/s13059-021-02591-w"", ""identifier"": ""10.1186/s13059-021-02591-w"", ""identifier_type"": ""doi; title"", ""pub_id"": """", ""source_relation"": ""DMCA-targeted lineage has the same normalized public repository/package name 'ptrsukb' as seeded lineage lineage_hakyimlab_ptrs-ukb; no GitHub-displayed fork/source proof is asserted.""}]",B2_PROJECT_FAMILY_NAME_PROPAGATION,public_metadata_seed; B2_PROJECT_FAMILY_NAME_PROPAGATION,false,false,false,side_try_pheno.ipynb,single_file,,,,,,,,0,evidence/lineages/lineage_cuihuaxia_ptrs-ukb.md,,,,,,,,,
2025-11-13-uk-biobank-7,2025-11-13,2025/11/2025-11-13-uk-biobank-7.md,https://github.com/CuihuaXia/ptrs-ukb,CuihuaXia,ptrs-ukb,http_451,lineage_cuihuaxia_ptrs-ukb,unknown,,notebook/first_look_at_prs.ipynb,genotype; phenotype; hospital_episode_statistics; gwas,,,2025-11-13,Polygenic transcriptome risk scores (PTRS) can improve portability of polygenic risk scores across ancestries,10.1186/s13059-021-02591-w,,Yanyu Liang; Milton Pividori; Ani Manichaikul; Abraham A. Palmer; Nancy J. Cox; Heather E. Wheeler; Hae Kyung Im,19526,Phenomewide scan of gene level associations,Dr Hae Kyung Im,University of Chicago,true,probable,85,Public metadata seed records strong but non-deterministic repository-publication-application evidence.,https://github.com/github/dmca/blob/master/2025/11/2025-11-13-uk-biobank-7.md; https://github.com/CuihuaXia/ptrs-ukb/blob/master/notebook/first_look_at_prs.ipynb; https://github.com/CuihuaXia/ptrs-ukb; https://github.com/CuihuaXia/ptrs-ukb/blob/master/notebook/first_attempt_on_hail.ipynb; https://github.com/CuihuaXia/ptrs-ukb/blob/master/notebook/prepare_phenotype_and_run_gwas-with_variant_qc.ipynb; https://github.com/CuihuaXia/ptrs-ukb/blob/master/notebook/side_try_pheno.ipynb; https://link.springer.com/article/10.1186/s13059-021-02591-w; https://pmc.ncbi.nlm.nih.gov/articles/PMC8759285/; https://github.com/liangyy/ptrs-ukb; https://doi.org/10.1186/s13059-021-02591-w,target repository owner/uploader only; not attributed to the UKB application team without independent evidence,true,10.1186/s13059-021-02591-w,,Polygenic transcriptome risk scores (PTRS) can improve portability of polygenic risk scores across ancestries,,19526,1,doi; title,"[{""app_id"": ""19526"", ""evidence_class"": ""B2_PROJECT_FAMILY_NAME_PROPAGATION"", ""evidence_urls"": ""https://github.com/github/dmca/blob/master/2025/11/2025-11-13-uk-biobank-7.md; https://github.com/CuihuaXia/ptrs-ukb/blob/master/notebook/first_attempt_on_hail.ipynb; https://github.com/CuihuaXia/ptrs-ukb; https://github.com/CuihuaXia/ptrs-ukb/blob/master/notebook/prepare_phenotype_and_run_gwas-with_variant_qc.ipynb; https://github.com/CuihuaXia/ptrs-ukb/blob/master/notebook/side_try_pheno.ipynb; https://github.com/CuihuaXia/ptrs-ukb/blob/master/notebook/first_look_at_prs.ipynb; https://link.springer.com/article/10.1186/s13059-021-02591-w; https://pmc.ncbi.nlm.nih.gov/articles/PMC8759285/; https://github.com/liangyy/ptrs-ukb; https://doi.org/10.1186/s13059-021-02591-w"", ""identifier"": ""10.1186/s13059-021-02591-w"", ""identifier_type"": ""doi; title"", ""pub_id"": """", ""source_relation"": ""DMCA-targeted lineage has the same normalized public repository/package name 'ptrsukb' as seeded lineage lineage_hakyimlab_ptrs-ukb; no GitHub-displayed fork/source proof is asserted.""}]",B2_PROJECT_FAMILY_NAME_PROPAGATION,public_metadata_seed; B2_PROJECT_FAMILY_NAME_PROPAGATION,false,false,false,first_look_at_prs.ipynb,single_file,,,,,,,,0,evidence/lineages/lineage_cuihuaxia_ptrs-ukb.md,,,,,,,,,
2025-12-08-uk-biobank,2025-12-08,2025/12/2025-12-08-uk-biobank.md,https://github.com/deepgohil/gogoGPCR,deepgohil,gogoGPCR,http_451,lineage_deepgohil_gogogpcr,unknown,,notebooks/0_import_matrixtable.ipynb,genotype; hospital_episode_statistics; covariates,,,2025-12-08,Characterization of genetic variants of GIPR reveals a contribution of beta-arrestin to metabolic phenotypes,10.1038/s42255-024-01061-4,,Huesun S. Kizilkaya; Kimmie V. Sorensen; Jakob S. Madsen; Peter A. Gerlach; Alexander S. Hauser; Mette M. Rosenkilde,55955,Advancing personalised medicine for psychiatric diseases through integrative GPCR pharmacogenomics,Dr Alexander Hauser,University of Copenhagen,true,probable,85,Public metadata seed records strong but non-deterministic repository-publication-application evidence.,https://github.com/github/dmca/blob/master/2025/12/2025-12-08-uk-biobank.md; https://github.com/deepgohil/gogoGPCR/blob/c9df069580c277fe60d2bf67c9532201f056b887/notebooks/0_import_matrixtable.ipynb; https://github.com/deepgohil/gogoGPCR; https://github.com/deepgohil/gogoGPCR/blob/c2cb03d8ca76cd454688782f468867e170a7d798/notebooks/0_burden_files.ipynb; https://github.com/deepgohil/gogoGPCR/blob/0b3457853125a88ecb11bc1763c63ea7c8879aab/notebooks/1_burden_files.ipynb; https://github.com/deepgohil/gogoGPCR/blob/a3ba973a555acb8d23d5594be1969a105e9f324b/data/withdrawn_samples.csv; https://github.com/deepgohil/gogoGPCR/blob/daf3eb012558a373ff3e3534278c6be9786e8588/notebooks/04_fix_phesant_output.ipynb; https://github.com/deepgohil/gogoGPCR/blob/a06d7f313cba51625b28ef71e2e575180f5342f6/notebooks/02_covariates.ipynb; https://github.com/deepgohil/gogoGPCR/blob/173114a4ef37b99bca5010892053bbf904b43c22/notebooks/01_sample_hard_filter.ipynb; https://github.com/deepgohil/gogoGPCR/blob/8113a4e453f6fe6958e58eaab0258606d3630ba2/notebooks/1_sample_hard_filter.ipynb; https://www.nature.com/articles/s42255-024-01061-4; https://pmc.ncbi.nlm.nih.gov/articles/PMC11272584/; https://github.com/HauserGroup/gogoGPCR; https://doi.org/10.1038/s42255-024-01061-4,target repository owner/uploader only; not attributed to the UKB application team without independent evidence,true,10.1038/s42255-024-01061-4,,Characterization of genetic variants of GIPR reveals a contribution of beta-arrestin to metabolic phenotypes,,55955,1,doi; title,"[{""app_id"": ""55955"", ""evidence_class"": ""B2_PROJECT_FAMILY_NAME_PROPAGATION"", ""evidence_urls"": ""https://github.com/github/dmca/blob/master/2025/12/2025-12-08-uk-biobank.md; https://github.com/deepgohil/gogoGPCR/blob/c9df069580c277fe60d2bf67c9532201f056b887/notebooks/0_import_matrixtable.ipynb; https://github.com/deepgohil/gogoGPCR; https://github.com/deepgohil/gogoGPCR/blob/c2cb03d8ca76cd454688782f468867e170a7d798/notebooks/0_burden_files.ipynb; https://github.com/deepgohil/gogoGPCR/blob/0b3457853125a88ecb11bc1763c63ea7c8879aab/notebooks/1_burden_files.ipynb; https://github.com/deepgohil/gogoGPCR/blob/a3ba973a555acb8d23d5594be1969a105e9f324b/data/withdrawn_samples.csv; https://github.com/deepgohil/gogoGPCR/blob/daf3eb012558a373ff3e3534278c6be9786e8588/notebooks/04_fix_phesant_output.ipynb; https://github.com/deepgohil/gogoGPCR/blob/a06d7f313cba51625b28ef71e2e575180f5342f6/notebooks/02_covariates.ipynb; https://github.com/deepgohil/gogoGPCR/blob/173114a4ef37b99bca5010892053bbf904b43c22/notebooks/01_sample_hard_filter.ipynb; https://github.com/deepgohil/gogoGPCR/blob/8113a4e453f6fe6958e58eaab0258606d3630ba2/notebooks/1_sample_hard_filter.ipynb; https://www.nature.com/articles/s42255-024-01061-4; https://pmc.ncbi.nlm.nih.gov/articles/PMC11272584/; https://github.com/HauserGroup/gogoGPCR; https://doi.org/10.1038/s42255-024-01061-4"", ""identifier"": ""10.1038/s42255-024-01061-4"", ""identifier_type"": ""doi; title"", ""pub_id"": """", ""source_relation"": ""DMCA-targeted lineage has the same normalized public repository/package name 'gogogpcr' as seeded lineage lineage_petergerlach1_gogogpcr; no GitHub-displayed fork/source proof is asserted.""}]",B2_PROJECT_FAMILY_NAME_PROPAGATION,public_metadata_seed; B2_PROJECT_FAMILY_NAME_PROPAGATION,false,false,false,0_import_matrixtable.ipynb,single_file,,,,,,,,0,evidence/lineages/lineage_deepgohil_gogogpcr.md,,,,,,,,,
2025-12-08-uk-biobank,2025-12-08,2025/12/2025-12-08-uk-biobank.md,https://github.com/deepgohil/gogoGPCR,deepgohil,gogoGPCR,http_451,lineage_deepgohil_gogogpcr,unknown,,notebooks/0_burden_files.ipynb,genotype; hospital_episode_statistics; covariates,,,2025-12-08,Characterization of genetic variants of GIPR reveals a contribution of beta-arrestin to metabolic phenotypes,10.1038/s42255-024-01061-4,,Huesun S. Kizilkaya; Kimmie V. Sorensen; Jakob S. Madsen; Peter A. Gerlach; Alexander S. Hauser; Mette M. Rosenkilde,55955,Advancing personalised medicine for psychiatric diseases through integrative GPCR pharmacogenomics,Dr Alexander Hauser,University of Copenhagen,true,probable,85,Public metadata seed records strong but non-deterministic repository-publication-application evidence.,https://github.com/github/dmca/blob/master/2025/12/2025-12-08-uk-biobank.md; https://github.com/deepgohil/gogoGPCR/blob/c2cb03d8ca76cd454688782f468867e170a7d798/notebooks/0_burden_files.ipynb; https://github.com/deepgohil/gogoGPCR; https://github.com/deepgohil/gogoGPCR/blob/c9df069580c277fe60d2bf67c9532201f056b887/notebooks/0_import_matrixtable.ipynb; https://github.com/deepgohil/gogoGPCR/blob/0b3457853125a88ecb11bc1763c63ea7c8879aab/notebooks/1_burden_files.ipynb; https://github.com/deepgohil/gogoGPCR/blob/a3ba973a555acb8d23d5594be1969a105e9f324b/data/withdrawn_samples.csv; https://github.com/deepgohil/gogoGPCR/blob/daf3eb012558a373ff3e3534278c6be9786e8588/notebooks/04_fix_phesant_output.ipynb; https://github.com/deepgohil/gogoGPCR/blob/a06d7f313cba51625b28ef71e2e575180f5342f6/notebooks/02_covariates.ipynb; https://github.com/deepgohil/gogoGPCR/blob/173114a4ef37b99bca5010892053bbf904b43c22/notebooks/01_sample_hard_filter.ipynb; https://github.com/deepgohil/gogoGPCR/blob/8113a4e453f6fe6958e58eaab0258606d3630ba2/notebooks/1_sample_hard_filter.ipynb; https://www.nature.com/articles/s42255-024-01061-4; https://pmc.ncbi.nlm.nih.gov/articles/PMC11272584/; https://github.com/HauserGroup/gogoGPCR; https://doi.org/10.1038/s42255-024-01061-4,target repository owner/uploader only; not attributed to the UKB application team without independent evidence,true,10.1038/s42255-024-01061-4,,Characterization of genetic variants of GIPR reveals a contribution of beta-arrestin to metabolic phenotypes,,55955,1,doi; title,"[{""app_id"": ""55955"", ""evidence_class"": ""B2_PROJECT_FAMILY_NAME_PROPAGATION"", ""evidence_urls"": ""https://github.com/github/dmca/blob/master/2025/12/2025-12-08-uk-biobank.md; https://github.com/deepgohil/gogoGPCR/blob/c9df069580c277fe60d2bf67c9532201f056b887/notebooks/0_import_matrixtable.ipynb; https://github.com/deepgohil/gogoGPCR; https://github.com/deepgohil/gogoGPCR/blob/c2cb03d8ca76cd454688782f468867e170a7d798/notebooks/0_burden_files.ipynb; https://github.com/deepgohil/gogoGPCR/blob/0b3457853125a88ecb11bc1763c63ea7c8879aab/notebooks/1_burden_files.ipynb; https://github.com/deepgohil/gogoGPCR/blob/a3ba973a555acb8d23d5594be1969a105e9f324b/data/withdrawn_samples.csv; https://github.com/deepgohil/gogoGPCR/blob/daf3eb012558a373ff3e3534278c6be9786e8588/notebooks/04_fix_phesant_output.ipynb; https://github.com/deepgohil/gogoGPCR/blob/a06d7f313cba51625b28ef71e2e575180f5342f6/notebooks/02_covariates.ipynb; https://github.com/deepgohil/gogoGPCR/blob/173114a4ef37b99bca5010892053bbf904b43c22/notebooks/01_sample_hard_filter.ipynb; https://github.com/deepgohil/gogoGPCR/blob/8113a4e453f6fe6958e58eaab0258606d3630ba2/notebooks/1_sample_hard_filter.ipynb; https://www.nature.com/articles/s42255-024-01061-4; https://pmc.ncbi.nlm.nih.gov/articles/PMC11272584/; https://github.com/HauserGroup/gogoGPCR; https://doi.org/10.1038/s42255-024-01061-4"", ""identifier"": ""10.1038/s42255-024-01061-4"", ""identifier_type"": ""doi; title"", ""pub_id"": """", ""source_relation"": ""DMCA-targeted lineage has the same normalized public repository/package name 'gogogpcr' as seeded lineage lineage_petergerlach1_gogogpcr; no GitHub-displayed fork/source proof is asserted.""}]",B2_PROJECT_FAMILY_NAME_PROPAGATION,public_metadata_seed; B2_PROJECT_FAMILY_NAME_PROPAGATION,false,false,false,0_burden_files.ipynb,single_file,,,,,,,,0,evidence/lineages/lineage_deepgohil_gogogpcr.md,,,,,,,,,
2025-12-08-uk-biobank,2025-12-08,2025/12/2025-12-08-uk-biobank.md,https://github.com/deepgohil/gogoGPCR,deepgohil,gogoGPCR,http_451,lineage_deepgohil_gogogpcr,unknown,,notebooks/1_burden_files.ipynb,genotype; hospital_episode_statistics; covariates,,,2025-12-08,Characterization of genetic variants of GIPR reveals a contribution of beta-arrestin to metabolic phenotypes,10.1038/s42255-024-01061-4,,Huesun S. Kizilkaya; Kimmie V. Sorensen; Jakob S. Madsen; Peter A. Gerlach; Alexander S. Hauser; Mette M. Rosenkilde,55955,Advancing personalised medicine for psychiatric diseases through integrative GPCR pharmacogenomics,Dr Alexander Hauser,University of Copenhagen,true,probable,85,Public metadata seed records strong but non-deterministic repository-publication-application evidence.,https://github.com/github/dmca/blob/master/2025/12/2025-12-08-uk-biobank.md; https://github.com/deepgohil/gogoGPCR/blob/0b3457853125a88ecb11bc1763c63ea7c8879aab/notebooks/1_burden_files.ipynb; https://github.com/deepgohil/gogoGPCR; https://github.com/deepgohil/gogoGPCR/blob/c9df069580c277fe60d2bf67c9532201f056b887/notebooks/0_import_matrixtable.ipynb; https://github.com/deepgohil/gogoGPCR/blob/c2cb03d8ca76cd454688782f468867e170a7d798/notebooks/0_burden_files.ipynb; https://github.com/deepgohil/gogoGPCR/blob/a3ba973a555acb8d23d5594be1969a105e9f324b/data/withdrawn_samples.csv; https://github.com/deepgohil/gogoGPCR/blob/daf3eb012558a373ff3e3534278c6be9786e8588/notebooks/04_fix_phesant_output.ipynb; https://github.com/deepgohil/gogoGPCR/blob/a06d7f313cba51625b28ef71e2e575180f5342f6/notebooks/02_covariates.ipynb; https://github.com/deepgohil/gogoGPCR/blob/173114a4ef37b99bca5010892053bbf904b43c22/notebooks/01_sample_hard_filter.ipynb; https://github.com/deepgohil/gogoGPCR/blob/8113a4e453f6fe6958e58eaab0258606d3630ba2/notebooks/1_sample_hard_filter.ipynb; https://www.nature.com/articles/s42255-024-01061-4; https://pmc.ncbi.nlm.nih.gov/articles/PMC11272584/; https://github.com/HauserGroup/gogoGPCR; https://doi.org/10.1038/s42255-024-01061-4,target repository owner/uploader only; not attributed to the UKB application team without independent evidence,true,10.1038/s42255-024-01061-4,,Characterization of genetic variants of GIPR reveals a contribution of beta-arrestin to metabolic phenotypes,,55955,1,doi; title,"[{""app_id"": ""55955"", ""evidence_class"": ""B2_PROJECT_FAMILY_NAME_PROPAGATION"", ""evidence_urls"": ""https://github.com/github/dmca/blob/master/2025/12/2025-12-08-uk-biobank.md; https://github.com/deepgohil/gogoGPCR/blob/c9df069580c277fe60d2bf67c9532201f056b887/notebooks/0_import_matrixtable.ipynb; https://github.com/deepgohil/gogoGPCR; https://github.com/deepgohil/gogoGPCR/blob/c2cb03d8ca76cd454688782f468867e170a7d798/notebooks/0_burden_files.ipynb; https://github.com/deepgohil/gogoGPCR/blob/0b3457853125a88ecb11bc1763c63ea7c8879aab/notebooks/1_burden_files.ipynb; https://github.com/deepgohil/gogoGPCR/blob/a3ba973a555acb8d23d5594be1969a105e9f324b/data/withdrawn_samples.csv; https://github.com/deepgohil/gogoGPCR/blob/daf3eb012558a373ff3e3534278c6be9786e8588/notebooks/04_fix_phesant_output.ipynb; https://github.com/deepgohil/gogoGPCR/blob/a06d7f313cba51625b28ef71e2e575180f5342f6/notebooks/02_covariates.ipynb; https://github.com/deepgohil/gogoGPCR/blob/173114a4ef37b99bca5010892053bbf904b43c22/notebooks/01_sample_hard_filter.ipynb; https://github.com/deepgohil/gogoGPCR/blob/8113a4e453f6fe6958e58eaab0258606d3630ba2/notebooks/1_sample_hard_filter.ipynb; https://www.nature.com/articles/s42255-024-01061-4; https://pmc.ncbi.nlm.nih.gov/articles/PMC11272584/; https://github.com/HauserGroup/gogoGPCR; https://doi.org/10.1038/s42255-024-01061-4"", ""identifier"": ""10.1038/s42255-024-01061-4"", ""identifier_type"": ""doi; title"", ""pub_id"": """", ""source_relation"": ""DMCA-targeted lineage has the same normalized public repository/package name 'gogogpcr' as seeded lineage lineage_petergerlach1_gogogpcr; no GitHub-displayed fork/source proof is asserted.""}]",B2_PROJECT_FAMILY_NAME_PROPAGATION,public_metadata_seed; B2_PROJECT_FAMILY_NAME_PROPAGATION,false,false,false,1_burden_files.ipynb,single_file,,,,,,,,0,evidence/lineages/lineage_deepgohil_gogogpcr.md,,,,,,,,,
2025-12-08-uk-biobank,2025-12-08,2025/12/2025-12-08-uk-biobank.md,https://github.com/deepgohil/gogoGPCR,deepgohil,gogoGPCR,http_451,lineage_deepgohil_gogogpcr,unknown,,data/withdrawn_samples.csv,genotype; hospital_episode_statistics; covariates,,,2025-12-08,Characterization of genetic variants of GIPR reveals a contribution of beta-arrestin to metabolic phenotypes,10.1038/s42255-024-01061-4,,Huesun S. Kizilkaya; Kimmie V. Sorensen; Jakob S. Madsen; Peter A. Gerlach; Alexander S. Hauser; Mette M. Rosenkilde,55955,Advancing personalised medicine for psychiatric diseases through integrative GPCR pharmacogenomics,Dr Alexander Hauser,University of Copenhagen,true,probable,85,Public metadata seed records strong but non-deterministic repository-publication-application evidence.,https://github.com/github/dmca/blob/master/2025/12/2025-12-08-uk-biobank.md; https://github.com/deepgohil/gogoGPCR/blob/a3ba973a555acb8d23d5594be1969a105e9f324b/data/withdrawn_samples.csv; https://github.com/deepgohil/gogoGPCR; https://github.com/deepgohil/gogoGPCR/blob/c9df069580c277fe60d2bf67c9532201f056b887/notebooks/0_import_matrixtable.ipynb; https://github.com/deepgohil/gogoGPCR/blob/c2cb03d8ca76cd454688782f468867e170a7d798/notebooks/0_burden_files.ipynb; https://github.com/deepgohil/gogoGPCR/blob/0b3457853125a88ecb11bc1763c63ea7c8879aab/notebooks/1_burden_files.ipynb; https://github.com/deepgohil/gogoGPCR/blob/daf3eb012558a373ff3e3534278c6be9786e8588/notebooks/04_fix_phesant_output.ipynb; https://github.com/deepgohil/gogoGPCR/blob/a06d7f313cba51625b28ef71e2e575180f5342f6/notebooks/02_covariates.ipynb; https://github.com/deepgohil/gogoGPCR/blob/173114a4ef37b99bca5010892053bbf904b43c22/notebooks/01_sample_hard_filter.ipynb; https://github.com/deepgohil/gogoGPCR/blob/8113a4e453f6fe6958e58eaab0258606d3630ba2/notebooks/1_sample_hard_filter.ipynb; https://www.nature.com/articles/s42255-024-01061-4; https://pmc.ncbi.nlm.nih.gov/articles/PMC11272584/; https://github.com/HauserGroup/gogoGPCR; https://doi.org/10.1038/s42255-024-01061-4,target repository owner/uploader only; not attributed to the UKB application team without independent evidence,true,10.1038/s42255-024-01061-4,,Characterization of genetic variants of GIPR reveals a contribution of beta-arrestin to metabolic phenotypes,,55955,1,doi; title,"[{""app_id"": ""55955"", ""evidence_class"": ""B2_PROJECT_FAMILY_NAME_PROPAGATION"", ""evidence_urls"": ""https://github.com/github/dmca/blob/master/2025/12/2025-12-08-uk-biobank.md; https://github.com/deepgohil/gogoGPCR/blob/c9df069580c277fe60d2bf67c9532201f056b887/notebooks/0_import_matrixtable.ipynb; https://github.com/deepgohil/gogoGPCR; https://github.com/deepgohil/gogoGPCR/blob/c2cb03d8ca76cd454688782f468867e170a7d798/notebooks/0_burden_files.ipynb; https://github.com/deepgohil/gogoGPCR/blob/0b3457853125a88ecb11bc1763c63ea7c8879aab/notebooks/1_burden_files.ipynb; https://github.com/deepgohil/gogoGPCR/blob/a3ba973a555acb8d23d5594be1969a105e9f324b/data/withdrawn_samples.csv; https://github.com/deepgohil/gogoGPCR/blob/daf3eb012558a373ff3e3534278c6be9786e8588/notebooks/04_fix_phesant_output.ipynb; https://github.com/deepgohil/gogoGPCR/blob/a06d7f313cba51625b28ef71e2e575180f5342f6/notebooks/02_covariates.ipynb; https://github.com/deepgohil/gogoGPCR/blob/173114a4ef37b99bca5010892053bbf904b43c22/notebooks/01_sample_hard_filter.ipynb; https://github.com/deepgohil/gogoGPCR/blob/8113a4e453f6fe6958e58eaab0258606d3630ba2/notebooks/1_sample_hard_filter.ipynb; https://www.nature.com/articles/s42255-024-01061-4; https://pmc.ncbi.nlm.nih.gov/articles/PMC11272584/; https://github.com/HauserGroup/gogoGPCR; https://doi.org/10.1038/s42255-024-01061-4"", ""identifier"": ""10.1038/s42255-024-01061-4"", ""identifier_type"": ""doi; title"", ""pub_id"": """", ""source_relation"": ""DMCA-targeted lineage has the same normalized public repository/package name 'gogogpcr' as seeded lineage lineage_petergerlach1_gogogpcr; no GitHub-displayed fork/source proof is asserted.""}]",B2_PROJECT_FAMILY_NAME_PROPAGATION,public_metadata_seed; B2_PROJECT_FAMILY_NAME_PROPAGATION,false,false,false,withdrawn_samples.csv,single_file,,,,,,,,0,evidence/lineages/lineage_deepgohil_gogogpcr.md,,,,,,,,,
2025-12-08-uk-biobank,2025-12-08,2025/12/2025-12-08-uk-biobank.md,https://github.com/deepgohil/gogoGPCR,deepgohil,gogoGPCR,http_451,lineage_deepgohil_gogogpcr,unknown,,notebooks/04_fix_phesant_output.ipynb,genotype; hospital_episode_statistics; covariates,,,2025-12-08,Characterization of genetic variants of GIPR reveals a contribution of beta-arrestin to metabolic phenotypes,10.1038/s42255-024-01061-4,,Huesun S. Kizilkaya; Kimmie V. Sorensen; Jakob S. Madsen; Peter A. Gerlach; Alexander S. Hauser; Mette M. Rosenkilde,55955,Advancing personalised medicine for psychiatric diseases through integrative GPCR pharmacogenomics,Dr Alexander Hauser,University of Copenhagen,true,probable,85,Public metadata seed records strong but non-deterministic repository-publication-application evidence.,https://github.com/github/dmca/blob/master/2025/12/2025-12-08-uk-biobank.md; https://github.com/deepgohil/gogoGPCR/blob/daf3eb012558a373ff3e3534278c6be9786e8588/notebooks/04_fix_phesant_output.ipynb; https://github.com/deepgohil/gogoGPCR; https://github.com/deepgohil/gogoGPCR/blob/c9df069580c277fe60d2bf67c9532201f056b887/notebooks/0_import_matrixtable.ipynb; https://github.com/deepgohil/gogoGPCR/blob/c2cb03d8ca76cd454688782f468867e170a7d798/notebooks/0_burden_files.ipynb; https://github.com/deepgohil/gogoGPCR/blob/0b3457853125a88ecb11bc1763c63ea7c8879aab/notebooks/1_burden_files.ipynb; https://github.com/deepgohil/gogoGPCR/blob/a3ba973a555acb8d23d5594be1969a105e9f324b/data/withdrawn_samples.csv; https://github.com/deepgohil/gogoGPCR/blob/a06d7f313cba51625b28ef71e2e575180f5342f6/notebooks/02_covariates.ipynb; https://github.com/deepgohil/gogoGPCR/blob/173114a4ef37b99bca5010892053bbf904b43c22/notebooks/01_sample_hard_filter.ipynb; https://github.com/deepgohil/gogoGPCR/blob/8113a4e453f6fe6958e58eaab0258606d3630ba2/notebooks/1_sample_hard_filter.ipynb; https://www.nature.com/articles/s42255-024-01061-4; https://pmc.ncbi.nlm.nih.gov/articles/PMC11272584/; https://github.com/HauserGroup/gogoGPCR; https://doi.org/10.1038/s42255-024-01061-4,target repository owner/uploader only; not attributed to the UKB application team without independent evidence,true,10.1038/s42255-024-01061-4,,Characterization of genetic variants of GIPR reveals a contribution of beta-arrestin to metabolic phenotypes,,55955,1,doi; title,"[{""app_id"": ""55955"", ""evidence_class"": ""B2_PROJECT_FAMILY_NAME_PROPAGATION"", ""evidence_urls"": ""https://github.com/github/dmca/blob/master/2025/12/2025-12-08-uk-biobank.md; https://github.com/deepgohil/gogoGPCR/blob/c9df069580c277fe60d2bf67c9532201f056b887/notebooks/0_import_matrixtable.ipynb; https://github.com/deepgohil/gogoGPCR; https://github.com/deepgohil/gogoGPCR/blob/c2cb03d8ca76cd454688782f468867e170a7d798/notebooks/0_burden_files.ipynb; https://github.com/deepgohil/gogoGPCR/blob/0b3457853125a88ecb11bc1763c63ea7c8879aab/notebooks/1_burden_files.ipynb; https://github.com/deepgohil/gogoGPCR/blob/a3ba973a555acb8d23d5594be1969a105e9f324b/data/withdrawn_samples.csv; https://github.com/deepgohil/gogoGPCR/blob/daf3eb012558a373ff3e3534278c6be9786e8588/notebooks/04_fix_phesant_output.ipynb; https://github.com/deepgohil/gogoGPCR/blob/a06d7f313cba51625b28ef71e2e575180f5342f6/notebooks/02_covariates.ipynb; https://github.com/deepgohil/gogoGPCR/blob/173114a4ef37b99bca5010892053bbf904b43c22/notebooks/01_sample_hard_filter.ipynb; https://github.com/deepgohil/gogoGPCR/blob/8113a4e453f6fe6958e58eaab0258606d3630ba2/notebooks/1_sample_hard_filter.ipynb; https://www.nature.com/articles/s42255-024-01061-4; https://pmc.ncbi.nlm.nih.gov/articles/PMC11272584/; https://github.com/HauserGroup/gogoGPCR; https://doi.org/10.1038/s42255-024-01061-4"", ""identifier"": ""10.1038/s42255-024-01061-4"", ""identifier_type"": ""doi; title"", ""pub_id"": """", ""source_relation"": ""DMCA-targeted lineage has the same normalized public repository/package name 'gogogpcr' as seeded lineage lineage_petergerlach1_gogogpcr; no GitHub-displayed fork/source proof is asserted.""}]",B2_PROJECT_FAMILY_NAME_PROPAGATION,public_metadata_seed; B2_PROJECT_FAMILY_NAME_PROPAGATION,false,false,false,04_fix_phesant_output.ipynb,single_file,,,,,,,,0,evidence/lineages/lineage_deepgohil_gogogpcr.md,,,,,,,,,
2025-12-08-uk-biobank,2025-12-08,2025/12/2025-12-08-uk-biobank.md,https://github.com/deepgohil/gogoGPCR,deepgohil,gogoGPCR,http_451,lineage_deepgohil_gogogpcr,unknown,,notebooks/02_covariates.ipynb,genotype; hospital_episode_statistics; covariates,,,2025-12-08,Characterization of genetic variants of GIPR reveals a contribution of beta-arrestin to metabolic phenotypes,10.1038/s42255-024-01061-4,,Huesun S. Kizilkaya; Kimmie V. Sorensen; Jakob S. Madsen; Peter A. Gerlach; Alexander S. Hauser; Mette M. Rosenkilde,55955,Advancing personalised medicine for psychiatric diseases through integrative GPCR pharmacogenomics,Dr Alexander Hauser,University of Copenhagen,true,probable,85,Public metadata seed records strong but non-deterministic repository-publication-application evidence.,https://github.com/github/dmca/blob/master/2025/12/2025-12-08-uk-biobank.md; https://github.com/deepgohil/gogoGPCR/blob/a06d7f313cba51625b28ef71e2e575180f5342f6/notebooks/02_covariates.ipynb; https://github.com/deepgohil/gogoGPCR; https://github.com/deepgohil/gogoGPCR/blob/c9df069580c277fe60d2bf67c9532201f056b887/notebooks/0_import_matrixtable.ipynb; https://github.com/deepgohil/gogoGPCR/blob/c2cb03d8ca76cd454688782f468867e170a7d798/notebooks/0_burden_files.ipynb; https://github.com/deepgohil/gogoGPCR/blob/0b3457853125a88ecb11bc1763c63ea7c8879aab/notebooks/1_burden_files.ipynb; https://github.com/deepgohil/gogoGPCR/blob/a3ba973a555acb8d23d5594be1969a105e9f324b/data/withdrawn_samples.csv; https://github.com/deepgohil/gogoGPCR/blob/daf3eb012558a373ff3e3534278c6be9786e8588/notebooks/04_fix_phesant_output.ipynb; https://github.com/deepgohil/gogoGPCR/blob/173114a4ef37b99bca5010892053bbf904b43c22/notebooks/01_sample_hard_filter.ipynb; https://github.com/deepgohil/gogoGPCR/blob/8113a4e453f6fe6958e58eaab0258606d3630ba2/notebooks/1_sample_hard_filter.ipynb; https://www.nature.com/articles/s42255-024-01061-4; https://pmc.ncbi.nlm.nih.gov/articles/PMC11272584/; https://github.com/HauserGroup/gogoGPCR; https://doi.org/10.1038/s42255-024-01061-4,target repository owner/uploader only; not attributed to the UKB application team without independent evidence,true,10.1038/s42255-024-01061-4,,Characterization of genetic variants of GIPR reveals a contribution of beta-arrestin to metabolic phenotypes,,55955,1,doi; title,"[{""app_id"": ""55955"", ""evidence_class"": ""B2_PROJECT_FAMILY_NAME_PROPAGATION"", ""evidence_urls"": ""https://github.com/github/dmca/blob/master/2025/12/2025-12-08-uk-biobank.md; https://github.com/deepgohil/gogoGPCR/blob/c9df069580c277fe60d2bf67c9532201f056b887/notebooks/0_import_matrixtable.ipynb; https://github.com/deepgohil/gogoGPCR; https://github.com/deepgohil/gogoGPCR/blob/c2cb03d8ca76cd454688782f468867e170a7d798/notebooks/0_burden_files.ipynb; https://github.com/deepgohil/gogoGPCR/blob/0b3457853125a88ecb11bc1763c63ea7c8879aab/notebooks/1_burden_files.ipynb; https://github.com/deepgohil/gogoGPCR/blob/a3ba973a555acb8d23d5594be1969a105e9f324b/data/withdrawn_samples.csv; https://github.com/deepgohil/gogoGPCR/blob/daf3eb012558a373ff3e3534278c6be9786e8588/notebooks/04_fix_phesant_output.ipynb; https://github.com/deepgohil/gogoGPCR/blob/a06d7f313cba51625b28ef71e2e575180f5342f6/notebooks/02_covariates.ipynb; https://github.com/deepgohil/gogoGPCR/blob/173114a4ef37b99bca5010892053bbf904b43c22/notebooks/01_sample_hard_filter.ipynb; https://github.com/deepgohil/gogoGPCR/blob/8113a4e453f6fe6958e58eaab0258606d3630ba2/notebooks/1_sample_hard_filter.ipynb; https://www.nature.com/articles/s42255-024-01061-4; https://pmc.ncbi.nlm.nih.gov/articles/PMC11272584/; https://github.com/HauserGroup/gogoGPCR; https://doi.org/10.1038/s42255-024-01061-4"", ""identifier"": ""10.1038/s42255-024-01061-4"", ""identifier_type"": ""doi; title"", ""pub_id"": """", ""source_relation"": ""DMCA-targeted lineage has the same normalized public repository/package name 'gogogpcr' as seeded lineage lineage_petergerlach1_gogogpcr; no GitHub-displayed fork/source proof is asserted.""}]",B2_PROJECT_FAMILY_NAME_PROPAGATION,public_metadata_seed; B2_PROJECT_FAMILY_NAME_PROPAGATION,false,false,false,02_covariates.ipynb,single_file,,,,,,,,0,evidence/lineages/lineage_deepgohil_gogogpcr.md,,,,,,,,,
2025-12-08-uk-biobank,2025-12-08,2025/12/2025-12-08-uk-biobank.md,https://github.com/deepgohil/gogoGPCR,deepgohil,gogoGPCR,http_451,lineage_deepgohil_gogogpcr,unknown,,notebooks/01_sample_hard_filter.ipynb,genotype; hospital_episode_statistics; covariates,,,2025-12-08,Characterization of genetic variants of GIPR reveals a contribution of beta-arrestin to metabolic phenotypes,10.1038/s42255-024-01061-4,,Huesun S. Kizilkaya; Kimmie V. Sorensen; Jakob S. Madsen; Peter A. Gerlach; Alexander S. Hauser; Mette M. Rosenkilde,55955,Advancing personalised medicine for psychiatric diseases through integrative GPCR pharmacogenomics,Dr Alexander Hauser,University of Copenhagen,true,probable,85,Public metadata seed records strong but non-deterministic repository-publication-application evidence.,https://github.com/github/dmca/blob/master/2025/12/2025-12-08-uk-biobank.md; https://github.com/deepgohil/gogoGPCR/blob/173114a4ef37b99bca5010892053bbf904b43c22/notebooks/01_sample_hard_filter.ipynb; https://github.com/deepgohil/gogoGPCR; https://github.com/deepgohil/gogoGPCR/blob/c9df069580c277fe60d2bf67c9532201f056b887/notebooks/0_import_matrixtable.ipynb; https://github.com/deepgohil/gogoGPCR/blob/c2cb03d8ca76cd454688782f468867e170a7d798/notebooks/0_burden_files.ipynb; https://github.com/deepgohil/gogoGPCR/blob/0b3457853125a88ecb11bc1763c63ea7c8879aab/notebooks/1_burden_files.ipynb; https://github.com/deepgohil/gogoGPCR/blob/a3ba973a555acb8d23d5594be1969a105e9f324b/data/withdrawn_samples.csv; https://github.com/deepgohil/gogoGPCR/blob/daf3eb012558a373ff3e3534278c6be9786e8588/notebooks/04_fix_phesant_output.ipynb; https://github.com/deepgohil/gogoGPCR/blob/a06d7f313cba51625b28ef71e2e575180f5342f6/notebooks/02_covariates.ipynb; https://github.com/deepgohil/gogoGPCR/blob/8113a4e453f6fe6958e58eaab0258606d3630ba2/notebooks/1_sample_hard_filter.ipynb; https://www.nature.com/articles/s42255-024-01061-4; https://pmc.ncbi.nlm.nih.gov/articles/PMC11272584/; https://github.com/HauserGroup/gogoGPCR; https://doi.org/10.1038/s42255-024-01061-4,target repository owner/uploader only; not attributed to the UKB application team without independent evidence,true,10.1038/s42255-024-01061-4,,Characterization of genetic variants of GIPR reveals a contribution of beta-arrestin to metabolic phenotypes,,55955,1,doi; title,"[{""app_id"": ""55955"", ""evidence_class"": ""B2_PROJECT_FAMILY_NAME_PROPAGATION"", ""evidence_urls"": ""https://github.com/github/dmca/blob/master/2025/12/2025-12-08-uk-biobank.md; https://github.com/deepgohil/gogoGPCR/blob/c9df069580c277fe60d2bf67c9532201f056b887/notebooks/0_import_matrixtable.ipynb; https://github.com/deepgohil/gogoGPCR; https://github.com/deepgohil/gogoGPCR/blob/c2cb03d8ca76cd454688782f468867e170a7d798/notebooks/0_burden_files.ipynb; https://github.com/deepgohil/gogoGPCR/blob/0b3457853125a88ecb11bc1763c63ea7c8879aab/notebooks/1_burden_files.ipynb; https://github.com/deepgohil/gogoGPCR/blob/a3ba973a555acb8d23d5594be1969a105e9f324b/data/withdrawn_samples.csv; https://github.com/deepgohil/gogoGPCR/blob/daf3eb012558a373ff3e3534278c6be9786e8588/notebooks/04_fix_phesant_output.ipynb; https://github.com/deepgohil/gogoGPCR/blob/a06d7f313cba51625b28ef71e2e575180f5342f6/notebooks/02_covariates.ipynb; https://github.com/deepgohil/gogoGPCR/blob/173114a4ef37b99bca5010892053bbf904b43c22/notebooks/01_sample_hard_filter.ipynb; https://github.com/deepgohil/gogoGPCR/blob/8113a4e453f6fe6958e58eaab0258606d3630ba2/notebooks/1_sample_hard_filter.ipynb; https://www.nature.com/articles/s42255-024-01061-4; https://pmc.ncbi.nlm.nih.gov/articles/PMC11272584/; https://github.com/HauserGroup/gogoGPCR; https://doi.org/10.1038/s42255-024-01061-4"", ""identifier"": ""10.1038/s42255-024-01061-4"", ""identifier_type"": ""doi; title"", ""pub_id"": """", ""source_relation"": ""DMCA-targeted lineage has the same normalized public repository/package name 'gogogpcr' as seeded lineage lineage_petergerlach1_gogogpcr; no GitHub-displayed fork/source proof is asserted.""}]",B2_PROJECT_FAMILY_NAME_PROPAGATION,public_metadata_seed; B2_PROJECT_FAMILY_NAME_PROPAGATION,false,false,false,01_sample_hard_filter.ipynb,single_file,,,,,,,,0,evidence/lineages/lineage_deepgohil_gogogpcr.md,,,,,,,,,
2025-12-08-uk-biobank,2025-12-08,2025/12/2025-12-08-uk-biobank.md,https://github.com/deepgohil/gogoGPCR,deepgohil,gogoGPCR,http_451,lineage_deepgohil_gogogpcr,unknown,,notebooks/1_sample_hard_filter.ipynb,genotype; hospital_episode_statistics; covariates,,,2025-12-08,Characterization of genetic variants of GIPR reveals a contribution of beta-arrestin to metabolic phenotypes,10.1038/s42255-024-01061-4,,Huesun S. Kizilkaya; Kimmie V. Sorensen; Jakob S. Madsen; Peter A. Gerlach; Alexander S. Hauser; Mette M. Rosenkilde,55955,Advancing personalised medicine for psychiatric diseases through integrative GPCR pharmacogenomics,Dr Alexander Hauser,University of Copenhagen,true,probable,85,Public metadata seed records strong but non-deterministic repository-publication-application evidence.,https://github.com/github/dmca/blob/master/2025/12/2025-12-08-uk-biobank.md; https://github.com/deepgohil/gogoGPCR/blob/8113a4e453f6fe6958e58eaab0258606d3630ba2/notebooks/1_sample_hard_filter.ipynb; https://github.com/deepgohil/gogoGPCR; https://github.com/deepgohil/gogoGPCR/blob/c9df069580c277fe60d2bf67c9532201f056b887/notebooks/0_import_matrixtable.ipynb; https://github.com/deepgohil/gogoGPCR/blob/c2cb03d8ca76cd454688782f468867e170a7d798/notebooks/0_burden_files.ipynb; https://github.com/deepgohil/gogoGPCR/blob/0b3457853125a88ecb11bc1763c63ea7c8879aab/notebooks/1_burden_files.ipynb; https://github.com/deepgohil/gogoGPCR/blob/a3ba973a555acb8d23d5594be1969a105e9f324b/data/withdrawn_samples.csv; https://github.com/deepgohil/gogoGPCR/blob/daf3eb012558a373ff3e3534278c6be9786e8588/notebooks/04_fix_phesant_output.ipynb; https://github.com/deepgohil/gogoGPCR/blob/a06d7f313cba51625b28ef71e2e575180f5342f6/notebooks/02_covariates.ipynb; https://github.com/deepgohil/gogoGPCR/blob/173114a4ef37b99bca5010892053bbf904b43c22/notebooks/01_sample_hard_filter.ipynb; https://www.nature.com/articles/s42255-024-01061-4; https://pmc.ncbi.nlm.nih.gov/articles/PMC11272584/; https://github.com/HauserGroup/gogoGPCR; https://doi.org/10.1038/s42255-024-01061-4,target repository owner/uploader only; not attributed to the UKB application team without independent evidence,true,10.1038/s42255-024-01061-4,,Characterization of genetic variants of GIPR reveals a contribution of beta-arrestin to metabolic phenotypes,,55955,1,doi; title,"[{""app_id"": ""55955"", ""evidence_class"": ""B2_PROJECT_FAMILY_NAME_PROPAGATION"", ""evidence_urls"": ""https://github.com/github/dmca/blob/master/2025/12/2025-12-08-uk-biobank.md; https://github.com/deepgohil/gogoGPCR/blob/c9df069580c277fe60d2bf67c9532201f056b887/notebooks/0_import_matrixtable.ipynb; https://github.com/deepgohil/gogoGPCR; https://github.com/deepgohil/gogoGPCR/blob/c2cb03d8ca76cd454688782f468867e170a7d798/notebooks/0_burden_files.ipynb; https://github.com/deepgohil/gogoGPCR/blob/0b3457853125a88ecb11bc1763c63ea7c8879aab/notebooks/1_burden_files.ipynb; https://github.com/deepgohil/gogoGPCR/blob/a3ba973a555acb8d23d5594be1969a105e9f324b/data/withdrawn_samples.csv; https://github.com/deepgohil/gogoGPCR/blob/daf3eb012558a373ff3e3534278c6be9786e8588/notebooks/04_fix_phesant_output.ipynb; https://github.com/deepgohil/gogoGPCR/blob/a06d7f313cba51625b28ef71e2e575180f5342f6/notebooks/02_covariates.ipynb; https://github.com/deepgohil/gogoGPCR/blob/173114a4ef37b99bca5010892053bbf904b43c22/notebooks/01_sample_hard_filter.ipynb; https://github.com/deepgohil/gogoGPCR/blob/8113a4e453f6fe6958e58eaab0258606d3630ba2/notebooks/1_sample_hard_filter.ipynb; https://www.nature.com/articles/s42255-024-01061-4; https://pmc.ncbi.nlm.nih.gov/articles/PMC11272584/; https://github.com/HauserGroup/gogoGPCR; https://doi.org/10.1038/s42255-024-01061-4"", ""identifier"": ""10.1038/s42255-024-01061-4"", ""identifier_type"": ""doi; title"", ""pub_id"": """", ""source_relation"": ""DMCA-targeted lineage has the same normalized public repository/package name 'gogogpcr' as seeded lineage lineage_petergerlach1_gogogpcr; no GitHub-displayed fork/source proof is asserted.""}]",B2_PROJECT_FAMILY_NAME_PROPAGATION,public_metadata_seed; B2_PROJECT_FAMILY_NAME_PROPAGATION,false,false,false,1_sample_hard_filter.ipynb,single_file,,,,,,,,0,evidence/lineages/lineage_deepgohil_gogogpcr.md,,,,,,,,,
2025-11-13-uk-biobank-7,2025-11-13,2025/11/2025-11-13-uk-biobank-7.md,https://github.com/emyanuthomas/ptrs-ukb,emyanuthomas,ptrs-ukb,http_451,lineage_emyanuthomas_ptrs-ukb,unknown,,notebook/first_attempt_on_hail.ipynb,genotype; phenotype; hospital_episode_statistics; gwas,,,2025-11-13,Polygenic transcriptome risk scores (PTRS) can improve portability of polygenic risk scores across ancestries,10.1186/s13059-021-02591-w,,Yanyu Liang; Milton Pividori; Ani Manichaikul; Abraham A. Palmer; Nancy J. Cox; Heather E. Wheeler; Hae Kyung Im,19526,Phenomewide scan of gene level associations,Dr Hae Kyung Im,University of Chicago,true,probable,85,Public metadata seed records strong but non-deterministic repository-publication-application evidence.,https://github.com/github/dmca/blob/master/2025/11/2025-11-13-uk-biobank-7.md; https://github.com/emyanuthomas/ptrs-ukb/blob/master/notebook/first_attempt_on_hail.ipynb; https://github.com/emyanuthomas/ptrs-ukb; https://github.com/emyanuthomas/ptrs-ukb/blob/master/notebook/hail_reml.ipynb; https://github.com/emyanuthomas/ptrs-ukb/blob/master/notebook/first_look_at_prs.ipynb; https://github.com/emyanuthomas/ptrs-ukb/blob/master/notebook/side_try_pheno.ipynb; https://github.com/emyanuthomas/ptrs-ukb/blob/master/notebook/prepare_phenotype_and_run_gwas-with_variant_qc.ipynb; https://link.springer.com/article/10.1186/s13059-021-02591-w; https://pmc.ncbi.nlm.nih.gov/articles/PMC8759285/; https://github.com/liangyy/ptrs-ukb; https://doi.org/10.1186/s13059-021-02591-w,target repository owner/uploader only; not attributed to the UKB application team without independent evidence,true,10.1186/s13059-021-02591-w,,Polygenic transcriptome risk scores (PTRS) can improve portability of polygenic risk scores across ancestries,,19526,1,doi; title,"[{""app_id"": ""19526"", ""evidence_class"": ""B2_PROJECT_FAMILY_NAME_PROPAGATION"", ""evidence_urls"": ""https://github.com/github/dmca/blob/master/2025/11/2025-11-13-uk-biobank-7.md; https://github.com/emyanuthomas/ptrs-ukb/blob/master/notebook/first_attempt_on_hail.ipynb; https://github.com/emyanuthomas/ptrs-ukb; https://github.com/emyanuthomas/ptrs-ukb/blob/master/notebook/hail_reml.ipynb; https://github.com/emyanuthomas/ptrs-ukb/blob/master/notebook/first_look_at_prs.ipynb; https://github.com/emyanuthomas/ptrs-ukb/blob/master/notebook/side_try_pheno.ipynb; https://github.com/emyanuthomas/ptrs-ukb/blob/master/notebook/prepare_phenotype_and_run_gwas-with_variant_qc.ipynb; https://link.springer.com/article/10.1186/s13059-021-02591-w; https://pmc.ncbi.nlm.nih.gov/articles/PMC8759285/; https://github.com/liangyy/ptrs-ukb; https://doi.org/10.1186/s13059-021-02591-w"", ""identifier"": ""10.1186/s13059-021-02591-w"", ""identifier_type"": ""doi; title"", ""pub_id"": """", ""source_relation"": ""DMCA-targeted lineage has the same normalized public repository/package name 'ptrsukb' as seeded lineage lineage_hakyimlab_ptrs-ukb; no GitHub-displayed fork/source proof is asserted.""}]",B2_PROJECT_FAMILY_NAME_PROPAGATION,public_metadata_seed; B2_PROJECT_FAMILY_NAME_PROPAGATION,false,false,false,first_attempt_on_hail.ipynb,single_file,,,,,,,,0,evidence/lineages/lineage_emyanuthomas_ptrs-ukb.md,,,,,,,,,
2025-11-13-uk-biobank-7,2025-11-13,2025/11/2025-11-13-uk-biobank-7.md,https://github.com/emyanuthomas/ptrs-ukb,emyanuthomas,ptrs-ukb,http_451,lineage_emyanuthomas_ptrs-ukb,unknown,,notebook/hail_reml.ipynb,genotype; phenotype; hospital_episode_statistics; gwas,,,2025-11-13,Polygenic transcriptome risk scores (PTRS) can improve portability of polygenic risk scores across ancestries,10.1186/s13059-021-02591-w,,Yanyu Liang; Milton Pividori; Ani Manichaikul; Abraham A. Palmer; Nancy J. Cox; Heather E. Wheeler; Hae Kyung Im,19526,Phenomewide scan of gene level associations,Dr Hae Kyung Im,University of Chicago,true,probable,85,Public metadata seed records strong but non-deterministic repository-publication-application evidence.,https://github.com/github/dmca/blob/master/2025/11/2025-11-13-uk-biobank-7.md; https://github.com/emyanuthomas/ptrs-ukb/blob/master/notebook/hail_reml.ipynb; https://github.com/emyanuthomas/ptrs-ukb; https://github.com/emyanuthomas/ptrs-ukb/blob/master/notebook/first_attempt_on_hail.ipynb; https://github.com/emyanuthomas/ptrs-ukb/blob/master/notebook/first_look_at_prs.ipynb; https://github.com/emyanuthomas/ptrs-ukb/blob/master/notebook/side_try_pheno.ipynb; https://github.com/emyanuthomas/ptrs-ukb/blob/master/notebook/prepare_phenotype_and_run_gwas-with_variant_qc.ipynb; https://link.springer.com/article/10.1186/s13059-021-02591-w; https://pmc.ncbi.nlm.nih.gov/articles/PMC8759285/; https://github.com/liangyy/ptrs-ukb; https://doi.org/10.1186/s13059-021-02591-w,target repository owner/uploader only; not attributed to the UKB application team without independent evidence,true,10.1186/s13059-021-02591-w,,Polygenic transcriptome risk scores (PTRS) can improve portability of polygenic risk scores across ancestries,,19526,1,doi; title,"[{""app_id"": ""19526"", ""evidence_class"": ""B2_PROJECT_FAMILY_NAME_PROPAGATION"", ""evidence_urls"": ""https://github.com/github/dmca/blob/master/2025/11/2025-11-13-uk-biobank-7.md; https://github.com/emyanuthomas/ptrs-ukb/blob/master/notebook/first_attempt_on_hail.ipynb; https://github.com/emyanuthomas/ptrs-ukb; https://github.com/emyanuthomas/ptrs-ukb/blob/master/notebook/hail_reml.ipynb; https://github.com/emyanuthomas/ptrs-ukb/blob/master/notebook/first_look_at_prs.ipynb; https://github.com/emyanuthomas/ptrs-ukb/blob/master/notebook/side_try_pheno.ipynb; https://github.com/emyanuthomas/ptrs-ukb/blob/master/notebook/prepare_phenotype_and_run_gwas-with_variant_qc.ipynb; https://link.springer.com/article/10.1186/s13059-021-02591-w; https://pmc.ncbi.nlm.nih.gov/articles/PMC8759285/; https://github.com/liangyy/ptrs-ukb; https://doi.org/10.1186/s13059-021-02591-w"", ""identifier"": ""10.1186/s13059-021-02591-w"", ""identifier_type"": ""doi; title"", ""pub_id"": """", ""source_relation"": ""DMCA-targeted lineage has the same normalized public repository/package name 'ptrsukb' as seeded lineage lineage_hakyimlab_ptrs-ukb; no GitHub-displayed fork/source proof is asserted.""}]",B2_PROJECT_FAMILY_NAME_PROPAGATION,public_metadata_seed; B2_PROJECT_FAMILY_NAME_PROPAGATION,false,false,false,hail_reml.ipynb,single_file,,,,,,,,0,evidence/lineages/lineage_emyanuthomas_ptrs-ukb.md,,,,,,,,,
2025-11-13-uk-biobank-7,2025-11-13,2025/11/2025-11-13-uk-biobank-7.md,https://github.com/emyanuthomas/ptrs-ukb,emyanuthomas,ptrs-ukb,http_451,lineage_emyanuthomas_ptrs-ukb,unknown,,notebook/first_look_at_prs.ipynb,genotype; phenotype; hospital_episode_statistics; gwas,,,2025-11-13,Polygenic transcriptome risk scores (PTRS) can improve portability of polygenic risk scores across ancestries,10.1186/s13059-021-02591-w,,Yanyu Liang; Milton Pividori; Ani Manichaikul; Abraham A. Palmer; Nancy J. Cox; Heather E. Wheeler; Hae Kyung Im,19526,Phenomewide scan of gene level associations,Dr Hae Kyung Im,University of Chicago,true,probable,85,Public metadata seed records strong but non-deterministic repository-publication-application evidence.,https://github.com/github/dmca/blob/master/2025/11/2025-11-13-uk-biobank-7.md; https://github.com/emyanuthomas/ptrs-ukb/blob/master/notebook/first_look_at_prs.ipynb; https://github.com/emyanuthomas/ptrs-ukb; https://github.com/emyanuthomas/ptrs-ukb/blob/master/notebook/first_attempt_on_hail.ipynb; https://github.com/emyanuthomas/ptrs-ukb/blob/master/notebook/hail_reml.ipynb; https://github.com/emyanuthomas/ptrs-ukb/blob/master/notebook/side_try_pheno.ipynb; https://github.com/emyanuthomas/ptrs-ukb/blob/master/notebook/prepare_phenotype_and_run_gwas-with_variant_qc.ipynb; https://link.springer.com/article/10.1186/s13059-021-02591-w; https://pmc.ncbi.nlm.nih.gov/articles/PMC8759285/; https://github.com/liangyy/ptrs-ukb; https://doi.org/10.1186/s13059-021-02591-w,target repository owner/uploader only; not attributed to the UKB application team without independent evidence,true,10.1186/s13059-021-02591-w,,Polygenic transcriptome risk scores (PTRS) can improve portability of polygenic risk scores across ancestries,,19526,1,doi; title,"[{""app_id"": ""19526"", ""evidence_class"": ""B2_PROJECT_FAMILY_NAME_PROPAGATION"", ""evidence_urls"": ""https://github.com/github/dmca/blob/master/2025/11/2025-11-13-uk-biobank-7.md; https://github.com/emyanuthomas/ptrs-ukb/blob/master/notebook/first_attempt_on_hail.ipynb; https://github.com/emyanuthomas/ptrs-ukb; https://github.com/emyanuthomas/ptrs-ukb/blob/master/notebook/hail_reml.ipynb; https://github.com/emyanuthomas/ptrs-ukb/blob/master/notebook/first_look_at_prs.ipynb; https://github.com/emyanuthomas/ptrs-ukb/blob/master/notebook/side_try_pheno.ipynb; https://github.com/emyanuthomas/ptrs-ukb/blob/master/notebook/prepare_phenotype_and_run_gwas-with_variant_qc.ipynb; https://link.springer.com/article/10.1186/s13059-021-02591-w; https://pmc.ncbi.nlm.nih.gov/articles/PMC8759285/; https://github.com/liangyy/ptrs-ukb; https://doi.org/10.1186/s13059-021-02591-w"", ""identifier"": ""10.1186/s13059-021-02591-w"", ""identifier_type"": ""doi; title"", ""pub_id"": """", ""source_relation"": ""DMCA-targeted lineage has the same normalized public repository/package name 'ptrsukb' as seeded lineage lineage_hakyimlab_ptrs-ukb; no GitHub-displayed fork/source proof is asserted.""}]",B2_PROJECT_FAMILY_NAME_PROPAGATION,public_metadata_seed; B2_PROJECT_FAMILY_NAME_PROPAGATION,false,false,false,first_look_at_prs.ipynb,single_file,,,,,,,,0,evidence/lineages/lineage_emyanuthomas_ptrs-ukb.md,,,,,,,,,
2025-11-13-uk-biobank-7,2025-11-13,2025/11/2025-11-13-uk-biobank-7.md,https://github.com/emyanuthomas/ptrs-ukb,emyanuthomas,ptrs-ukb,http_451,lineage_emyanuthomas_ptrs-ukb,unknown,,notebook/side_try_pheno.ipynb,genotype; phenotype; hospital_episode_statistics; gwas,,,2025-11-13,Polygenic transcriptome risk scores (PTRS) can improve portability of polygenic risk scores across ancestries,10.1186/s13059-021-02591-w,,Yanyu Liang; Milton Pividori; Ani Manichaikul; Abraham A. Palmer; Nancy J. Cox; Heather E. Wheeler; Hae Kyung Im,19526,Phenomewide scan of gene level associations,Dr Hae Kyung Im,University of Chicago,true,probable,85,Public metadata seed records strong but non-deterministic repository-publication-application evidence.,https://github.com/github/dmca/blob/master/2025/11/2025-11-13-uk-biobank-7.md; https://github.com/emyanuthomas/ptrs-ukb/blob/master/notebook/side_try_pheno.ipynb; https://github.com/emyanuthomas/ptrs-ukb; https://github.com/emyanuthomas/ptrs-ukb/blob/master/notebook/first_attempt_on_hail.ipynb; https://github.com/emyanuthomas/ptrs-ukb/blob/master/notebook/hail_reml.ipynb; https://github.com/emyanuthomas/ptrs-ukb/blob/master/notebook/first_look_at_prs.ipynb; https://github.com/emyanuthomas/ptrs-ukb/blob/master/notebook/prepare_phenotype_and_run_gwas-with_variant_qc.ipynb; https://link.springer.com/article/10.1186/s13059-021-02591-w; https://pmc.ncbi.nlm.nih.gov/articles/PMC8759285/; https://github.com/liangyy/ptrs-ukb; https://doi.org/10.1186/s13059-021-02591-w,target repository owner/uploader only; not attributed to the UKB application team without independent evidence,true,10.1186/s13059-021-02591-w,,Polygenic transcriptome risk scores (PTRS) can improve portability of polygenic risk scores across ancestries,,19526,1,doi; title,"[{""app_id"": ""19526"", ""evidence_class"": ""B2_PROJECT_FAMILY_NAME_PROPAGATION"", ""evidence_urls"": ""https://github.com/github/dmca/blob/master/2025/11/2025-11-13-uk-biobank-7.md; https://github.com/emyanuthomas/ptrs-ukb/blob/master/notebook/first_attempt_on_hail.ipynb; https://github.com/emyanuthomas/ptrs-ukb; https://github.com/emyanuthomas/ptrs-ukb/blob/master/notebook/hail_reml.ipynb; https://github.com/emyanuthomas/ptrs-ukb/blob/master/notebook/first_look_at_prs.ipynb; https://github.com/emyanuthomas/ptrs-ukb/blob/master/notebook/side_try_pheno.ipynb; https://github.com/emyanuthomas/ptrs-ukb/blob/master/notebook/prepare_phenotype_and_run_gwas-with_variant_qc.ipynb; https://link.springer.com/article/10.1186/s13059-021-02591-w; https://pmc.ncbi.nlm.nih.gov/articles/PMC8759285/; https://github.com/liangyy/ptrs-ukb; https://doi.org/10.1186/s13059-021-02591-w"", ""identifier"": ""10.1186/s13059-021-02591-w"", ""identifier_type"": ""doi; title"", ""pub_id"": """", ""source_relation"": ""DMCA-targeted lineage has the same normalized public repository/package name 'ptrsukb' as seeded lineage lineage_hakyimlab_ptrs-ukb; no GitHub-displayed fork/source proof is asserted.""}]",B2_PROJECT_FAMILY_NAME_PROPAGATION,public_metadata_seed; B2_PROJECT_FAMILY_NAME_PROPAGATION,false,false,false,side_try_pheno.ipynb,single_file,,,,,,,,0,evidence/lineages/lineage_emyanuthomas_ptrs-ukb.md,,,,,,,,,
2025-11-13-uk-biobank-7,2025-11-13,2025/11/2025-11-13-uk-biobank-7.md,https://github.com/emyanuthomas/ptrs-ukb,emyanuthomas,ptrs-ukb,http_451,lineage_emyanuthomas_ptrs-ukb,unknown,,notebook/prepare_phenotype_and_run_gwas-with_variant_qc.ipynb,genotype; phenotype; hospital_episode_statistics; gwas,,,2025-11-13,Polygenic transcriptome risk scores (PTRS) can improve portability of polygenic risk scores across ancestries,10.1186/s13059-021-02591-w,,Yanyu Liang; Milton Pividori; Ani Manichaikul; Abraham A. Palmer; Nancy J. Cox; Heather E. Wheeler; Hae Kyung Im,19526,Phenomewide scan of gene level associations,Dr Hae Kyung Im,University of Chicago,true,probable,85,Public metadata seed records strong but non-deterministic repository-publication-application evidence.,https://github.com/github/dmca/blob/master/2025/11/2025-11-13-uk-biobank-7.md; https://github.com/emyanuthomas/ptrs-ukb/blob/master/notebook/prepare_phenotype_and_run_gwas-with_variant_qc.ipynb; https://github.com/emyanuthomas/ptrs-ukb; https://github.com/emyanuthomas/ptrs-ukb/blob/master/notebook/first_attempt_on_hail.ipynb; https://github.com/emyanuthomas/ptrs-ukb/blob/master/notebook/hail_reml.ipynb; https://github.com/emyanuthomas/ptrs-ukb/blob/master/notebook/first_look_at_prs.ipynb; https://github.com/emyanuthomas/ptrs-ukb/blob/master/notebook/side_try_pheno.ipynb; https://link.springer.com/article/10.1186/s13059-021-02591-w; https://pmc.ncbi.nlm.nih.gov/articles/PMC8759285/; https://github.com/liangyy/ptrs-ukb; https://doi.org/10.1186/s13059-021-02591-w,target repository owner/uploader only; not attributed to the UKB application team without independent evidence,true,10.1186/s13059-021-02591-w,,Polygenic transcriptome risk scores (PTRS) can improve portability of polygenic risk scores across ancestries,,19526,1,doi; title,"[{""app_id"": ""19526"", ""evidence_class"": ""B2_PROJECT_FAMILY_NAME_PROPAGATION"", ""evidence_urls"": ""https://github.com/github/dmca/blob/master/2025/11/2025-11-13-uk-biobank-7.md; https://github.com/emyanuthomas/ptrs-ukb/blob/master/notebook/first_attempt_on_hail.ipynb; https://github.com/emyanuthomas/ptrs-ukb; https://github.com/emyanuthomas/ptrs-ukb/blob/master/notebook/hail_reml.ipynb; https://github.com/emyanuthomas/ptrs-ukb/blob/master/notebook/first_look_at_prs.ipynb; https://github.com/emyanuthomas/ptrs-ukb/blob/master/notebook/side_try_pheno.ipynb; https://github.com/emyanuthomas/ptrs-ukb/blob/master/notebook/prepare_phenotype_and_run_gwas-with_variant_qc.ipynb; https://link.springer.com/article/10.1186/s13059-021-02591-w; https://pmc.ncbi.nlm.nih.gov/articles/PMC8759285/; https://github.com/liangyy/ptrs-ukb; https://doi.org/10.1186/s13059-021-02591-w"", ""identifier"": ""10.1186/s13059-021-02591-w"", ""identifier_type"": ""doi; title"", ""pub_id"": """", ""source_relation"": ""DMCA-targeted lineage has the same normalized public repository/package name 'ptrsukb' as seeded lineage lineage_hakyimlab_ptrs-ukb; no GitHub-displayed fork/source proof is asserted.""}]",B2_PROJECT_FAMILY_NAME_PROPAGATION,public_metadata_seed; B2_PROJECT_FAMILY_NAME_PROPAGATION,false,false,false,prepare_phenotype_and_run_gwas-with_variant_qc.ipynb,single_file,,,,,,,,0,evidence/lineages/lineage_emyanuthomas_ptrs-ukb.md,,,,,,,,,
2025-10-14-uk-biobank,2025-10-14,2025/10/2025-10-14-uk-biobank.md,https://github.com/Farida-Ali/T2DM_UKB_predictions,Farida-Ali,T2DM_UKB_predictions,http_451,lineage_farida-ali_t2dm_ukb_predictions,unknown,,,genotype; hospital_episode_statistics,,,2025-10-14,Prediction of type 2 diabetes mellitus onset using logistic regression-based scorecards,10.7554/elife.71862,35731045,Yochai Edlitz; Eran Segal,28784,A statistical framework for personalized nutrition recommendations based on genetic and anthropometric data.,Professor Eran Segal,Weizmann Institute of Science,true,probable,85,Public metadata seed records strong but non-deterministic repository-publication-application evidence.,https://github.com/github/dmca/blob/master/2025/10/2025-10-14-uk-biobank.md; https://github.com/Farida-Ali/T2DM_UKB_predictions; https://elifesciences.org/articles/71862; https://pmc.ncbi.nlm.nih.gov/articles/PMC9255967/; https://github.com/yochaiedlitz/T2DM_UKB_predictions; https://doi.org/10.7554/elife.71862,target repository owner/uploader only; not attributed to the UKB application team without independent evidence,true,10.7554/elife.71862,35731045,Prediction of type 2 diabetes mellitus onset using logistic regression-based scorecards,,28784,1,doi; pmid; title,"[{""app_id"": ""28784"", ""evidence_class"": ""B2_PROJECT_FAMILY_NAME_PROPAGATION"", ""evidence_urls"": ""https://github.com/github/dmca/blob/master/2025/10/2025-10-14-uk-biobank.md; https://github.com/Farida-Ali/T2DM_UKB_predictions; https://elifesciences.org/articles/71862; https://pmc.ncbi.nlm.nih.gov/articles/PMC9255967/; https://github.com/yochaiedlitz/T2DM_UKB_predictions; https://doi.org/10.7554/elife.71862"", ""identifier"": ""10.7554/elife.71862"", ""identifier_type"": ""doi; pmid; title"", ""pub_id"": """", ""source_relation"": ""DMCA-targeted lineage has the same normalized public repository/package name 't2dmukbpredictions' as seeded lineage lineage_yochaiedlitz_t2dm_ukb_predictions; no GitHub-displayed fork/source proof is asserted.""}]",B2_PROJECT_FAMILY_NAME_PROPAGATION,public_metadata_seed; B2_PROJECT_FAMILY_NAME_PROPAGATION,false,false,false,,repository,,,,,,,,0,evidence/lineages/lineage_farida-ali_t2dm_ukb_predictions.md,,,,,,,,,
2025-12-01-uk-biobank-2,2025-12-01,2025/12/2025-12-01-uk-biobank-2.md,https://github.com/jjrun-11/IMDs_WES,jjrun-11,IMDs_WES,http_451,lineage_jjrun-11_imds_wes,unknown,,QC/Step4/ukb_wes_chr_all_king_sample_qc_example.kin0,genotype; hospital_episode_statistics,,,2025-12-01,"Large-scale whole-exome sequencing analyses identified protein-coding variants associated with immune-mediated diseases in 350,770 adults",10.1038/s41467-024-49782-0,39009607,Liu Yang; Ya-Nan Ou; Bang-Sheng Wu; Wei-Shi Liu; Yue-Ting Deng; Xiao-Yu He; Yi-Lin Chen; Jujiao Kang; Chen-Jie Fei; Ying Zhu; Lan Tan; Qiang Dong; Jianfeng Feng; Wei Cheng; Jin-Tai Yu,19542,Identifying multi-level biomarkers and disease mechanisms for major mental disorders,Professor Jianfeng Feng,University of Warwick,true,probable,85,Public metadata seed records strong but non-deterministic repository-publication-application evidence.,https://github.com/github/dmca/blob/master/2025/12/2025-12-01-uk-biobank-2.md; https://github.com/jjrun-11/IMDs_WES/blob/b5c5f22385240a447dae8d0baf0fdb986e50541d/QC/Step4/ukb_wes_chr_all_king_sample_qc_example.kin0; https://github.com/jjrun-11/IMDs_WES; https://github.com/jjrun-11/IMDs_WES/blob/88c851e9b48f198cea156c505109c628ea0f15f1/QC/Step4/ukb_wes_chr_all_king_sample_qc.kin0; https://github.com/jjrun-11/IMDs_WES/blob/4569154fd8536efa13e3c0d92cfb2195fd2572c9/QC/Step3/ukb_wes_chr11_sample_qc_example.scount; https://github.com/jjrun-11/IMDs_WES/blob/705ebe6d34fea3ec769b9b0084a8f90f922b0512/QC/Step4/king_example.con; https://github.com/jjrun-11/IMDs_WES/blob/1fc8786e8a99499106f809247aa4c7ae499c4ede/QC/Step3/non_retracted_and_sex_qc_filtered_example.txt; https://github.com/jjrun-11/IMDs_WES/blob/f214e38c7526854348ed69a33e30f97d5d0960e6/QC/Stepnon_retracted_and_sex_qc_filtered_example.txt; https://github.com/jjrun-11/IMDs_WES/blob/c8d24849d3c95588f591371e90d98876f22f88f5/QC/Step3/head; https://github.com/jjrun-11/IMDs_WES/blob/7a2acb497cfe1232ef8c5fe03a8e16b291b9cdbf/QC/Step4/ukb_wes_chr_all_king_sample_qc_final_unrelated_example.eigenval; https://github.com/jjrun-11/IMDs_WES/blob/7327cc7176c03a9143132df3e57f0c30a7d96084/QC/Step3/sample_qc_final_keep_example.txt; https://github.com/jjrun-11/IMDs_WES/blob/5923d751916249d87435632333be6cb4d7002956/PostAnalysis/conditional.R; https://github.com/jjrun-11/IMDs_WES/blob/5923d751916249d87435632333be6cb4d7002956/QC/QC_Step3.bash; https://www.nature.com/articles/s41467-024-49782-0; https://pubmed.ncbi.nlm.nih.gov/39009607/; https://zenodo.org/records/11307851; https://github.com/Sirius-Yang/IMDs_WES; https://doi.org/10.1038/s41467-024-49782-0,target repository owner/uploader only; not attributed to the UKB application team without independent evidence,true,10.1038/s41467-024-49782-0,39009607,"Large-scale whole-exome sequencing analyses identified protein-coding variants associated with immune-mediated diseases in 350,770 adults",,19542,1,doi; pmid; title,"[{""app_id"": ""19542"", ""evidence_class"": ""B2_PROJECT_FAMILY_NAME_PROPAGATION"", ""evidence_urls"": ""https://github.com/github/dmca/blob/master/2025/12/2025-12-01-uk-biobank-2.md; https://github.com/jjrun-11/IMDs_WES/blob/b5c5f22385240a447dae8d0baf0fdb986e50541d/QC/Step4/ukb_wes_chr_all_king_sample_qc_example.kin0; https://github.com/jjrun-11/IMDs_WES; https://github.com/jjrun-11/IMDs_WES/blob/88c851e9b48f198cea156c505109c628ea0f15f1/QC/Step4/ukb_wes_chr_all_king_sample_qc.kin0; https://github.com/jjrun-11/IMDs_WES/blob/4569154fd8536efa13e3c0d92cfb2195fd2572c9/QC/Step3/ukb_wes_chr11_sample_qc_example.scount; https://github.com/jjrun-11/IMDs_WES/blob/705ebe6d34fea3ec769b9b0084a8f90f922b0512/QC/Step4/king_example.con; https://github.com/jjrun-11/IMDs_WES/blob/1fc8786e8a99499106f809247aa4c7ae499c4ede/QC/Step3/non_retracted_and_sex_qc_filtered_example.txt; https://github.com/jjrun-11/IMDs_WES/blob/f214e38c7526854348ed69a33e30f97d5d0960e6/QC/Stepnon_retracted_and_sex_qc_filtered_example.txt; https://github.com/jjrun-11/IMDs_WES/blob/c8d24849d3c95588f591371e90d98876f22f88f5/QC/Step3/head; https://github.com/jjrun-11/IMDs_WES/blob/7a2acb497cfe1232ef8c5fe03a8e16b291b9cdbf/QC/Step4/ukb_wes_chr_all_king_sample_qc_final_unrelated_example.eigenval; https://github.com/jjrun-11/IMDs_WES/blob/7327cc7176c03a9143132df3e57f0c30a7d96084/QC/Step3/sample_qc_final_keep_example.txt; https://github.com/jjrun-11/IMDs_WES/blob/5923d751916249d87435632333be6cb4d7002956/PostAnalysis/conditional.R; https://github.com/jjrun-11/IMDs_WES/blob/5923d751916249d87435632333be6cb4d7002956/QC/QC_Step3.bash; https://www.nature.com/articles/s41467-024-49782-0; https://pubmed.ncbi.nlm.nih.gov/39009607/; https://zenodo.org/records/11307851; https://github.com/Sirius-Yang/IMDs_WES; https://doi.org/10.1038/s41467-024-49782-0"", ""identifier"": ""10.1038/s41467-024-49782-0"", ""identifier_type"": ""doi; pmid; title"", ""pub_id"": """", ""source_relation"": ""DMCA-targeted lineage has the same normalized public repository/package name 'imdswes' as seeded lineage lineage_sirius-yang_imds_wes; no GitHub-displayed fork/source proof is asserted.""}]",B2_PROJECT_FAMILY_NAME_PROPAGATION,public_metadata_seed; B2_PROJECT_FAMILY_NAME_PROPAGATION,false,false,false,ukb_wes_chr_all_king_sample_qc_example.kin0,single_file,,,,,,,,0,evidence/lineages/lineage_jjrun-11_imds_wes.md,,,,,,,,,
2025-12-01-uk-biobank-2,2025-12-01,2025/12/2025-12-01-uk-biobank-2.md,https://github.com/jjrun-11/IMDs_WES,jjrun-11,IMDs_WES,http_451,lineage_jjrun-11_imds_wes,unknown,,QC/Step4/ukb_wes_chr_all_king_sample_qc.kin0,genotype; hospital_episode_statistics,,,2025-12-01,"Large-scale whole-exome sequencing analyses identified protein-coding variants associated with immune-mediated diseases in 350,770 adults",10.1038/s41467-024-49782-0,39009607,Liu Yang; Ya-Nan Ou; Bang-Sheng Wu; Wei-Shi Liu; Yue-Ting Deng; Xiao-Yu He; Yi-Lin Chen; Jujiao Kang; Chen-Jie Fei; Ying Zhu; Lan Tan; Qiang Dong; Jianfeng Feng; Wei Cheng; Jin-Tai Yu,19542,Identifying multi-level biomarkers and disease mechanisms for major mental disorders,Professor Jianfeng Feng,University of Warwick,true,probable,85,Public metadata seed records strong but non-deterministic repository-publication-application evidence.,https://github.com/github/dmca/blob/master/2025/12/2025-12-01-uk-biobank-2.md; https://github.com/jjrun-11/IMDs_WES/blob/88c851e9b48f198cea156c505109c628ea0f15f1/QC/Step4/ukb_wes_chr_all_king_sample_qc.kin0; https://github.com/jjrun-11/IMDs_WES; https://github.com/jjrun-11/IMDs_WES/blob/b5c5f22385240a447dae8d0baf0fdb986e50541d/QC/Step4/ukb_wes_chr_all_king_sample_qc_example.kin0; https://github.com/jjrun-11/IMDs_WES/blob/4569154fd8536efa13e3c0d92cfb2195fd2572c9/QC/Step3/ukb_wes_chr11_sample_qc_example.scount; https://github.com/jjrun-11/IMDs_WES/blob/705ebe6d34fea3ec769b9b0084a8f90f922b0512/QC/Step4/king_example.con; https://github.com/jjrun-11/IMDs_WES/blob/1fc8786e8a99499106f809247aa4c7ae499c4ede/QC/Step3/non_retracted_and_sex_qc_filtered_example.txt; https://github.com/jjrun-11/IMDs_WES/blob/f214e38c7526854348ed69a33e30f97d5d0960e6/QC/Stepnon_retracted_and_sex_qc_filtered_example.txt; https://github.com/jjrun-11/IMDs_WES/blob/c8d24849d3c95588f591371e90d98876f22f88f5/QC/Step3/head; https://github.com/jjrun-11/IMDs_WES/blob/7a2acb497cfe1232ef8c5fe03a8e16b291b9cdbf/QC/Step4/ukb_wes_chr_all_king_sample_qc_final_unrelated_example.eigenval; https://github.com/jjrun-11/IMDs_WES/blob/7327cc7176c03a9143132df3e57f0c30a7d96084/QC/Step3/sample_qc_final_keep_example.txt; https://github.com/jjrun-11/IMDs_WES/blob/5923d751916249d87435632333be6cb4d7002956/PostAnalysis/conditional.R; https://github.com/jjrun-11/IMDs_WES/blob/5923d751916249d87435632333be6cb4d7002956/QC/QC_Step3.bash; https://www.nature.com/articles/s41467-024-49782-0; https://pubmed.ncbi.nlm.nih.gov/39009607/; https://zenodo.org/records/11307851; https://github.com/Sirius-Yang/IMDs_WES; https://doi.org/10.1038/s41467-024-49782-0,target repository owner/uploader only; not attributed to the UKB application team without independent evidence,true,10.1038/s41467-024-49782-0,39009607,"Large-scale whole-exome sequencing analyses identified protein-coding variants associated with immune-mediated diseases in 350,770 adults",,19542,1,doi; pmid; title,"[{""app_id"": ""19542"", ""evidence_class"": ""B2_PROJECT_FAMILY_NAME_PROPAGATION"", ""evidence_urls"": ""https://github.com/github/dmca/blob/master/2025/12/2025-12-01-uk-biobank-2.md; https://github.com/jjrun-11/IMDs_WES/blob/b5c5f22385240a447dae8d0baf0fdb986e50541d/QC/Step4/ukb_wes_chr_all_king_sample_qc_example.kin0; https://github.com/jjrun-11/IMDs_WES; https://github.com/jjrun-11/IMDs_WES/blob/88c851e9b48f198cea156c505109c628ea0f15f1/QC/Step4/ukb_wes_chr_all_king_sample_qc.kin0; https://github.com/jjrun-11/IMDs_WES/blob/4569154fd8536efa13e3c0d92cfb2195fd2572c9/QC/Step3/ukb_wes_chr11_sample_qc_example.scount; https://github.com/jjrun-11/IMDs_WES/blob/705ebe6d34fea3ec769b9b0084a8f90f922b0512/QC/Step4/king_example.con; https://github.com/jjrun-11/IMDs_WES/blob/1fc8786e8a99499106f809247aa4c7ae499c4ede/QC/Step3/non_retracted_and_sex_qc_filtered_example.txt; https://github.com/jjrun-11/IMDs_WES/blob/f214e38c7526854348ed69a33e30f97d5d0960e6/QC/Stepnon_retracted_and_sex_qc_filtered_example.txt; https://github.com/jjrun-11/IMDs_WES/blob/c8d24849d3c95588f591371e90d98876f22f88f5/QC/Step3/head; https://github.com/jjrun-11/IMDs_WES/blob/7a2acb497cfe1232ef8c5fe03a8e16b291b9cdbf/QC/Step4/ukb_wes_chr_all_king_sample_qc_final_unrelated_example.eigenval; https://github.com/jjrun-11/IMDs_WES/blob/7327cc7176c03a9143132df3e57f0c30a7d96084/QC/Step3/sample_qc_final_keep_example.txt; https://github.com/jjrun-11/IMDs_WES/blob/5923d751916249d87435632333be6cb4d7002956/PostAnalysis/conditional.R; https://github.com/jjrun-11/IMDs_WES/blob/5923d751916249d87435632333be6cb4d7002956/QC/QC_Step3.bash; https://www.nature.com/articles/s41467-024-49782-0; https://pubmed.ncbi.nlm.nih.gov/39009607/; https://zenodo.org/records/11307851; https://github.com/Sirius-Yang/IMDs_WES; https://doi.org/10.1038/s41467-024-49782-0"", ""identifier"": ""10.1038/s41467-024-49782-0"", ""identifier_type"": ""doi; pmid; title"", ""pub_id"": """", ""source_relation"": ""DMCA-targeted lineage has the same normalized public repository/package name 'imdswes' as seeded lineage lineage_sirius-yang_imds_wes; no GitHub-displayed fork/source proof is asserted.""}]",B2_PROJECT_FAMILY_NAME_PROPAGATION,public_metadata_seed; B2_PROJECT_FAMILY_NAME_PROPAGATION,false,false,false,ukb_wes_chr_all_king_sample_qc.kin0,single_file,,,,,,,,0,evidence/lineages/lineage_jjrun-11_imds_wes.md,,,,,,,,,
2025-12-01-uk-biobank-2,2025-12-01,2025/12/2025-12-01-uk-biobank-2.md,https://github.com/jjrun-11/IMDs_WES,jjrun-11,IMDs_WES,http_451,lineage_jjrun-11_imds_wes,unknown,,QC/Step3/ukb_wes_chr11_sample_qc_example.scount,genotype; hospital_episode_statistics,,,2025-12-01,"Large-scale whole-exome sequencing analyses identified protein-coding variants associated with immune-mediated diseases in 350,770 adults",10.1038/s41467-024-49782-0,39009607,Liu Yang; Ya-Nan Ou; Bang-Sheng Wu; Wei-Shi Liu; Yue-Ting Deng; Xiao-Yu He; Yi-Lin Chen; Jujiao Kang; Chen-Jie Fei; Ying Zhu; Lan Tan; Qiang Dong; Jianfeng Feng; Wei Cheng; Jin-Tai Yu,19542,Identifying multi-level biomarkers and disease mechanisms for major mental disorders,Professor Jianfeng Feng,University of Warwick,true,probable,85,Public metadata seed records strong but non-deterministic repository-publication-application evidence.,https://github.com/github/dmca/blob/master/2025/12/2025-12-01-uk-biobank-2.md; https://github.com/jjrun-11/IMDs_WES/blob/4569154fd8536efa13e3c0d92cfb2195fd2572c9/QC/Step3/ukb_wes_chr11_sample_qc_example.scount; https://github.com/jjrun-11/IMDs_WES; https://github.com/jjrun-11/IMDs_WES/blob/b5c5f22385240a447dae8d0baf0fdb986e50541d/QC/Step4/ukb_wes_chr_all_king_sample_qc_example.kin0; https://github.com/jjrun-11/IMDs_WES/blob/88c851e9b48f198cea156c505109c628ea0f15f1/QC/Step4/ukb_wes_chr_all_king_sample_qc.kin0; https://github.com/jjrun-11/IMDs_WES/blob/705ebe6d34fea3ec769b9b0084a8f90f922b0512/QC/Step4/king_example.con; https://github.com/jjrun-11/IMDs_WES/blob/1fc8786e8a99499106f809247aa4c7ae499c4ede/QC/Step3/non_retracted_and_sex_qc_filtered_example.txt; https://github.com/jjrun-11/IMDs_WES/blob/f214e38c7526854348ed69a33e30f97d5d0960e6/QC/Stepnon_retracted_and_sex_qc_filtered_example.txt; https://github.com/jjrun-11/IMDs_WES/blob/c8d24849d3c95588f591371e90d98876f22f88f5/QC/Step3/head; https://github.com/jjrun-11/IMDs_WES/blob/7a2acb497cfe1232ef8c5fe03a8e16b291b9cdbf/QC/Step4/ukb_wes_chr_all_king_sample_qc_final_unrelated_example.eigenval; https://github.com/jjrun-11/IMDs_WES/blob/7327cc7176c03a9143132df3e57f0c30a7d96084/QC/Step3/sample_qc_final_keep_example.txt; https://github.com/jjrun-11/IMDs_WES/blob/5923d751916249d87435632333be6cb4d7002956/PostAnalysis/conditional.R; https://github.com/jjrun-11/IMDs_WES/blob/5923d751916249d87435632333be6cb4d7002956/QC/QC_Step3.bash; https://www.nature.com/articles/s41467-024-49782-0; https://pubmed.ncbi.nlm.nih.gov/39009607/; https://zenodo.org/records/11307851; https://github.com/Sirius-Yang/IMDs_WES; https://doi.org/10.1038/s41467-024-49782-0,target repository owner/uploader only; not attributed to the UKB application team without independent evidence,true,10.1038/s41467-024-49782-0,39009607,"Large-scale whole-exome sequencing analyses identified protein-coding variants associated with immune-mediated diseases in 350,770 adults",,19542,1,doi; pmid; title,"[{""app_id"": ""19542"", ""evidence_class"": ""B2_PROJECT_FAMILY_NAME_PROPAGATION"", ""evidence_urls"": ""https://github.com/github/dmca/blob/master/2025/12/2025-12-01-uk-biobank-2.md; https://github.com/jjrun-11/IMDs_WES/blob/b5c5f22385240a447dae8d0baf0fdb986e50541d/QC/Step4/ukb_wes_chr_all_king_sample_qc_example.kin0; https://github.com/jjrun-11/IMDs_WES; https://github.com/jjrun-11/IMDs_WES/blob/88c851e9b48f198cea156c505109c628ea0f15f1/QC/Step4/ukb_wes_chr_all_king_sample_qc.kin0; https://github.com/jjrun-11/IMDs_WES/blob/4569154fd8536efa13e3c0d92cfb2195fd2572c9/QC/Step3/ukb_wes_chr11_sample_qc_example.scount; https://github.com/jjrun-11/IMDs_WES/blob/705ebe6d34fea3ec769b9b0084a8f90f922b0512/QC/Step4/king_example.con; https://github.com/jjrun-11/IMDs_WES/blob/1fc8786e8a99499106f809247aa4c7ae499c4ede/QC/Step3/non_retracted_and_sex_qc_filtered_example.txt; https://github.com/jjrun-11/IMDs_WES/blob/f214e38c7526854348ed69a33e30f97d5d0960e6/QC/Stepnon_retracted_and_sex_qc_filtered_example.txt; https://github.com/jjrun-11/IMDs_WES/blob/c8d24849d3c95588f591371e90d98876f22f88f5/QC/Step3/head; https://github.com/jjrun-11/IMDs_WES/blob/7a2acb497cfe1232ef8c5fe03a8e16b291b9cdbf/QC/Step4/ukb_wes_chr_all_king_sample_qc_final_unrelated_example.eigenval; https://github.com/jjrun-11/IMDs_WES/blob/7327cc7176c03a9143132df3e57f0c30a7d96084/QC/Step3/sample_qc_final_keep_example.txt; https://github.com/jjrun-11/IMDs_WES/blob/5923d751916249d87435632333be6cb4d7002956/PostAnalysis/conditional.R; https://github.com/jjrun-11/IMDs_WES/blob/5923d751916249d87435632333be6cb4d7002956/QC/QC_Step3.bash; https://www.nature.com/articles/s41467-024-49782-0; https://pubmed.ncbi.nlm.nih.gov/39009607/; https://zenodo.org/records/11307851; https://github.com/Sirius-Yang/IMDs_WES; https://doi.org/10.1038/s41467-024-49782-0"", ""identifier"": ""10.1038/s41467-024-49782-0"", ""identifier_type"": ""doi; pmid; title"", ""pub_id"": """", ""source_relation"": ""DMCA-targeted lineage has the same normalized public repository/package name 'imdswes' as seeded lineage lineage_sirius-yang_imds_wes; no GitHub-displayed fork/source proof is asserted.""}]",B2_PROJECT_FAMILY_NAME_PROPAGATION,public_metadata_seed; B2_PROJECT_FAMILY_NAME_PROPAGATION,false,false,false,ukb_wes_chr11_sample_qc_example.scount,single_file,,,,,,,,0,evidence/lineages/lineage_jjrun-11_imds_wes.md,,,,,,,,,
2025-12-01-uk-biobank-2,2025-12-01,2025/12/2025-12-01-uk-biobank-2.md,https://github.com/jjrun-11/IMDs_WES,jjrun-11,IMDs_WES,http_451,lineage_jjrun-11_imds_wes,unknown,,QC/Step4/king_example.con,genotype; hospital_episode_statistics,,,2025-12-01,"Large-scale whole-exome sequencing analyses identified protein-coding variants associated with immune-mediated diseases in 350,770 adults",10.1038/s41467-024-49782-0,39009607,Liu Yang; Ya-Nan Ou; Bang-Sheng Wu; Wei-Shi Liu; Yue-Ting Deng; Xiao-Yu He; Yi-Lin Chen; Jujiao Kang; Chen-Jie Fei; Ying Zhu; Lan Tan; Qiang Dong; Jianfeng Feng; Wei Cheng; Jin-Tai Yu,19542,Identifying multi-level biomarkers and disease mechanisms for major mental disorders,Professor Jianfeng Feng,University of Warwick,true,probable,85,Public metadata seed records strong but non-deterministic repository-publication-application evidence.,https://github.com/github/dmca/blob/master/2025/12/2025-12-01-uk-biobank-2.md; https://github.com/jjrun-11/IMDs_WES/blob/705ebe6d34fea3ec769b9b0084a8f90f922b0512/QC/Step4/king_example.con; https://github.com/jjrun-11/IMDs_WES; https://github.com/jjrun-11/IMDs_WES/blob/b5c5f22385240a447dae8d0baf0fdb986e50541d/QC/Step4/ukb_wes_chr_all_king_sample_qc_example.kin0; https://github.com/jjrun-11/IMDs_WES/blob/88c851e9b48f198cea156c505109c628ea0f15f1/QC/Step4/ukb_wes_chr_all_king_sample_qc.kin0; https://github.com/jjrun-11/IMDs_WES/blob/4569154fd8536efa13e3c0d92cfb2195fd2572c9/QC/Step3/ukb_wes_chr11_sample_qc_example.scount; https://github.com/jjrun-11/IMDs_WES/blob/1fc8786e8a99499106f809247aa4c7ae499c4ede/QC/Step3/non_retracted_and_sex_qc_filtered_example.txt; https://github.com/jjrun-11/IMDs_WES/blob/f214e38c7526854348ed69a33e30f97d5d0960e6/QC/Stepnon_retracted_and_sex_qc_filtered_example.txt; https://github.com/jjrun-11/IMDs_WES/blob/c8d24849d3c95588f591371e90d98876f22f88f5/QC/Step3/head; https://github.com/jjrun-11/IMDs_WES/blob/7a2acb497cfe1232ef8c5fe03a8e16b291b9cdbf/QC/Step4/ukb_wes_chr_all_king_sample_qc_final_unrelated_example.eigenval; https://github.com/jjrun-11/IMDs_WES/blob/7327cc7176c03a9143132df3e57f0c30a7d96084/QC/Step3/sample_qc_final_keep_example.txt; https://github.com/jjrun-11/IMDs_WES/blob/5923d751916249d87435632333be6cb4d7002956/PostAnalysis/conditional.R; https://github.com/jjrun-11/IMDs_WES/blob/5923d751916249d87435632333be6cb4d7002956/QC/QC_Step3.bash; https://www.nature.com/articles/s41467-024-49782-0; https://pubmed.ncbi.nlm.nih.gov/39009607/; https://zenodo.org/records/11307851; https://github.com/Sirius-Yang/IMDs_WES; https://doi.org/10.1038/s41467-024-49782-0,target repository owner/uploader only; not attributed to the UKB application team without independent evidence,true,10.1038/s41467-024-49782-0,39009607,"Large-scale whole-exome sequencing analyses identified protein-coding variants associated with immune-mediated diseases in 350,770 adults",,19542,1,doi; pmid; title,"[{""app_id"": ""19542"", ""evidence_class"": ""B2_PROJECT_FAMILY_NAME_PROPAGATION"", ""evidence_urls"": ""https://github.com/github/dmca/blob/master/2025/12/2025-12-01-uk-biobank-2.md; https://github.com/jjrun-11/IMDs_WES/blob/b5c5f22385240a447dae8d0baf0fdb986e50541d/QC/Step4/ukb_wes_chr_all_king_sample_qc_example.kin0; https://github.com/jjrun-11/IMDs_WES; https://github.com/jjrun-11/IMDs_WES/blob/88c851e9b48f198cea156c505109c628ea0f15f1/QC/Step4/ukb_wes_chr_all_king_sample_qc.kin0; https://github.com/jjrun-11/IMDs_WES/blob/4569154fd8536efa13e3c0d92cfb2195fd2572c9/QC/Step3/ukb_wes_chr11_sample_qc_example.scount; https://github.com/jjrun-11/IMDs_WES/blob/705ebe6d34fea3ec769b9b0084a8f90f922b0512/QC/Step4/king_example.con; https://github.com/jjrun-11/IMDs_WES/blob/1fc8786e8a99499106f809247aa4c7ae499c4ede/QC/Step3/non_retracted_and_sex_qc_filtered_example.txt; https://github.com/jjrun-11/IMDs_WES/blob/f214e38c7526854348ed69a33e30f97d5d0960e6/QC/Stepnon_retracted_and_sex_qc_filtered_example.txt; https://github.com/jjrun-11/IMDs_WES/blob/c8d24849d3c95588f591371e90d98876f22f88f5/QC/Step3/head; https://github.com/jjrun-11/IMDs_WES/blob/7a2acb497cfe1232ef8c5fe03a8e16b291b9cdbf/QC/Step4/ukb_wes_chr_all_king_sample_qc_final_unrelated_example.eigenval; https://github.com/jjrun-11/IMDs_WES/blob/7327cc7176c03a9143132df3e57f0c30a7d96084/QC/Step3/sample_qc_final_keep_example.txt; https://github.com/jjrun-11/IMDs_WES/blob/5923d751916249d87435632333be6cb4d7002956/PostAnalysis/conditional.R; https://github.com/jjrun-11/IMDs_WES/blob/5923d751916249d87435632333be6cb4d7002956/QC/QC_Step3.bash; https://www.nature.com/articles/s41467-024-49782-0; https://pubmed.ncbi.nlm.nih.gov/39009607/; https://zenodo.org/records/11307851; https://github.com/Sirius-Yang/IMDs_WES; https://doi.org/10.1038/s41467-024-49782-0"", ""identifier"": ""10.1038/s41467-024-49782-0"", ""identifier_type"": ""doi; pmid; title"", ""pub_id"": """", ""source_relation"": ""DMCA-targeted lineage has the same normalized public repository/package name 'imdswes' as seeded lineage lineage_sirius-yang_imds_wes; no GitHub-displayed fork/source proof is asserted.""}]",B2_PROJECT_FAMILY_NAME_PROPAGATION,public_metadata_seed; B2_PROJECT_FAMILY_NAME_PROPAGATION,false,false,false,king_example.con,single_file,,,,,,,,0,evidence/lineages/lineage_jjrun-11_imds_wes.md,,,,,,,,,
2025-12-01-uk-biobank-2,2025-12-01,2025/12/2025-12-01-uk-biobank-2.md,https://github.com/jjrun-11/IMDs_WES,jjrun-11,IMDs_WES,http_451,lineage_jjrun-11_imds_wes,unknown,,QC/Step3/non_retracted_and_sex_qc_filtered_example.txt,genotype; hospital_episode_statistics,,,2025-12-01,"Large-scale whole-exome sequencing analyses identified protein-coding variants associated with immune-mediated diseases in 350,770 adults",10.1038/s41467-024-49782-0,39009607,Liu Yang; Ya-Nan Ou; Bang-Sheng Wu; Wei-Shi Liu; Yue-Ting Deng; Xiao-Yu He; Yi-Lin Chen; Jujiao Kang; Chen-Jie Fei; Ying Zhu; Lan Tan; Qiang Dong; Jianfeng Feng; Wei Cheng; Jin-Tai Yu,19542,Identifying multi-level biomarkers and disease mechanisms for major mental disorders,Professor Jianfeng Feng,University of Warwick,true,probable,85,Public metadata seed records strong but non-deterministic repository-publication-application evidence.,https://github.com/github/dmca/blob/master/2025/12/2025-12-01-uk-biobank-2.md; https://github.com/jjrun-11/IMDs_WES/blob/1fc8786e8a99499106f809247aa4c7ae499c4ede/QC/Step3/non_retracted_and_sex_qc_filtered_example.txt; https://github.com/jjrun-11/IMDs_WES; https://github.com/jjrun-11/IMDs_WES/blob/b5c5f22385240a447dae8d0baf0fdb986e50541d/QC/Step4/ukb_wes_chr_all_king_sample_qc_example.kin0; https://github.com/jjrun-11/IMDs_WES/blob/88c851e9b48f198cea156c505109c628ea0f15f1/QC/Step4/ukb_wes_chr_all_king_sample_qc.kin0; https://github.com/jjrun-11/IMDs_WES/blob/4569154fd8536efa13e3c0d92cfb2195fd2572c9/QC/Step3/ukb_wes_chr11_sample_qc_example.scount; https://github.com/jjrun-11/IMDs_WES/blob/705ebe6d34fea3ec769b9b0084a8f90f922b0512/QC/Step4/king_example.con; https://github.com/jjrun-11/IMDs_WES/blob/f214e38c7526854348ed69a33e30f97d5d0960e6/QC/Stepnon_retracted_and_sex_qc_filtered_example.txt; https://github.com/jjrun-11/IMDs_WES/blob/c8d24849d3c95588f591371e90d98876f22f88f5/QC/Step3/head; https://github.com/jjrun-11/IMDs_WES/blob/7a2acb497cfe1232ef8c5fe03a8e16b291b9cdbf/QC/Step4/ukb_wes_chr_all_king_sample_qc_final_unrelated_example.eigenval; https://github.com/jjrun-11/IMDs_WES/blob/7327cc7176c03a9143132df3e57f0c30a7d96084/QC/Step3/sample_qc_final_keep_example.txt; https://github.com/jjrun-11/IMDs_WES/blob/5923d751916249d87435632333be6cb4d7002956/PostAnalysis/conditional.R; https://github.com/jjrun-11/IMDs_WES/blob/5923d751916249d87435632333be6cb4d7002956/QC/QC_Step3.bash; https://www.nature.com/articles/s41467-024-49782-0; https://pubmed.ncbi.nlm.nih.gov/39009607/; https://zenodo.org/records/11307851; https://github.com/Sirius-Yang/IMDs_WES; https://doi.org/10.1038/s41467-024-49782-0,target repository owner/uploader only; not attributed to the UKB application team without independent evidence,true,10.1038/s41467-024-49782-0,39009607,"Large-scale whole-exome sequencing analyses identified protein-coding variants associated with immune-mediated diseases in 350,770 adults",,19542,1,doi; pmid; title,"[{""app_id"": ""19542"", ""evidence_class"": ""B2_PROJECT_FAMILY_NAME_PROPAGATION"", ""evidence_urls"": ""https://github.com/github/dmca/blob/master/2025/12/2025-12-01-uk-biobank-2.md; https://github.com/jjrun-11/IMDs_WES/blob/b5c5f22385240a447dae8d0baf0fdb986e50541d/QC/Step4/ukb_wes_chr_all_king_sample_qc_example.kin0; https://github.com/jjrun-11/IMDs_WES; https://github.com/jjrun-11/IMDs_WES/blob/88c851e9b48f198cea156c505109c628ea0f15f1/QC/Step4/ukb_wes_chr_all_king_sample_qc.kin0; https://github.com/jjrun-11/IMDs_WES/blob/4569154fd8536efa13e3c0d92cfb2195fd2572c9/QC/Step3/ukb_wes_chr11_sample_qc_example.scount; https://github.com/jjrun-11/IMDs_WES/blob/705ebe6d34fea3ec769b9b0084a8f90f922b0512/QC/Step4/king_example.con; https://github.com/jjrun-11/IMDs_WES/blob/1fc8786e8a99499106f809247aa4c7ae499c4ede/QC/Step3/non_retracted_and_sex_qc_filtered_example.txt; https://github.com/jjrun-11/IMDs_WES/blob/f214e38c7526854348ed69a33e30f97d5d0960e6/QC/Stepnon_retracted_and_sex_qc_filtered_example.txt; https://github.com/jjrun-11/IMDs_WES/blob/c8d24849d3c95588f591371e90d98876f22f88f5/QC/Step3/head; https://github.com/jjrun-11/IMDs_WES/blob/7a2acb497cfe1232ef8c5fe03a8e16b291b9cdbf/QC/Step4/ukb_wes_chr_all_king_sample_qc_final_unrelated_example.eigenval; https://github.com/jjrun-11/IMDs_WES/blob/7327cc7176c03a9143132df3e57f0c30a7d96084/QC/Step3/sample_qc_final_keep_example.txt; https://github.com/jjrun-11/IMDs_WES/blob/5923d751916249d87435632333be6cb4d7002956/PostAnalysis/conditional.R; https://github.com/jjrun-11/IMDs_WES/blob/5923d751916249d87435632333be6cb4d7002956/QC/QC_Step3.bash; https://www.nature.com/articles/s41467-024-49782-0; https://pubmed.ncbi.nlm.nih.gov/39009607/; https://zenodo.org/records/11307851; https://github.com/Sirius-Yang/IMDs_WES; https://doi.org/10.1038/s41467-024-49782-0"", ""identifier"": ""10.1038/s41467-024-49782-0"", ""identifier_type"": ""doi; pmid; title"", ""pub_id"": """", ""source_relation"": ""DMCA-targeted lineage has the same normalized public repository/package name 'imdswes' as seeded lineage lineage_sirius-yang_imds_wes; no GitHub-displayed fork/source proof is asserted.""}]",B2_PROJECT_FAMILY_NAME_PROPAGATION,public_metadata_seed; B2_PROJECT_FAMILY_NAME_PROPAGATION,false,false,false,non_retracted_and_sex_qc_filtered_example.txt,single_file,,,,,,,,0,evidence/lineages/lineage_jjrun-11_imds_wes.md,,,,,,,,,
2025-12-01-uk-biobank-2,2025-12-01,2025/12/2025-12-01-uk-biobank-2.md,https://github.com/jjrun-11/IMDs_WES,jjrun-11,IMDs_WES,http_451,lineage_jjrun-11_imds_wes,unknown,,QC/Stepnon_retracted_and_sex_qc_filtered_example.txt,genotype; hospital_episode_statistics,,,2025-12-01,"Large-scale whole-exome sequencing analyses identified protein-coding variants associated with immune-mediated diseases in 350,770 adults",10.1038/s41467-024-49782-0,39009607,Liu Yang; Ya-Nan Ou; Bang-Sheng Wu; Wei-Shi Liu; Yue-Ting Deng; Xiao-Yu He; Yi-Lin Chen; Jujiao Kang; Chen-Jie Fei; Ying Zhu; Lan Tan; Qiang Dong; Jianfeng Feng; Wei Cheng; Jin-Tai Yu,19542,Identifying multi-level biomarkers and disease mechanisms for major mental disorders,Professor Jianfeng Feng,University of Warwick,true,probable,85,Public metadata seed records strong but non-deterministic repository-publication-application evidence.,https://github.com/github/dmca/blob/master/2025/12/2025-12-01-uk-biobank-2.md; https://github.com/jjrun-11/IMDs_WES/blob/f214e38c7526854348ed69a33e30f97d5d0960e6/QC/Stepnon_retracted_and_sex_qc_filtered_example.txt; https://github.com/jjrun-11/IMDs_WES; https://github.com/jjrun-11/IMDs_WES/blob/b5c5f22385240a447dae8d0baf0fdb986e50541d/QC/Step4/ukb_wes_chr_all_king_sample_qc_example.kin0; https://github.com/jjrun-11/IMDs_WES/blob/88c851e9b48f198cea156c505109c628ea0f15f1/QC/Step4/ukb_wes_chr_all_king_sample_qc.kin0; https://github.com/jjrun-11/IMDs_WES/blob/4569154fd8536efa13e3c0d92cfb2195fd2572c9/QC/Step3/ukb_wes_chr11_sample_qc_example.scount; https://github.com/jjrun-11/IMDs_WES/blob/705ebe6d34fea3ec769b9b0084a8f90f922b0512/QC/Step4/king_example.con; https://github.com/jjrun-11/IMDs_WES/blob/1fc8786e8a99499106f809247aa4c7ae499c4ede/QC/Step3/non_retracted_and_sex_qc_filtered_example.txt; https://github.com/jjrun-11/IMDs_WES/blob/c8d24849d3c95588f591371e90d98876f22f88f5/QC/Step3/head; https://github.com/jjrun-11/IMDs_WES/blob/7a2acb497cfe1232ef8c5fe03a8e16b291b9cdbf/QC/Step4/ukb_wes_chr_all_king_sample_qc_final_unrelated_example.eigenval; https://github.com/jjrun-11/IMDs_WES/blob/7327cc7176c03a9143132df3e57f0c30a7d96084/QC/Step3/sample_qc_final_keep_example.txt; https://github.com/jjrun-11/IMDs_WES/blob/5923d751916249d87435632333be6cb4d7002956/PostAnalysis/conditional.R; https://github.com/jjrun-11/IMDs_WES/blob/5923d751916249d87435632333be6cb4d7002956/QC/QC_Step3.bash; https://www.nature.com/articles/s41467-024-49782-0; https://pubmed.ncbi.nlm.nih.gov/39009607/; https://zenodo.org/records/11307851; https://github.com/Sirius-Yang/IMDs_WES; https://doi.org/10.1038/s41467-024-49782-0,target repository owner/uploader only; not attributed to the UKB application team without independent evidence,true,10.1038/s41467-024-49782-0,39009607,"Large-scale whole-exome sequencing analyses identified protein-coding variants associated with immune-mediated diseases in 350,770 adults",,19542,1,doi; pmid; title,"[{""app_id"": ""19542"", ""evidence_class"": ""B2_PROJECT_FAMILY_NAME_PROPAGATION"", ""evidence_urls"": ""https://github.com/github/dmca/blob/master/2025/12/2025-12-01-uk-biobank-2.md; https://github.com/jjrun-11/IMDs_WES/blob/b5c5f22385240a447dae8d0baf0fdb986e50541d/QC/Step4/ukb_wes_chr_all_king_sample_qc_example.kin0; https://github.com/jjrun-11/IMDs_WES; https://github.com/jjrun-11/IMDs_WES/blob/88c851e9b48f198cea156c505109c628ea0f15f1/QC/Step4/ukb_wes_chr_all_king_sample_qc.kin0; https://github.com/jjrun-11/IMDs_WES/blob/4569154fd8536efa13e3c0d92cfb2195fd2572c9/QC/Step3/ukb_wes_chr11_sample_qc_example.scount; https://github.com/jjrun-11/IMDs_WES/blob/705ebe6d34fea3ec769b9b0084a8f90f922b0512/QC/Step4/king_example.con; https://github.com/jjrun-11/IMDs_WES/blob/1fc8786e8a99499106f809247aa4c7ae499c4ede/QC/Step3/non_retracted_and_sex_qc_filtered_example.txt; https://github.com/jjrun-11/IMDs_WES/blob/f214e38c7526854348ed69a33e30f97d5d0960e6/QC/Stepnon_retracted_and_sex_qc_filtered_example.txt; https://github.com/jjrun-11/IMDs_WES/blob/c8d24849d3c95588f591371e90d98876f22f88f5/QC/Step3/head; https://github.com/jjrun-11/IMDs_WES/blob/7a2acb497cfe1232ef8c5fe03a8e16b291b9cdbf/QC/Step4/ukb_wes_chr_all_king_sample_qc_final_unrelated_example.eigenval; https://github.com/jjrun-11/IMDs_WES/blob/7327cc7176c03a9143132df3e57f0c30a7d96084/QC/Step3/sample_qc_final_keep_example.txt; https://github.com/jjrun-11/IMDs_WES/blob/5923d751916249d87435632333be6cb4d7002956/PostAnalysis/conditional.R; https://github.com/jjrun-11/IMDs_WES/blob/5923d751916249d87435632333be6cb4d7002956/QC/QC_Step3.bash; https://www.nature.com/articles/s41467-024-49782-0; https://pubmed.ncbi.nlm.nih.gov/39009607/; https://zenodo.org/records/11307851; https://github.com/Sirius-Yang/IMDs_WES; https://doi.org/10.1038/s41467-024-49782-0"", ""identifier"": ""10.1038/s41467-024-49782-0"", ""identifier_type"": ""doi; pmid; title"", ""pub_id"": """", ""source_relation"": ""DMCA-targeted lineage has the same normalized public repository/package name 'imdswes' as seeded lineage lineage_sirius-yang_imds_wes; no GitHub-displayed fork/source proof is asserted.""}]",B2_PROJECT_FAMILY_NAME_PROPAGATION,public_metadata_seed; B2_PROJECT_FAMILY_NAME_PROPAGATION,false,false,false,Stepnon_retracted_and_sex_qc_filtered_example.txt,single_file,,,,,,,,0,evidence/lineages/lineage_jjrun-11_imds_wes.md,,,,,,,,,
2025-12-01-uk-biobank-2,2025-12-01,2025/12/2025-12-01-uk-biobank-2.md,https://github.com/jjrun-11/IMDs_WES,jjrun-11,IMDs_WES,http_451,lineage_jjrun-11_imds_wes,unknown,,QC/Step3/head,genotype; hospital_episode_statistics,,,2025-12-01,"Large-scale whole-exome sequencing analyses identified protein-coding variants associated with immune-mediated diseases in 350,770 adults",10.1038/s41467-024-49782-0,39009607,Liu Yang; Ya-Nan Ou; Bang-Sheng Wu; Wei-Shi Liu; Yue-Ting Deng; Xiao-Yu He; Yi-Lin Chen; Jujiao Kang; Chen-Jie Fei; Ying Zhu; Lan Tan; Qiang Dong; Jianfeng Feng; Wei Cheng; Jin-Tai Yu,19542,Identifying multi-level biomarkers and disease mechanisms for major mental disorders,Professor Jianfeng Feng,University of Warwick,true,probable,85,Public metadata seed records strong but non-deterministic repository-publication-application evidence.,https://github.com/github/dmca/blob/master/2025/12/2025-12-01-uk-biobank-2.md; https://github.com/jjrun-11/IMDs_WES/blob/c8d24849d3c95588f591371e90d98876f22f88f5/QC/Step3/head; https://github.com/jjrun-11/IMDs_WES; https://github.com/jjrun-11/IMDs_WES/blob/b5c5f22385240a447dae8d0baf0fdb986e50541d/QC/Step4/ukb_wes_chr_all_king_sample_qc_example.kin0; https://github.com/jjrun-11/IMDs_WES/blob/88c851e9b48f198cea156c505109c628ea0f15f1/QC/Step4/ukb_wes_chr_all_king_sample_qc.kin0; https://github.com/jjrun-11/IMDs_WES/blob/4569154fd8536efa13e3c0d92cfb2195fd2572c9/QC/Step3/ukb_wes_chr11_sample_qc_example.scount; https://github.com/jjrun-11/IMDs_WES/blob/705ebe6d34fea3ec769b9b0084a8f90f922b0512/QC/Step4/king_example.con; https://github.com/jjrun-11/IMDs_WES/blob/1fc8786e8a99499106f809247aa4c7ae499c4ede/QC/Step3/non_retracted_and_sex_qc_filtered_example.txt; https://github.com/jjrun-11/IMDs_WES/blob/f214e38c7526854348ed69a33e30f97d5d0960e6/QC/Stepnon_retracted_and_sex_qc_filtered_example.txt; https://github.com/jjrun-11/IMDs_WES/blob/7a2acb497cfe1232ef8c5fe03a8e16b291b9cdbf/QC/Step4/ukb_wes_chr_all_king_sample_qc_final_unrelated_example.eigenval; https://github.com/jjrun-11/IMDs_WES/blob/7327cc7176c03a9143132df3e57f0c30a7d96084/QC/Step3/sample_qc_final_keep_example.txt; https://github.com/jjrun-11/IMDs_WES/blob/5923d751916249d87435632333be6cb4d7002956/PostAnalysis/conditional.R; https://github.com/jjrun-11/IMDs_WES/blob/5923d751916249d87435632333be6cb4d7002956/QC/QC_Step3.bash; https://www.nature.com/articles/s41467-024-49782-0; https://pubmed.ncbi.nlm.nih.gov/39009607/; https://zenodo.org/records/11307851; https://github.com/Sirius-Yang/IMDs_WES; https://doi.org/10.1038/s41467-024-49782-0,target repository owner/uploader only; not attributed to the UKB application team without independent evidence,true,10.1038/s41467-024-49782-0,39009607,"Large-scale whole-exome sequencing analyses identified protein-coding variants associated with immune-mediated diseases in 350,770 adults",,19542,1,doi; pmid; title,"[{""app_id"": ""19542"", ""evidence_class"": ""B2_PROJECT_FAMILY_NAME_PROPAGATION"", ""evidence_urls"": ""https://github.com/github/dmca/blob/master/2025/12/2025-12-01-uk-biobank-2.md; https://github.com/jjrun-11/IMDs_WES/blob/b5c5f22385240a447dae8d0baf0fdb986e50541d/QC/Step4/ukb_wes_chr_all_king_sample_qc_example.kin0; https://github.com/jjrun-11/IMDs_WES; https://github.com/jjrun-11/IMDs_WES/blob/88c851e9b48f198cea156c505109c628ea0f15f1/QC/Step4/ukb_wes_chr_all_king_sample_qc.kin0; https://github.com/jjrun-11/IMDs_WES/blob/4569154fd8536efa13e3c0d92cfb2195fd2572c9/QC/Step3/ukb_wes_chr11_sample_qc_example.scount; https://github.com/jjrun-11/IMDs_WES/blob/705ebe6d34fea3ec769b9b0084a8f90f922b0512/QC/Step4/king_example.con; https://github.com/jjrun-11/IMDs_WES/blob/1fc8786e8a99499106f809247aa4c7ae499c4ede/QC/Step3/non_retracted_and_sex_qc_filtered_example.txt; https://github.com/jjrun-11/IMDs_WES/blob/f214e38c7526854348ed69a33e30f97d5d0960e6/QC/Stepnon_retracted_and_sex_qc_filtered_example.txt; https://github.com/jjrun-11/IMDs_WES/blob/c8d24849d3c95588f591371e90d98876f22f88f5/QC/Step3/head; https://github.com/jjrun-11/IMDs_WES/blob/7a2acb497cfe1232ef8c5fe03a8e16b291b9cdbf/QC/Step4/ukb_wes_chr_all_king_sample_qc_final_unrelated_example.eigenval; https://github.com/jjrun-11/IMDs_WES/blob/7327cc7176c03a9143132df3e57f0c30a7d96084/QC/Step3/sample_qc_final_keep_example.txt; https://github.com/jjrun-11/IMDs_WES/blob/5923d751916249d87435632333be6cb4d7002956/PostAnalysis/conditional.R; https://github.com/jjrun-11/IMDs_WES/blob/5923d751916249d87435632333be6cb4d7002956/QC/QC_Step3.bash; https://www.nature.com/articles/s41467-024-49782-0; https://pubmed.ncbi.nlm.nih.gov/39009607/; https://zenodo.org/records/11307851; https://github.com/Sirius-Yang/IMDs_WES; https://doi.org/10.1038/s41467-024-49782-0"", ""identifier"": ""10.1038/s41467-024-49782-0"", ""identifier_type"": ""doi; pmid; title"", ""pub_id"": """", ""source_relation"": ""DMCA-targeted lineage has the same normalized public repository/package name 'imdswes' as seeded lineage lineage_sirius-yang_imds_wes; no GitHub-displayed fork/source proof is asserted.""}]",B2_PROJECT_FAMILY_NAME_PROPAGATION,public_metadata_seed; B2_PROJECT_FAMILY_NAME_PROPAGATION,false,false,false,head,single_file,,,,,,,,0,evidence/lineages/lineage_jjrun-11_imds_wes.md,,,,,,,,,
2025-12-01-uk-biobank-2,2025-12-01,2025/12/2025-12-01-uk-biobank-2.md,https://github.com/jjrun-11/IMDs_WES,jjrun-11,IMDs_WES,http_451,lineage_jjrun-11_imds_wes,unknown,,QC/Step4/ukb_wes_chr_all_king_sample_qc_final_unrelated_example.eigenval,genotype; hospital_episode_statistics,,,2025-12-01,"Large-scale whole-exome sequencing analyses identified protein-coding variants associated with immune-mediated diseases in 350,770 adults",10.1038/s41467-024-49782-0,39009607,Liu Yang; Ya-Nan Ou; Bang-Sheng Wu; Wei-Shi Liu; Yue-Ting Deng; Xiao-Yu He; Yi-Lin Chen; Jujiao Kang; Chen-Jie Fei; Ying Zhu; Lan Tan; Qiang Dong; Jianfeng Feng; Wei Cheng; Jin-Tai Yu,19542,Identifying multi-level biomarkers and disease mechanisms for major mental disorders,Professor Jianfeng Feng,University of Warwick,true,probable,85,Public metadata seed records strong but non-deterministic repository-publication-application evidence.,https://github.com/github/dmca/blob/master/2025/12/2025-12-01-uk-biobank-2.md; https://github.com/jjrun-11/IMDs_WES/blob/7a2acb497cfe1232ef8c5fe03a8e16b291b9cdbf/QC/Step4/ukb_wes_chr_all_king_sample_qc_final_unrelated_example.eigenval; https://github.com/jjrun-11/IMDs_WES; https://github.com/jjrun-11/IMDs_WES/blob/b5c5f22385240a447dae8d0baf0fdb986e50541d/QC/Step4/ukb_wes_chr_all_king_sample_qc_example.kin0; https://github.com/jjrun-11/IMDs_WES/blob/88c851e9b48f198cea156c505109c628ea0f15f1/QC/Step4/ukb_wes_chr_all_king_sample_qc.kin0; https://github.com/jjrun-11/IMDs_WES/blob/4569154fd8536efa13e3c0d92cfb2195fd2572c9/QC/Step3/ukb_wes_chr11_sample_qc_example.scount; https://github.com/jjrun-11/IMDs_WES/blob/705ebe6d34fea3ec769b9b0084a8f90f922b0512/QC/Step4/king_example.con; https://github.com/jjrun-11/IMDs_WES/blob/1fc8786e8a99499106f809247aa4c7ae499c4ede/QC/Step3/non_retracted_and_sex_qc_filtered_example.txt; https://github.com/jjrun-11/IMDs_WES/blob/f214e38c7526854348ed69a33e30f97d5d0960e6/QC/Stepnon_retracted_and_sex_qc_filtered_example.txt; https://github.com/jjrun-11/IMDs_WES/blob/c8d24849d3c95588f591371e90d98876f22f88f5/QC/Step3/head; https://github.com/jjrun-11/IMDs_WES/blob/7327cc7176c03a9143132df3e57f0c30a7d96084/QC/Step3/sample_qc_final_keep_example.txt; https://github.com/jjrun-11/IMDs_WES/blob/5923d751916249d87435632333be6cb4d7002956/PostAnalysis/conditional.R; https://github.com/jjrun-11/IMDs_WES/blob/5923d751916249d87435632333be6cb4d7002956/QC/QC_Step3.bash; https://www.nature.com/articles/s41467-024-49782-0; https://pubmed.ncbi.nlm.nih.gov/39009607/; https://zenodo.org/records/11307851; https://github.com/Sirius-Yang/IMDs_WES; https://doi.org/10.1038/s41467-024-49782-0,target repository owner/uploader only; not attributed to the UKB application team without independent evidence,true,10.1038/s41467-024-49782-0,39009607,"Large-scale whole-exome sequencing analyses identified protein-coding variants associated with immune-mediated diseases in 350,770 adults",,19542,1,doi; pmid; title,"[{""app_id"": ""19542"", ""evidence_class"": ""B2_PROJECT_FAMILY_NAME_PROPAGATION"", ""evidence_urls"": ""https://github.com/github/dmca/blob/master/2025/12/2025-12-01-uk-biobank-2.md; https://github.com/jjrun-11/IMDs_WES/blob/b5c5f22385240a447dae8d0baf0fdb986e50541d/QC/Step4/ukb_wes_chr_all_king_sample_qc_example.kin0; https://github.com/jjrun-11/IMDs_WES; https://github.com/jjrun-11/IMDs_WES/blob/88c851e9b48f198cea156c505109c628ea0f15f1/QC/Step4/ukb_wes_chr_all_king_sample_qc.kin0; https://github.com/jjrun-11/IMDs_WES/blob/4569154fd8536efa13e3c0d92cfb2195fd2572c9/QC/Step3/ukb_wes_chr11_sample_qc_example.scount; https://github.com/jjrun-11/IMDs_WES/blob/705ebe6d34fea3ec769b9b0084a8f90f922b0512/QC/Step4/king_example.con; https://github.com/jjrun-11/IMDs_WES/blob/1fc8786e8a99499106f809247aa4c7ae499c4ede/QC/Step3/non_retracted_and_sex_qc_filtered_example.txt; https://github.com/jjrun-11/IMDs_WES/blob/f214e38c7526854348ed69a33e30f97d5d0960e6/QC/Stepnon_retracted_and_sex_qc_filtered_example.txt; https://github.com/jjrun-11/IMDs_WES/blob/c8d24849d3c95588f591371e90d98876f22f88f5/QC/Step3/head; https://github.com/jjrun-11/IMDs_WES/blob/7a2acb497cfe1232ef8c5fe03a8e16b291b9cdbf/QC/Step4/ukb_wes_chr_all_king_sample_qc_final_unrelated_example.eigenval; https://github.com/jjrun-11/IMDs_WES/blob/7327cc7176c03a9143132df3e57f0c30a7d96084/QC/Step3/sample_qc_final_keep_example.txt; https://github.com/jjrun-11/IMDs_WES/blob/5923d751916249d87435632333be6cb4d7002956/PostAnalysis/conditional.R; https://github.com/jjrun-11/IMDs_WES/blob/5923d751916249d87435632333be6cb4d7002956/QC/QC_Step3.bash; https://www.nature.com/articles/s41467-024-49782-0; https://pubmed.ncbi.nlm.nih.gov/39009607/; https://zenodo.org/records/11307851; https://github.com/Sirius-Yang/IMDs_WES; https://doi.org/10.1038/s41467-024-49782-0"", ""identifier"": ""10.1038/s41467-024-49782-0"", ""identifier_type"": ""doi; pmid; title"", ""pub_id"": """", ""source_relation"": ""DMCA-targeted lineage has the same normalized public repository/package name 'imdswes' as seeded lineage lineage_sirius-yang_imds_wes; no GitHub-displayed fork/source proof is asserted.""}]",B2_PROJECT_FAMILY_NAME_PROPAGATION,public_metadata_seed; B2_PROJECT_FAMILY_NAME_PROPAGATION,false,false,false,ukb_wes_chr_all_king_sample_qc_final_unrelated_example.eigenval,single_file,,,,,,,,0,evidence/lineages/lineage_jjrun-11_imds_wes.md,,,,,,,,,
2025-12-01-uk-biobank-2,2025-12-01,2025/12/2025-12-01-uk-biobank-2.md,https://github.com/jjrun-11/IMDs_WES,jjrun-11,IMDs_WES,http_451,lineage_jjrun-11_imds_wes,unknown,,QC/Step3/sample_qc_final_keep_example.txt,genotype; hospital_episode_statistics,,,2025-12-01,"Large-scale whole-exome sequencing analyses identified protein-coding variants associated with immune-mediated diseases in 350,770 adults",10.1038/s41467-024-49782-0,39009607,Liu Yang; Ya-Nan Ou; Bang-Sheng Wu; Wei-Shi Liu; Yue-Ting Deng; Xiao-Yu He; Yi-Lin Chen; Jujiao Kang; Chen-Jie Fei; Ying Zhu; Lan Tan; Qiang Dong; Jianfeng Feng; Wei Cheng; Jin-Tai Yu,19542,Identifying multi-level biomarkers and disease mechanisms for major mental disorders,Professor Jianfeng Feng,University of Warwick,true,probable,85,Public metadata seed records strong but non-deterministic repository-publication-application evidence.,https://github.com/github/dmca/blob/master/2025/12/2025-12-01-uk-biobank-2.md; https://github.com/jjrun-11/IMDs_WES/blob/7327cc7176c03a9143132df3e57f0c30a7d96084/QC/Step3/sample_qc_final_keep_example.txt; https://github.com/jjrun-11/IMDs_WES; https://github.com/jjrun-11/IMDs_WES/blob/b5c5f22385240a447dae8d0baf0fdb986e50541d/QC/Step4/ukb_wes_chr_all_king_sample_qc_example.kin0; https://github.com/jjrun-11/IMDs_WES/blob/88c851e9b48f198cea156c505109c628ea0f15f1/QC/Step4/ukb_wes_chr_all_king_sample_qc.kin0; https://github.com/jjrun-11/IMDs_WES/blob/4569154fd8536efa13e3c0d92cfb2195fd2572c9/QC/Step3/ukb_wes_chr11_sample_qc_example.scount; https://github.com/jjrun-11/IMDs_WES/blob/705ebe6d34fea3ec769b9b0084a8f90f922b0512/QC/Step4/king_example.con; https://github.com/jjrun-11/IMDs_WES/blob/1fc8786e8a99499106f809247aa4c7ae499c4ede/QC/Step3/non_retracted_and_sex_qc_filtered_example.txt; https://github.com/jjrun-11/IMDs_WES/blob/f214e38c7526854348ed69a33e30f97d5d0960e6/QC/Stepnon_retracted_and_sex_qc_filtered_example.txt; https://github.com/jjrun-11/IMDs_WES/blob/c8d24849d3c95588f591371e90d98876f22f88f5/QC/Step3/head; https://github.com/jjrun-11/IMDs_WES/blob/7a2acb497cfe1232ef8c5fe03a8e16b291b9cdbf/QC/Step4/ukb_wes_chr_all_king_sample_qc_final_unrelated_example.eigenval; https://github.com/jjrun-11/IMDs_WES/blob/5923d751916249d87435632333be6cb4d7002956/PostAnalysis/conditional.R; https://github.com/jjrun-11/IMDs_WES/blob/5923d751916249d87435632333be6cb4d7002956/QC/QC_Step3.bash; https://www.nature.com/articles/s41467-024-49782-0; https://pubmed.ncbi.nlm.nih.gov/39009607/; https://zenodo.org/records/11307851; https://github.com/Sirius-Yang/IMDs_WES; https://doi.org/10.1038/s41467-024-49782-0,target repository owner/uploader only; not attributed to the UKB application team without independent evidence,true,10.1038/s41467-024-49782-0,39009607,"Large-scale whole-exome sequencing analyses identified protein-coding variants associated with immune-mediated diseases in 350,770 adults",,19542,1,doi; pmid; title,"[{""app_id"": ""19542"", ""evidence_class"": ""B2_PROJECT_FAMILY_NAME_PROPAGATION"", ""evidence_urls"": ""https://github.com/github/dmca/blob/master/2025/12/2025-12-01-uk-biobank-2.md; https://github.com/jjrun-11/IMDs_WES/blob/b5c5f22385240a447dae8d0baf0fdb986e50541d/QC/Step4/ukb_wes_chr_all_king_sample_qc_example.kin0; https://github.com/jjrun-11/IMDs_WES; https://github.com/jjrun-11/IMDs_WES/blob/88c851e9b48f198cea156c505109c628ea0f15f1/QC/Step4/ukb_wes_chr_all_king_sample_qc.kin0; https://github.com/jjrun-11/IMDs_WES/blob/4569154fd8536efa13e3c0d92cfb2195fd2572c9/QC/Step3/ukb_wes_chr11_sample_qc_example.scount; https://github.com/jjrun-11/IMDs_WES/blob/705ebe6d34fea3ec769b9b0084a8f90f922b0512/QC/Step4/king_example.con; https://github.com/jjrun-11/IMDs_WES/blob/1fc8786e8a99499106f809247aa4c7ae499c4ede/QC/Step3/non_retracted_and_sex_qc_filtered_example.txt; https://github.com/jjrun-11/IMDs_WES/blob/f214e38c7526854348ed69a33e30f97d5d0960e6/QC/Stepnon_retracted_and_sex_qc_filtered_example.txt; https://github.com/jjrun-11/IMDs_WES/blob/c8d24849d3c95588f591371e90d98876f22f88f5/QC/Step3/head; https://github.com/jjrun-11/IMDs_WES/blob/7a2acb497cfe1232ef8c5fe03a8e16b291b9cdbf/QC/Step4/ukb_wes_chr_all_king_sample_qc_final_unrelated_example.eigenval; https://github.com/jjrun-11/IMDs_WES/blob/7327cc7176c03a9143132df3e57f0c30a7d96084/QC/Step3/sample_qc_final_keep_example.txt; https://github.com/jjrun-11/IMDs_WES/blob/5923d751916249d87435632333be6cb4d7002956/PostAnalysis/conditional.R; https://github.com/jjrun-11/IMDs_WES/blob/5923d751916249d87435632333be6cb4d7002956/QC/QC_Step3.bash; https://www.nature.com/articles/s41467-024-49782-0; https://pubmed.ncbi.nlm.nih.gov/39009607/; https://zenodo.org/records/11307851; https://github.com/Sirius-Yang/IMDs_WES; https://doi.org/10.1038/s41467-024-49782-0"", ""identifier"": ""10.1038/s41467-024-49782-0"", ""identifier_type"": ""doi; pmid; title"", ""pub_id"": """", ""source_relation"": ""DMCA-targeted lineage has the same normalized public repository/package name 'imdswes' as seeded lineage lineage_sirius-yang_imds_wes; no GitHub-displayed fork/source proof is asserted.""}]",B2_PROJECT_FAMILY_NAME_PROPAGATION,public_metadata_seed; B2_PROJECT_FAMILY_NAME_PROPAGATION,false,false,false,sample_qc_final_keep_example.txt,single_file,,,,,,,,0,evidence/lineages/lineage_jjrun-11_imds_wes.md,,,,,,,,,
2025-12-01-uk-biobank-2,2025-12-01,2025/12/2025-12-01-uk-biobank-2.md,https://github.com/jjrun-11/IMDs_WES,jjrun-11,IMDs_WES,http_451,lineage_jjrun-11_imds_wes,unknown,,PostAnalysis/conditional.R,genotype; hospital_episode_statistics,,,2025-12-01,"Large-scale whole-exome sequencing analyses identified protein-coding variants associated with immune-mediated diseases in 350,770 adults",10.1038/s41467-024-49782-0,39009607,Liu Yang; Ya-Nan Ou; Bang-Sheng Wu; Wei-Shi Liu; Yue-Ting Deng; Xiao-Yu He; Yi-Lin Chen; Jujiao Kang; Chen-Jie Fei; Ying Zhu; Lan Tan; Qiang Dong; Jianfeng Feng; Wei Cheng; Jin-Tai Yu,19542,Identifying multi-level biomarkers and disease mechanisms for major mental disorders,Professor Jianfeng Feng,University of Warwick,true,probable,85,Public metadata seed records strong but non-deterministic repository-publication-application evidence.,https://github.com/github/dmca/blob/master/2025/12/2025-12-01-uk-biobank-2.md; https://github.com/jjrun-11/IMDs_WES/blob/5923d751916249d87435632333be6cb4d7002956/PostAnalysis/conditional.R; https://github.com/jjrun-11/IMDs_WES; https://github.com/jjrun-11/IMDs_WES/blob/b5c5f22385240a447dae8d0baf0fdb986e50541d/QC/Step4/ukb_wes_chr_all_king_sample_qc_example.kin0; https://github.com/jjrun-11/IMDs_WES/blob/88c851e9b48f198cea156c505109c628ea0f15f1/QC/Step4/ukb_wes_chr_all_king_sample_qc.kin0; https://github.com/jjrun-11/IMDs_WES/blob/4569154fd8536efa13e3c0d92cfb2195fd2572c9/QC/Step3/ukb_wes_chr11_sample_qc_example.scount; https://github.com/jjrun-11/IMDs_WES/blob/705ebe6d34fea3ec769b9b0084a8f90f922b0512/QC/Step4/king_example.con; https://github.com/jjrun-11/IMDs_WES/blob/1fc8786e8a99499106f809247aa4c7ae499c4ede/QC/Step3/non_retracted_and_sex_qc_filtered_example.txt; https://github.com/jjrun-11/IMDs_WES/blob/f214e38c7526854348ed69a33e30f97d5d0960e6/QC/Stepnon_retracted_and_sex_qc_filtered_example.txt; https://github.com/jjrun-11/IMDs_WES/blob/c8d24849d3c95588f591371e90d98876f22f88f5/QC/Step3/head; https://github.com/jjrun-11/IMDs_WES/blob/7a2acb497cfe1232ef8c5fe03a8e16b291b9cdbf/QC/Step4/ukb_wes_chr_all_king_sample_qc_final_unrelated_example.eigenval; https://github.com/jjrun-11/IMDs_WES/blob/7327cc7176c03a9143132df3e57f0c30a7d96084/QC/Step3/sample_qc_final_keep_example.txt; https://github.com/jjrun-11/IMDs_WES/blob/5923d751916249d87435632333be6cb4d7002956/QC/QC_Step3.bash; https://www.nature.com/articles/s41467-024-49782-0; https://pubmed.ncbi.nlm.nih.gov/39009607/; https://zenodo.org/records/11307851; https://github.com/Sirius-Yang/IMDs_WES; https://doi.org/10.1038/s41467-024-49782-0,target repository owner/uploader only; not attributed to the UKB application team without independent evidence,true,10.1038/s41467-024-49782-0,39009607,"Large-scale whole-exome sequencing analyses identified protein-coding variants associated with immune-mediated diseases in 350,770 adults",,19542,1,doi; pmid; title,"[{""app_id"": ""19542"", ""evidence_class"": ""B2_PROJECT_FAMILY_NAME_PROPAGATION"", ""evidence_urls"": ""https://github.com/github/dmca/blob/master/2025/12/2025-12-01-uk-biobank-2.md; https://github.com/jjrun-11/IMDs_WES/blob/b5c5f22385240a447dae8d0baf0fdb986e50541d/QC/Step4/ukb_wes_chr_all_king_sample_qc_example.kin0; https://github.com/jjrun-11/IMDs_WES; https://github.com/jjrun-11/IMDs_WES/blob/88c851e9b48f198cea156c505109c628ea0f15f1/QC/Step4/ukb_wes_chr_all_king_sample_qc.kin0; https://github.com/jjrun-11/IMDs_WES/blob/4569154fd8536efa13e3c0d92cfb2195fd2572c9/QC/Step3/ukb_wes_chr11_sample_qc_example.scount; https://github.com/jjrun-11/IMDs_WES/blob/705ebe6d34fea3ec769b9b0084a8f90f922b0512/QC/Step4/king_example.con; https://github.com/jjrun-11/IMDs_WES/blob/1fc8786e8a99499106f809247aa4c7ae499c4ede/QC/Step3/non_retracted_and_sex_qc_filtered_example.txt; https://github.com/jjrun-11/IMDs_WES/blob/f214e38c7526854348ed69a33e30f97d5d0960e6/QC/Stepnon_retracted_and_sex_qc_filtered_example.txt; https://github.com/jjrun-11/IMDs_WES/blob/c8d24849d3c95588f591371e90d98876f22f88f5/QC/Step3/head; https://github.com/jjrun-11/IMDs_WES/blob/7a2acb497cfe1232ef8c5fe03a8e16b291b9cdbf/QC/Step4/ukb_wes_chr_all_king_sample_qc_final_unrelated_example.eigenval; https://github.com/jjrun-11/IMDs_WES/blob/7327cc7176c03a9143132df3e57f0c30a7d96084/QC/Step3/sample_qc_final_keep_example.txt; https://github.com/jjrun-11/IMDs_WES/blob/5923d751916249d87435632333be6cb4d7002956/PostAnalysis/conditional.R; https://github.com/jjrun-11/IMDs_WES/blob/5923d751916249d87435632333be6cb4d7002956/QC/QC_Step3.bash; https://www.nature.com/articles/s41467-024-49782-0; https://pubmed.ncbi.nlm.nih.gov/39009607/; https://zenodo.org/records/11307851; https://github.com/Sirius-Yang/IMDs_WES; https://doi.org/10.1038/s41467-024-49782-0"", ""identifier"": ""10.1038/s41467-024-49782-0"", ""identifier_type"": ""doi; pmid; title"", ""pub_id"": """", ""source_relation"": ""DMCA-targeted lineage has the same normalized public repository/package name 'imdswes' as seeded lineage lineage_sirius-yang_imds_wes; no GitHub-displayed fork/source proof is asserted.""}]",B2_PROJECT_FAMILY_NAME_PROPAGATION,public_metadata_seed; B2_PROJECT_FAMILY_NAME_PROPAGATION,false,false,false,conditional.R,single_file,,,,,,,,0,evidence/lineages/lineage_jjrun-11_imds_wes.md,,,,,,,,,
2025-12-01-uk-biobank-2,2025-12-01,2025/12/2025-12-01-uk-biobank-2.md,https://github.com/jjrun-11/IMDs_WES,jjrun-11,IMDs_WES,http_451,lineage_jjrun-11_imds_wes,unknown,,QC/QC_Step3.bash,genotype; hospital_episode_statistics,,,2025-12-01,"Large-scale whole-exome sequencing analyses identified protein-coding variants associated with immune-mediated diseases in 350,770 adults",10.1038/s41467-024-49782-0,39009607,Liu Yang; Ya-Nan Ou; Bang-Sheng Wu; Wei-Shi Liu; Yue-Ting Deng; Xiao-Yu He; Yi-Lin Chen; Jujiao Kang; Chen-Jie Fei; Ying Zhu; Lan Tan; Qiang Dong; Jianfeng Feng; Wei Cheng; Jin-Tai Yu,19542,Identifying multi-level biomarkers and disease mechanisms for major mental disorders,Professor Jianfeng Feng,University of Warwick,true,probable,85,Public metadata seed records strong but non-deterministic repository-publication-application evidence.,https://github.com/github/dmca/blob/master/2025/12/2025-12-01-uk-biobank-2.md; https://github.com/jjrun-11/IMDs_WES/blob/5923d751916249d87435632333be6cb4d7002956/QC/QC_Step3.bash; https://github.com/jjrun-11/IMDs_WES; https://github.com/jjrun-11/IMDs_WES/blob/b5c5f22385240a447dae8d0baf0fdb986e50541d/QC/Step4/ukb_wes_chr_all_king_sample_qc_example.kin0; https://github.com/jjrun-11/IMDs_WES/blob/88c851e9b48f198cea156c505109c628ea0f15f1/QC/Step4/ukb_wes_chr_all_king_sample_qc.kin0; https://github.com/jjrun-11/IMDs_WES/blob/4569154fd8536efa13e3c0d92cfb2195fd2572c9/QC/Step3/ukb_wes_chr11_sample_qc_example.scount; https://github.com/jjrun-11/IMDs_WES/blob/705ebe6d34fea3ec769b9b0084a8f90f922b0512/QC/Step4/king_example.con; https://github.com/jjrun-11/IMDs_WES/blob/1fc8786e8a99499106f809247aa4c7ae499c4ede/QC/Step3/non_retracted_and_sex_qc_filtered_example.txt; https://github.com/jjrun-11/IMDs_WES/blob/f214e38c7526854348ed69a33e30f97d5d0960e6/QC/Stepnon_retracted_and_sex_qc_filtered_example.txt; https://github.com/jjrun-11/IMDs_WES/blob/c8d24849d3c95588f591371e90d98876f22f88f5/QC/Step3/head; https://github.com/jjrun-11/IMDs_WES/blob/7a2acb497cfe1232ef8c5fe03a8e16b291b9cdbf/QC/Step4/ukb_wes_chr_all_king_sample_qc_final_unrelated_example.eigenval; https://github.com/jjrun-11/IMDs_WES/blob/7327cc7176c03a9143132df3e57f0c30a7d96084/QC/Step3/sample_qc_final_keep_example.txt; https://github.com/jjrun-11/IMDs_WES/blob/5923d751916249d87435632333be6cb4d7002956/PostAnalysis/conditional.R; https://www.nature.com/articles/s41467-024-49782-0; https://pubmed.ncbi.nlm.nih.gov/39009607/; https://zenodo.org/records/11307851; https://github.com/Sirius-Yang/IMDs_WES; https://doi.org/10.1038/s41467-024-49782-0,target repository owner/uploader only; not attributed to the UKB application team without independent evidence,true,10.1038/s41467-024-49782-0,39009607,"Large-scale whole-exome sequencing analyses identified protein-coding variants associated with immune-mediated diseases in 350,770 adults",,19542,1,doi; pmid; title,"[{""app_id"": ""19542"", ""evidence_class"": ""B2_PROJECT_FAMILY_NAME_PROPAGATION"", ""evidence_urls"": ""https://github.com/github/dmca/blob/master/2025/12/2025-12-01-uk-biobank-2.md; https://github.com/jjrun-11/IMDs_WES/blob/b5c5f22385240a447dae8d0baf0fdb986e50541d/QC/Step4/ukb_wes_chr_all_king_sample_qc_example.kin0; https://github.com/jjrun-11/IMDs_WES; https://github.com/jjrun-11/IMDs_WES/blob/88c851e9b48f198cea156c505109c628ea0f15f1/QC/Step4/ukb_wes_chr_all_king_sample_qc.kin0; https://github.com/jjrun-11/IMDs_WES/blob/4569154fd8536efa13e3c0d92cfb2195fd2572c9/QC/Step3/ukb_wes_chr11_sample_qc_example.scount; https://github.com/jjrun-11/IMDs_WES/blob/705ebe6d34fea3ec769b9b0084a8f90f922b0512/QC/Step4/king_example.con; https://github.com/jjrun-11/IMDs_WES/blob/1fc8786e8a99499106f809247aa4c7ae499c4ede/QC/Step3/non_retracted_and_sex_qc_filtered_example.txt; https://github.com/jjrun-11/IMDs_WES/blob/f214e38c7526854348ed69a33e30f97d5d0960e6/QC/Stepnon_retracted_and_sex_qc_filtered_example.txt; https://github.com/jjrun-11/IMDs_WES/blob/c8d24849d3c95588f591371e90d98876f22f88f5/QC/Step3/head; https://github.com/jjrun-11/IMDs_WES/blob/7a2acb497cfe1232ef8c5fe03a8e16b291b9cdbf/QC/Step4/ukb_wes_chr_all_king_sample_qc_final_unrelated_example.eigenval; https://github.com/jjrun-11/IMDs_WES/blob/7327cc7176c03a9143132df3e57f0c30a7d96084/QC/Step3/sample_qc_final_keep_example.txt; https://github.com/jjrun-11/IMDs_WES/blob/5923d751916249d87435632333be6cb4d7002956/PostAnalysis/conditional.R; https://github.com/jjrun-11/IMDs_WES/blob/5923d751916249d87435632333be6cb4d7002956/QC/QC_Step3.bash; https://www.nature.com/articles/s41467-024-49782-0; https://pubmed.ncbi.nlm.nih.gov/39009607/; https://zenodo.org/records/11307851; https://github.com/Sirius-Yang/IMDs_WES; https://doi.org/10.1038/s41467-024-49782-0"", ""identifier"": ""10.1038/s41467-024-49782-0"", ""identifier_type"": ""doi; pmid; title"", ""pub_id"": """", ""source_relation"": ""DMCA-targeted lineage has the same normalized public repository/package name 'imdswes' as seeded lineage lineage_sirius-yang_imds_wes; no GitHub-displayed fork/source proof is asserted.""}]",B2_PROJECT_FAMILY_NAME_PROPAGATION,public_metadata_seed; B2_PROJECT_FAMILY_NAME_PROPAGATION,false,false,false,QC_Step3.bash,single_file,,,,,,,,0,evidence/lineages/lineage_jjrun-11_imds_wes.md,,,,,,,,,
2025-11-13-uk-biobank,2025-11-13,2025/11/2025-11-13-uk-biobank.md,https://github.com/JosephLalli/shapeit5,JosephLalli,shapeit5,http_403,lineage_josephlalli_shapeit5,unknown,,tasks/phasingUKB/step2_wgs/step9_imputation_rerun_new_chunks/data/1k_samples_wbi.txt,genotype; hospital_episode_statistics,,,2025-11-13,Accurate rare variant phasing of whole-genome and whole-exome sequencing data in the UK Biobank,10.1038/s41588-023-01415-w,37386248,Robin J. Hofmeister; Diogo M. Ribeiro; Simone Rubinacci; Olivier Delaneau,66995,"Prediction of haplotypes, genotypes, parental-of-origin and applications in biobanks.",Dr Olivier Delaneau,University of Lausanne,true,probable,85,Public metadata seed records strong but non-deterministic repository-publication-application evidence.,https://github.com/github/dmca/blob/master/2025/11/2025-11-13-uk-biobank.md; https://github.com/JosephLalli/shapeit5/blob/0b40edb8ef2678fd4ef0f0286dffe9ef0ba9b254/tasks/phasingUKB/step2_wgs/step9_imputation_rerun_new_chunks/data/1k_samples_wbi.txt#L1-L5; https://github.com/JosephLalli/shapeit5; https://www.nature.com/articles/s41588-023-01415-w; https://biobank.ndph.ox.ac.uk/ukb/pub.cgi?id=7739; https://www.ukbiobank.ac.uk/projects/prediction-of-haplotypes-genotypes-parental-of-origin-and-applications-in-biobanks/; https://doi.org/10.1038/s41588-023-01415-w,target repository owner/uploader only; not attributed to the UKB application team without independent evidence,true,10.1038/s41588-023-01415-w,37386248,Accurate rare variant phasing of whole-genome and whole-exome sequencing data in the UK Biobank,7739,66995,1,doi; pmid; title,"[{""app_id"": ""66995"", ""evidence_class"": ""B2_PROJECT_FAMILY_NAME_PROPAGATION"", ""evidence_urls"": ""https://github.com/github/dmca/blob/master/2025/11/2025-11-13-uk-biobank.md; https://github.com/JosephLalli/shapeit5/blob/0b40edb8ef2678fd4ef0f0286dffe9ef0ba9b254/tasks/phasingUKB/step2_wgs/step9_imputation_rerun_new_chunks/data/1k_samples_wbi.txt#L1-L5; https://github.com/JosephLalli/shapeit5; https://www.nature.com/articles/s41588-023-01415-w; https://biobank.ndph.ox.ac.uk/ukb/pub.cgi?id=7739; https://www.ukbiobank.ac.uk/projects/prediction-of-haplotypes-genotypes-parental-of-origin-and-applications-in-biobanks/; https://doi.org/10.1038/s41588-023-01415-w"", ""identifier"": ""10.1038/s41588-023-01415-w"", ""identifier_type"": ""doi; pmid; title"", ""pub_id"": ""7739"", ""source_relation"": ""DMCA-targeted lineage has the same normalized public repository/package name 'shapeit5' as seeded lineage lineage_odelaneau_shapeit5; no GitHub-displayed fork/source proof is asserted.""}]",B2_PROJECT_FAMILY_NAME_PROPAGATION,public_metadata_seed; B2_PROJECT_FAMILY_NAME_PROPAGATION,false,false,false,1k_samples_wbi.txt,single_file,,,,,,,,0,evidence/lineages/lineage_josephlalli_shapeit5.md,,,,,,,,,
2026-04-14-uk-biobank,2026-04-14,2026/04/2026-04-14-uk-biobank.md,https://github.com/lcx777-afk/UKBAnalytica,lcx777-afk,UKBAnalytica,http_451,lineage_lcx777-afk_ukbanalytica,unknown,,tests/testthat/testdata/raw_demo.csv,genotype; phenotype; hospital_episode_statistics; ehr,,,2026-04-14,UKBAnalytica: an integrated R package for scalable phenotyping and reproducible epidemiological analysis within the UK Biobank Research Analysis Platform,10.64898/2026.06.19.26356057,,Nan He; Ke Mo; Guangchuang Yu; Feiying He,822932,Inherent and non-inherent factors  for chronic diseases and multimorbidity,,Southern Medical University,true,probable,85,Public metadata seed records strong but non-deterministic repository-publication-application evidence.,https://github.com/github/dmca/blob/master/2026/04/2026-04-14-uk-biobank.md; https://github.com/lcx777-afk/UKBAnalytica/blob/d6facb23a147b51a335223a9bb12141b5cbfd32a/tests/testthat/testdata/raw_demo.csv; https://github.com/lcx777-afk/UKBAnalytica; https://www.medrxiv.org/content/10.64898/2026.06.19.26356057v1; https://cran.r-project.org/package=UKBAnalytica; https://github.com/Hinna0818/UKBAnalytica; https://hinna0818.github.io/UKBAnalytica/; https://doi.org/10.64898/2026.06.19.26356057,target repository owner/uploader only; not attributed to the UKB application team without independent evidence,true,10.64898/2026.06.19.26356057,,UKBAnalytica: an integrated R package for scalable phenotyping and reproducible epidemiological analysis within the UK Biobank Research Analysis Platform,,822932,1,doi; title,"[{""app_id"": ""822932"", ""evidence_class"": ""B2_PROJECT_FAMILY_NAME_PROPAGATION"", ""evidence_urls"": ""https://github.com/github/dmca/blob/master/2026/04/2026-04-14-uk-biobank.md; https://github.com/lcx777-afk/UKBAnalytica/blob/d6facb23a147b51a335223a9bb12141b5cbfd32a/tests/testthat/testdata/raw_demo.csv; https://github.com/lcx777-afk/UKBAnalytica; https://www.medrxiv.org/content/10.64898/2026.06.19.26356057v1; https://cran.r-project.org/package=UKBAnalytica; https://github.com/Hinna0818/UKBAnalytica; https://hinna0818.github.io/UKBAnalytica/; https://doi.org/10.64898/2026.06.19.26356057"", ""identifier"": ""10.64898/2026.06.19.26356057"", ""identifier_type"": ""doi; title"", ""pub_id"": """", ""source_relation"": ""DMCA-targeted lineage has the same normalized public repository/package name 'ukbanalytica' as seeded lineage lineage_hinna0818_ukbanalytica; no GitHub-displayed fork/source proof is asserted.""}]",B2_PROJECT_FAMILY_NAME_PROPAGATION,public_metadata_seed; B2_PROJECT_FAMILY_NAME_PROPAGATION,false,false,false,raw_demo.csv,single_file,,,,,,,,0,evidence/lineages/lineage_lcx777-afk_ukbanalytica.md,,,,,,,,,
2025-11-13-uk-biobank,2025-11-13,2025/11/2025-11-13-uk-biobank.md,https://github.com/M-Hakmi/shapeit5,M-Hakmi,shapeit5,not_found_or_removed,lineage_m-hakmi_shapeit5,unknown,,tasks/phasingUKB/step2_wgs/step9_imputation_rerun_new_chunks/data/1k_samples_wbi.txt,genotype; hospital_episode_statistics,,,2025-11-13,Accurate rare variant phasing of whole-genome and whole-exome sequencing data in the UK Biobank,10.1038/s41588-023-01415-w,37386248,Robin J. Hofmeister; Diogo M. Ribeiro; Simone Rubinacci; Olivier Delaneau,66995,"Prediction of haplotypes, genotypes, parental-of-origin and applications in biobanks.",Dr Olivier Delaneau,University of Lausanne,true,probable,85,Public metadata seed records strong but non-deterministic repository-publication-application evidence.,https://github.com/github/dmca/blob/master/2025/11/2025-11-13-uk-biobank.md; https://github.com/M-Hakmi/shapeit5/blob/0b40edb8ef2678fd4ef0f0286dffe9ef0ba9b254/tasks/phasingUKB/step2_wgs/step9_imputation_rerun_new_chunks/data/1k_samples_wbi.txt#L1-L5; https://github.com/M-Hakmi/shapeit5; https://www.nature.com/articles/s41588-023-01415-w; https://biobank.ndph.ox.ac.uk/ukb/pub.cgi?id=7739; https://www.ukbiobank.ac.uk/projects/prediction-of-haplotypes-genotypes-parental-of-origin-and-applications-in-biobanks/; https://doi.org/10.1038/s41588-023-01415-w,target repository owner/uploader only; not attributed to the UKB application team without independent evidence,true,10.1038/s41588-023-01415-w,37386248,Accurate rare variant phasing of whole-genome and whole-exome sequencing data in the UK Biobank,7739,66995,1,doi; pmid; title,"[{""app_id"": ""66995"", ""evidence_class"": ""B2_PROJECT_FAMILY_NAME_PROPAGATION"", ""evidence_urls"": ""https://github.com/github/dmca/blob/master/2025/11/2025-11-13-uk-biobank.md; https://github.com/M-Hakmi/shapeit5/blob/0b40edb8ef2678fd4ef0f0286dffe9ef0ba9b254/tasks/phasingUKB/step2_wgs/step9_imputation_rerun_new_chunks/data/1k_samples_wbi.txt#L1-L5; https://github.com/M-Hakmi/shapeit5; https://www.nature.com/articles/s41588-023-01415-w; https://biobank.ndph.ox.ac.uk/ukb/pub.cgi?id=7739; https://www.ukbiobank.ac.uk/projects/prediction-of-haplotypes-genotypes-parental-of-origin-and-applications-in-biobanks/; https://doi.org/10.1038/s41588-023-01415-w"", ""identifier"": ""10.1038/s41588-023-01415-w"", ""identifier_type"": ""doi; pmid; title"", ""pub_id"": ""7739"", ""source_relation"": ""DMCA-targeted lineage has the same normalized public repository/package name 'shapeit5' as seeded lineage lineage_odelaneau_shapeit5; no GitHub-displayed fork/source proof is asserted.""}]",B2_PROJECT_FAMILY_NAME_PROPAGATION,public_metadata_seed; B2_PROJECT_FAMILY_NAME_PROPAGATION,false,false,false,1k_samples_wbi.txt,single_file,,,,,,,,0,evidence/lineages/lineage_m-hakmi_shapeit5.md,,,,,,,,,
2025-11-13-uk-biobank,2025-11-13,2025/11/2025-11-13-uk-biobank.md,https://github.com/RimanB/shapeit5,RimanB,shapeit5,http_451,lineage_rimanb_shapeit5,unknown,,tasks/phasingUKB/step2_wgs/step9_imputation_rerun_new_chunks/data/1k_samples_wbi.txt,genotype; hospital_episode_statistics,,,2025-11-13,Accurate rare variant phasing of whole-genome and whole-exome sequencing data in the UK Biobank,10.1038/s41588-023-01415-w,37386248,Robin J. Hofmeister; Diogo M. Ribeiro; Simone Rubinacci; Olivier Delaneau,66995,"Prediction of haplotypes, genotypes, parental-of-origin and applications in biobanks.",Dr Olivier Delaneau,University of Lausanne,true,probable,85,Public metadata seed records strong but non-deterministic repository-publication-application evidence.,https://github.com/github/dmca/blob/master/2025/11/2025-11-13-uk-biobank.md; https://github.com/RimanB/shapeit5/blob/0b40edb8ef2678fd4ef0f0286dffe9ef0ba9b254/tasks/phasingUKB/step2_wgs/step9_imputation_rerun_new_chunks/data/1k_samples_wbi.txt#L1-L5; https://github.com/RimanB/shapeit5; https://www.nature.com/articles/s41588-023-01415-w; https://biobank.ndph.ox.ac.uk/ukb/pub.cgi?id=7739; https://www.ukbiobank.ac.uk/projects/prediction-of-haplotypes-genotypes-parental-of-origin-and-applications-in-biobanks/; https://doi.org/10.1038/s41588-023-01415-w,target repository owner/uploader only; not attributed to the UKB application team without independent evidence,true,10.1038/s41588-023-01415-w,37386248,Accurate rare variant phasing of whole-genome and whole-exome sequencing data in the UK Biobank,7739,66995,1,doi; pmid; title,"[{""app_id"": ""66995"", ""evidence_class"": ""B2_PROJECT_FAMILY_NAME_PROPAGATION"", ""evidence_urls"": ""https://github.com/github/dmca/blob/master/2025/11/2025-11-13-uk-biobank.md; https://github.com/RimanB/shapeit5/blob/0b40edb8ef2678fd4ef0f0286dffe9ef0ba9b254/tasks/phasingUKB/step2_wgs/step9_imputation_rerun_new_chunks/data/1k_samples_wbi.txt#L1-L5; https://github.com/RimanB/shapeit5; https://www.nature.com/articles/s41588-023-01415-w; https://biobank.ndph.ox.ac.uk/ukb/pub.cgi?id=7739; https://www.ukbiobank.ac.uk/projects/prediction-of-haplotypes-genotypes-parental-of-origin-and-applications-in-biobanks/; https://doi.org/10.1038/s41588-023-01415-w"", ""identifier"": ""10.1038/s41588-023-01415-w"", ""identifier_type"": ""doi; pmid; title"", ""pub_id"": ""7739"", ""source_relation"": ""DMCA-targeted lineage has the same normalized public repository/package name 'shapeit5' as seeded lineage lineage_odelaneau_shapeit5; no GitHub-displayed fork/source proof is asserted.""}]",B2_PROJECT_FAMILY_NAME_PROPAGATION,public_metadata_seed; B2_PROJECT_FAMILY_NAME_PROPAGATION,false,false,false,1k_samples_wbi.txt,single_file,,,,,,,,0,evidence/lineages/lineage_rimanb_shapeit5.md,,,,,,,,,
2025-11-13-uk-biobank,2025-11-13,2025/11/2025-11-13-uk-biobank.md,https://github.com/rwk-unil/shapeit5,rwk-unil,shapeit5,not_found_or_removed,lineage_rwk-unil_shapeit5,unknown,,tasks/phasingUKB/step2_wgs/step9_imputation_rerun_new_chunks/data/1k_samples_wbi.txt,genotype; hospital_episode_statistics,,,2025-11-13,Accurate rare variant phasing of whole-genome and whole-exome sequencing data in the UK Biobank,10.1038/s41588-023-01415-w,37386248,Robin J. Hofmeister; Diogo M. Ribeiro; Simone Rubinacci; Olivier Delaneau,66995,"Prediction of haplotypes, genotypes, parental-of-origin and applications in biobanks.",Dr Olivier Delaneau,University of Lausanne,true,probable,85,Public metadata seed records strong but non-deterministic repository-publication-application evidence.,https://github.com/github/dmca/blob/master/2025/11/2025-11-13-uk-biobank.md; https://github.com/rwk-unil/shapeit5/blob/0b40edb8ef2678fd4ef0f0286dffe9ef0ba9b254/tasks/phasingUKB/step2_wgs/step9_imputation_rerun_new_chunks/data/1k_samples_wbi.txt#L1-L5; https://github.com/rwk-unil/shapeit5; https://www.nature.com/articles/s41588-023-01415-w; https://biobank.ndph.ox.ac.uk/ukb/pub.cgi?id=7739; https://www.ukbiobank.ac.uk/projects/prediction-of-haplotypes-genotypes-parental-of-origin-and-applications-in-biobanks/; https://doi.org/10.1038/s41588-023-01415-w,target repository owner/uploader only; not attributed to the UKB application team without independent evidence,true,10.1038/s41588-023-01415-w,37386248,Accurate rare variant phasing of whole-genome and whole-exome sequencing data in the UK Biobank,7739,66995,1,doi; pmid; title,"[{""app_id"": ""66995"", ""evidence_class"": ""B2_PROJECT_FAMILY_NAME_PROPAGATION"", ""evidence_urls"": ""https://github.com/github/dmca/blob/master/2025/11/2025-11-13-uk-biobank.md; https://github.com/rwk-unil/shapeit5/blob/0b40edb8ef2678fd4ef0f0286dffe9ef0ba9b254/tasks/phasingUKB/step2_wgs/step9_imputation_rerun_new_chunks/data/1k_samples_wbi.txt#L1-L5; https://github.com/rwk-unil/shapeit5; https://www.nature.com/articles/s41588-023-01415-w; https://biobank.ndph.ox.ac.uk/ukb/pub.cgi?id=7739; https://www.ukbiobank.ac.uk/projects/prediction-of-haplotypes-genotypes-parental-of-origin-and-applications-in-biobanks/; https://doi.org/10.1038/s41588-023-01415-w"", ""identifier"": ""10.1038/s41588-023-01415-w"", ""identifier_type"": ""doi; pmid; title"", ""pub_id"": ""7739"", ""source_relation"": ""DMCA-targeted lineage has the same normalized public repository/package name 'shapeit5' as seeded lineage lineage_odelaneau_shapeit5; no GitHub-displayed fork/source proof is asserted.""}]",B2_PROJECT_FAMILY_NAME_PROPAGATION,public_metadata_seed; B2_PROJECT_FAMILY_NAME_PROPAGATION,false,false,false,1k_samples_wbi.txt,single_file,,,,,,,,0,evidence/lineages/lineage_rwk-unil_shapeit5.md,,,,,,,,,
2025-11-13-uk-biobank,2025-11-13,2025/11/2025-11-13-uk-biobank.md,https://github.com/sunrisefor/shapeit5,sunrisefor,shapeit5,http_451,lineage_sunrisefor_shapeit5,unknown,,tasks/phasingUKB/step2_wgs/step9_imputation_rerun_new_chunks/data/1k_samples_wbi.txt,genotype; hospital_episode_statistics,,,2025-11-13,Accurate rare variant phasing of whole-genome and whole-exome sequencing data in the UK Biobank,10.1038/s41588-023-01415-w,37386248,Robin J. Hofmeister; Diogo M. Ribeiro; Simone Rubinacci; Olivier Delaneau,66995,"Prediction of haplotypes, genotypes, parental-of-origin and applications in biobanks.",Dr Olivier Delaneau,University of Lausanne,true,probable,85,Public metadata seed records strong but non-deterministic repository-publication-application evidence.,https://github.com/github/dmca/blob/master/2025/11/2025-11-13-uk-biobank.md; https://github.com/sunrisefor/shapeit5/blob/0b40edb8ef2678fd4ef0f0286dffe9ef0ba9b254/tasks/phasingUKB/step2_wgs/step9_imputation_rerun_new_chunks/data/1k_samples_wbi.txt#L1-L5; https://github.com/sunrisefor/shapeit5; https://www.nature.com/articles/s41588-023-01415-w; https://biobank.ndph.ox.ac.uk/ukb/pub.cgi?id=7739; https://www.ukbiobank.ac.uk/projects/prediction-of-haplotypes-genotypes-parental-of-origin-and-applications-in-biobanks/; https://doi.org/10.1038/s41588-023-01415-w,target repository owner/uploader only; not attributed to the UKB application team without independent evidence,true,10.1038/s41588-023-01415-w,37386248,Accurate rare variant phasing of whole-genome and whole-exome sequencing data in the UK Biobank,7739,66995,1,doi; pmid; title,"[{""app_id"": ""66995"", ""evidence_class"": ""B2_PROJECT_FAMILY_NAME_PROPAGATION"", ""evidence_urls"": ""https://github.com/github/dmca/blob/master/2025/11/2025-11-13-uk-biobank.md; https://github.com/sunrisefor/shapeit5/blob/0b40edb8ef2678fd4ef0f0286dffe9ef0ba9b254/tasks/phasingUKB/step2_wgs/step9_imputation_rerun_new_chunks/data/1k_samples_wbi.txt#L1-L5; https://github.com/sunrisefor/shapeit5; https://www.nature.com/articles/s41588-023-01415-w; https://biobank.ndph.ox.ac.uk/ukb/pub.cgi?id=7739; https://www.ukbiobank.ac.uk/projects/prediction-of-haplotypes-genotypes-parental-of-origin-and-applications-in-biobanks/; https://doi.org/10.1038/s41588-023-01415-w"", ""identifier"": ""10.1038/s41588-023-01415-w"", ""identifier_type"": ""doi; pmid; title"", ""pub_id"": ""7739"", ""source_relation"": ""DMCA-targeted lineage has the same normalized public repository/package name 'shapeit5' as seeded lineage lineage_odelaneau_shapeit5; no GitHub-displayed fork/source proof is asserted.""}]",B2_PROJECT_FAMILY_NAME_PROPAGATION,public_metadata_seed; B2_PROJECT_FAMILY_NAME_PROPAGATION,false,false,false,1k_samples_wbi.txt,single_file,,,,,,,,0,evidence/lineages/lineage_sunrisefor_shapeit5.md,,,,,,,,,
2025-11-13-uk-biobank,2025-11-13,2025/11/2025-11-13-uk-biobank.md,https://github.com/Toseph/shapeit5,Toseph,shapeit5,http_451,lineage_toseph_shapeit5,unknown,,tasks/phasingUKB/step2_wgs/step9_imputation_rerun_new_chunks/data/1k_samples_wbi.txt,genotype; hospital_episode_statistics,,,2025-11-13,Accurate rare variant phasing of whole-genome and whole-exome sequencing data in the UK Biobank,10.1038/s41588-023-01415-w,37386248,Robin J. Hofmeister; Diogo M. Ribeiro; Simone Rubinacci; Olivier Delaneau,66995,"Prediction of haplotypes, genotypes, parental-of-origin and applications in biobanks.",Dr Olivier Delaneau,University of Lausanne,true,probable,85,Public metadata seed records strong but non-deterministic repository-publication-application evidence.,https://github.com/github/dmca/blob/master/2025/11/2025-11-13-uk-biobank.md; https://github.com/Toseph/shapeit5/blob/0b40edb8ef2678fd4ef0f0286dffe9ef0ba9b254/tasks/phasingUKB/step2_wgs/step9_imputation_rerun_new_chunks/data/1k_samples_wbi.txt#L1-L5; https://github.com/Toseph/shapeit5; https://www.nature.com/articles/s41588-023-01415-w; https://biobank.ndph.ox.ac.uk/ukb/pub.cgi?id=7739; https://www.ukbiobank.ac.uk/projects/prediction-of-haplotypes-genotypes-parental-of-origin-and-applications-in-biobanks/; https://doi.org/10.1038/s41588-023-01415-w,target repository owner/uploader only; not attributed to the UKB application team without independent evidence,true,10.1038/s41588-023-01415-w,37386248,Accurate rare variant phasing of whole-genome and whole-exome sequencing data in the UK Biobank,7739,66995,1,doi; pmid; title,"[{""app_id"": ""66995"", ""evidence_class"": ""B2_PROJECT_FAMILY_NAME_PROPAGATION"", ""evidence_urls"": ""https://github.com/github/dmca/blob/master/2025/11/2025-11-13-uk-biobank.md; https://github.com/Toseph/shapeit5/blob/0b40edb8ef2678fd4ef0f0286dffe9ef0ba9b254/tasks/phasingUKB/step2_wgs/step9_imputation_rerun_new_chunks/data/1k_samples_wbi.txt#L1-L5; https://github.com/Toseph/shapeit5; https://www.nature.com/articles/s41588-023-01415-w; https://biobank.ndph.ox.ac.uk/ukb/pub.cgi?id=7739; https://www.ukbiobank.ac.uk/projects/prediction-of-haplotypes-genotypes-parental-of-origin-and-applications-in-biobanks/; https://doi.org/10.1038/s41588-023-01415-w"", ""identifier"": ""10.1038/s41588-023-01415-w"", ""identifier_type"": ""doi; pmid; title"", ""pub_id"": ""7739"", ""source_relation"": ""DMCA-targeted lineage has the same normalized public repository/package name 'shapeit5' as seeded lineage lineage_odelaneau_shapeit5; no GitHub-displayed fork/source proof is asserted.""}]",B2_PROJECT_FAMILY_NAME_PROPAGATION,public_metadata_seed; B2_PROJECT_FAMILY_NAME_PROPAGATION,false,false,false,1k_samples_wbi.txt,single_file,,,,,,,,0,evidence/lineages/lineage_toseph_shapeit5.md,,,,,,,,,
2025-11-13-uk-biobank,2025-11-13,2025/11/2025-11-13-uk-biobank.md,https://github.com/victorasua/shapeit5,victorasua,shapeit5,http_451,lineage_victorasua_shapeit5,unknown,,tasks/phasingUKB/step2_wgs/step9_imputation_rerun_new_chunks/data/1k_samples_wbi.txt,genotype; hospital_episode_statistics,,,2025-11-13,Accurate rare variant phasing of whole-genome and whole-exome sequencing data in the UK Biobank,10.1038/s41588-023-01415-w,37386248,Robin J. Hofmeister; Diogo M. Ribeiro; Simone Rubinacci; Olivier Delaneau,66995,"Prediction of haplotypes, genotypes, parental-of-origin and applications in biobanks.",Dr Olivier Delaneau,University of Lausanne,true,probable,85,Public metadata seed records strong but non-deterministic repository-publication-application evidence.,https://github.com/github/dmca/blob/master/2025/11/2025-11-13-uk-biobank.md; https://github.com/victorasua/shapeit5/blob/0b40edb8ef2678fd4ef0f0286dffe9ef0ba9b254/tasks/phasingUKB/step2_wgs/step9_imputation_rerun_new_chunks/data/1k_samples_wbi.txt#L1-L5; https://github.com/victorasua/shapeit5; https://www.nature.com/articles/s41588-023-01415-w; https://biobank.ndph.ox.ac.uk/ukb/pub.cgi?id=7739; https://www.ukbiobank.ac.uk/projects/prediction-of-haplotypes-genotypes-parental-of-origin-and-applications-in-biobanks/; https://doi.org/10.1038/s41588-023-01415-w,target repository owner/uploader only; not attributed to the UKB application team without independent evidence,true,10.1038/s41588-023-01415-w,37386248,Accurate rare variant phasing of whole-genome and whole-exome sequencing data in the UK Biobank,7739,66995,1,doi; pmid; title,"[{""app_id"": ""66995"", ""evidence_class"": ""B2_PROJECT_FAMILY_NAME_PROPAGATION"", ""evidence_urls"": ""https://github.com/github/dmca/blob/master/2025/11/2025-11-13-uk-biobank.md; https://github.com/victorasua/shapeit5/blob/0b40edb8ef2678fd4ef0f0286dffe9ef0ba9b254/tasks/phasingUKB/step2_wgs/step9_imputation_rerun_new_chunks/data/1k_samples_wbi.txt#L1-L5; https://github.com/victorasua/shapeit5; https://www.nature.com/articles/s41588-023-01415-w; https://biobank.ndph.ox.ac.uk/ukb/pub.cgi?id=7739; https://www.ukbiobank.ac.uk/projects/prediction-of-haplotypes-genotypes-parental-of-origin-and-applications-in-biobanks/; https://doi.org/10.1038/s41588-023-01415-w"", ""identifier"": ""10.1038/s41588-023-01415-w"", ""identifier_type"": ""doi; pmid; title"", ""pub_id"": ""7739"", ""source_relation"": ""DMCA-targeted lineage has the same normalized public repository/package name 'shapeit5' as seeded lineage lineage_odelaneau_shapeit5; no GitHub-displayed fork/source proof is asserted.""}]",B2_PROJECT_FAMILY_NAME_PROPAGATION,public_metadata_seed; B2_PROJECT_FAMILY_NAME_PROPAGATION,false,false,false,1k_samples_wbi.txt,single_file,,,,,,,,0,evidence/lineages/lineage_victorasua_shapeit5.md,,,,,,,,,
