lineage_id,candidate_rank,candidate_app_id,application_title,application_pi,application_institution,match_grade,match_score,evidence_level,evidence_components,score_details,match_reason,evidence_urls,manual_review_needed
lineage_047pegasus_golangbooks,,,,,,unresolved,0,,,{},Evidence is too generic to assign an application.,https://github.com/github/dmca/blob/master/2025/05/2025-05-29-packt.md; https://github.com/047pegasus/GoLangBooks,true
lineage_0mithun_golangbooks,,,,,,unresolved,0,,,{},Evidence is too generic to assign an application.,https://github.com/github/dmca/blob/master/2025/05/2025-05-29-packt.md; https://github.com/0mithun/GoLangBooks,true
lineage_0x0bject_jetbrains-intellij-idea-key-generator,,,,,,unresolved,0,,,{},Evidence is too generic to assign an application.,https://github.com/github/dmca/blob/master/2015/2015-07-06-jetbrains.md; https://github.com/0x0bject/Jetbrains-IntelliJ-IDEA-Key-Generator,true
lineage_0x6773_golangbooks,,,,,,unresolved,0,,,{},Evidence is too generic to assign an application.,https://github.com/github/dmca/blob/master/2025/05/2025-05-29-packt.md; https://github.com/0x6773/GoLangBooks,true
lineage_12sbxu_ukb-tools,,,,,,unresolved,0,,,{},Evidence is too generic to assign an application.,https://github.com/github/dmca/blob/master/2025/08/2025-08-25-ukbiobank-2.md; https://github.com/12sbxu/ukb-tools/blob/da521e4fbf14e3122b89896b981d946fd51efbe3/Jinhee%20Code/Deathfile.rds; https://github.com/12sbxu/ukb-tools; https://github.com/github/dmca/blob/master/2025/08/2025-08-25-ukbiobank-2.md; https://github.com/12sbxu/ukb-tools/blob/master/Jinhee%20Code/scratchmergedphecode.rds; https://github.com/12sbxu/ukb-tools; https://github.com/github/dmca/blob/master/2025/08/2025-08-25-ukbiobank-2.md; https://github.com/12sbxu/ukb-tools/blob/da521e4fbf14e3122b89896b981d946fd51efbe3/Jinhee%20Code/scratchmergedphecode.rds; https://github.com/12sbxu/ukb-tools; https://github.com/github/dmca/blob/master/2025/08/2025-08-25-ukbiobank-2.md; https://github.com/12sbxu/ukb-tools/blob/da521e4fbf14e3122b89896b981d946fd51efbe3/Jinhee%20Code/SelfreportedCancer.rds; https://github.com/12sbxu/ukb-tools; https://github.com/github/dmca/blob/master/2025/08/2025-08-25-ukbiobank-2.md; https://github.com/12sbxu/ukb-tools/blob/da521e4fbf14e3122b89896b981d946fd51efbe3/Jinhee%20Code/SelfreportedNoncancer.rds; https://github.com/12sbxu/ukb-tools; https://github.com/github/dmca/blob/master/2025/08/2025-08-25-ukbiobank-2.md; https://github.com/12sbxu/ukb-tools/blob/da521e4fbf14e3122b89896b981d946fd51efbe3/Jinhee%20Code/master_5.rds; https://github.com/12sbxu/ukb-tools; https://github.com/github/dmca/blob/master/2025/08/2025-08-25-ukbiobank-2.md; https://github.com/12sbxu/ukb-tools/blob/da521e4fbf14e3122b89896b981d946fd51efbe3/Jinhee%20Code/master_6.rds; https://github.com/12sbxu/ukb-tools; https://github.com/github/dmca/blob/master/2025/08/2025-08-25-ukbiobank-2.md; https://github.com/12sbxu/ukb-tools/blob/48b1556985fcea663a4ebe03dbe943b186687a7d/master_summary.md; https://github.com/12sbxu/ukb-tools; https://github.com/github/dmca/blob/master/2025/08/2025-08-25-ukbiobank-2.md; https://github.com/12sbxu/ukb-tools/blob/5b59c779135573e3861726b112bd1214ea3c144c/master_summary.md; https://github.com/12sbxu/ukb-tools; https://github.com/github/dmca/blob/master/2025/08/2025-08-25-ukbiobank-2.md; https://github.com/12sbxu/ukb-tools/blob/5ecbbd79ae225cd41c7dfc6ff25ecba7a5e45208/README_person.md; https://github.com/12sbxu/ukb-tools; https://github.com/github/dmca/blob/master/2025/08/2025-08-25-ukbiobank-2.md; https://github.com/12sbxu/ukb-tools/blob/3eb9a67d753c24319736e911008fac75a6e53716/README_person.md; https://github.com/12sbxu/ukb-tools; https://github.com/github/dmca/blob/master/2025/08/2025-08-25-ukbiobank-2.md; https://github.com/12sbxu/ukb-tools/blob/f5a78e0223f977601b62f52dd8961bc59073b7d7/README_person.md; https://github.com/12sbxu/ukb-tools; https://github.com/github/dmca/blob/master/2025/08/2025-08-25-ukbiobank-2.md; https://github.com/12sbxu/ukb-tools/blob/f2128d5a43133f1d15a44019671cf0e9990e1255/README_person.md; https://github.com/12sbxu/ukb-tools; https://github.com/github/dmca/blob/master/2025/08/2025-08-25-ukbiobank-2.md; https://github.com/12sbxu/ukb-tools/blob/1d4474e679cbd736799e6f82eeaef1e994cd201a/README_person.md; https://github.com/12sbxu/ukb-tools; https://github.com/github/dmca/blob/master/2025/08/2025-08-25-ukbiobank-2.md; https://raw.githubusercontent.com/12sbxu/ukb-tools/02a38d9389a04cb1442c44d990f8ff02a38ec43e/fid21022_age_at_recruitement.tsv; https://github.com/12sbxu/ukb-tools,true
lineage_12sbxu_ukbb_data_r,,,,,,unresolved,0,,,{},Evidence is too generic to assign an application.,https://github.com/github/dmca/blob/master/2025/11/2025-11-18-uk-biobank-2.md; https://github.com/12sbxu/ukbb_data_r/blob/28fd3edaad9e0cb28cbf67a2cff59336e51b0c72/examples.R; https://github.com/12sbxu/ukbb_data_r,true
lineage_1enlem_php_storm,,,,,,unresolved,0,,,{},Evidence is too generic to assign an application.,https://github.com/github/dmca/blob/master/2015/2015-07-06-jetbrains.md; https://github.com/1enLEM/Php_Storm/blob/master/Php%20Storm%208; https://github.com/1enLEM/Php_Storm,true
lineage_23andme-jaredo_shapeit5,,,,,,unresolved,0,,,{},Evidence is too generic to assign an application.,https://github.com/github/dmca/blob/master/2025/11/2025-11-13-uk-biobank.md; https://github.com/23andme-jaredo/shapeit5/blob/0b40edb8ef2678fd4ef0f0286dffe9ef0ba9b254/tasks/phasingUKB/step2_wgs/step9_imputation_rerun_new_chunks/data/1k_samples_wbi.txt#L1-L5; https://github.com/23andme-jaredo/shapeit5,true
lineage_2bstar_jetbrainspatchkeygen,,,,,,unresolved,0,,,{},Evidence is too generic to assign an application.,https://github.com/github/dmca/blob/master/2015/2015-07-06-jetbrains.md; https://github.com/2bstar/JetbrainsPatchKeygen,true
lineage_303732235_jetbrainspatchkeygen,,,,,,unresolved,0,,,{},Evidence is too generic to assign an application.,https://github.com/github/dmca/blob/master/2015/2015-07-06-jetbrains.md; https://github.com/303732235/JetbrainsPatchKeygen,true
lineage_3dsboy08_intellij-idea-14-keygen,,,,,,unresolved,0,,,{},Evidence is too generic to assign an application.,https://github.com/github/dmca/blob/master/2015/2015-07-06-jetbrains.md; https://github.com/3dsboy08/IntelliJ-IDEA-14-keygen,true
lineage_3psilowne_jetbrainspatchkeygen,,,,,,unresolved,0,,,{},Evidence is too generic to assign an application.,https://github.com/github/dmca/blob/master/2015/2015-07-06-jetbrains.md; https://github.com/3psilowne/JetbrainsPatchKeygen,true
lineage_41lx_golangbooks,,,,,,unresolved,0,,,{},Evidence is too generic to assign an application.,https://github.com/github/dmca/blob/master/2025/05/2025-05-29-packt.md; https://github.com/41lx/GoLangBooks,true
lineage_9p9_nitro-generator,,,,,,unresolved,0,,,{},Evidence is too generic to assign an application.,https://github.com/github/dmca/blob/master/2023/10/2023-10-12-discord.md; https://github.com/9P9/Nitro-Generator,true
lineage_a-khajelou_intellij-idea-14-keygen,,,,,,unresolved,0,,,{},Evidence is too generic to assign an application.,https://github.com/github/dmca/blob/master/2015/2015-07-06-jetbrains.md; https://github.com/a-khajelou/IntelliJ-IDEA-14-keygen,true
lineage_aalayahgray_golangbooks,,,,,,unresolved,0,,,{},Evidence is too generic to assign an application.,https://github.com/github/dmca/blob/master/2025/05/2025-05-29-packt.md; https://github.com/Aalayahgray/GoLangBooks,true
lineage_aaronproxd_discord-nitro,,,,,,unresolved,0,,,{},Evidence is too generic to assign an application.,https://github.com/github/dmca/blob/master/2023/10/2023-10-12-discord.md; https://github.com/AaronProxd/Discord-Nitro,true
lineage_abdulsubhanb_golangbooks,,,,,,unresolved,0,,,{},Evidence is too generic to assign an application.,https://github.com/github/dmca/blob/master/2025/05/2025-05-29-packt.md; https://github.com/abdulsubhanb/GoLangBooks,true
lineage_abhij33t99_golangbooks,,,,,,unresolved,0,,,{},Evidence is too generic to assign an application.,https://github.com/github/dmca/blob/master/2025/05/2025-05-29-packt.md; https://github.com/abhij33t99/GoLangBooks,true
lineage_abhinavrj_golangbooks,,,,,,unresolved,0,,,{},Evidence is too generic to assign an application.,https://github.com/github/dmca/blob/master/2025/05/2025-05-29-packt.md; https://github.com/abhinavrj/GoLangBooks,true
lineage_abhishek-nerella_golangbooks,,,,,,unresolved,0,,,{},Evidence is too generic to assign an application.,https://github.com/github/dmca/blob/master/2025/05/2025-05-29-packt.md; https://github.com/abhishek-nerella/GoLangBooks,true
lineage_abhishekgupta9087_golangbooks,,,,,,unresolved,0,,,{},Evidence is too generic to assign an application.,https://github.com/github/dmca/blob/master/2025/05/2025-05-29-packt.md; https://github.com/AbhishekGupta9087/GoLangBooks,true
lineage_ace120c_golangbooks,,,,,,unresolved,0,,,{},Evidence is too generic to assign an application.,https://github.com/github/dmca/blob/master/2025/05/2025-05-29-packt.md; https://github.com/Ace120C/GoLangBooks,true
lineage_adamelkholyy_ukbython,,,,,,unresolved,0,,,{},Evidence is too generic to assign an application.,https://github.com/github/dmca/blob/master/2025/10/2025-10-15-uk-biobank-5.md; https://github.com/adamelkholyy/ukbython/blob/2ab4599d02e4ce39e730f9da8a64646657a80412/main.ipynb; https://github.com/adamelkholyy/ukbython,true
lineage_adhikariaman01_jetbrains-intellij-idea-key-generator,,,,,,unresolved,0,,,{},Evidence is too generic to assign an application.,https://github.com/github/dmca/blob/master/2015/2015-07-06-jetbrains.md; https://github.com/adhikariaman01/Jetbrains-IntelliJ-IDEA-Key-Generator,true
lineage_aditeyapatakoti_pikagen,,,,,,unresolved,0,,,{},Evidence is too generic to assign an application.,https://github.com/github/dmca/blob/master/2023/10/2023-10-12-discord.md; https://github.com/aditeyapatakoti/PikaGen,true
lineage_aditya76-webdev_golangbooks,,,,,,unresolved,0,,,{},Evidence is too generic to assign an application.,https://github.com/github/dmca/blob/master/2025/05/2025-05-29-packt.md; https://github.com/aditya76-webdev/GoLangBooks,true
lineage_adoniss-m_nitro-gen,,,,,,unresolved,0,,,{},Evidence is too generic to assign an application.,https://github.com/github/dmca/blob/master/2023/10/2023-10-12-discord.md; https://github.com/Adoniss-M/nitro-gen,true
lineage_adrianaescobar_golangbooks,,,,,,unresolved,0,,,{},Evidence is too generic to assign an application.,https://github.com/github/dmca/blob/master/2025/05/2025-05-29-packt.md; https://github.com/AdrianaEscobar/GoLangBooks,true
lineage_adrianharris96_divergence_pipeline,,,,,,unresolved,0,,,{},Evidence is too generic to assign an application.,https://github.com/github/dmca/blob/master/2026/03/2026-03-31-uk-biobank-2.md; https://github.com/AdrianHarris96/Divergence_Pipeline/blob/758d336da1634ec64f7ab6f6edea292ec9cdc7c1/randomized_pop_iids.csv; https://github.com/AdrianHarris96/Divergence_Pipeline,true
lineage_aiai97_golangbooks,,,,,,unresolved,0,,,{},Evidence is too generic to assign an application.,https://github.com/github/dmca/blob/master/2025/05/2025-05-29-packt.md; https://github.com/aiai97/GoLangBooks,true
lineage_aiden-li-2000_golangbooks,,,,,,unresolved,0,,,{},Evidence is too generic to assign an application.,https://github.com/github/dmca/blob/master/2025/05/2025-05-29-packt.md; https://github.com/aiden-li-2000/GoLangBooks,true
lineage_aishaalsuwaidi_genetic-annotation-aware-dimensionality-reduction-in-uk-biobank,,,,,,unresolved,0,,,{},Evidence is too generic to assign an application.,https://github.com/github/dmca/blob/master/2025/10/2025-10-17-uk-biobank-3.md; https://github.com/AishaAlsuwaidi/Genetic-annotation-aware-dimensionality-reduction-in-UK-Biobank/blob/main/Paper%20Results.ipynb; https://github.com/AishaAlsuwaidi/Genetic-annotation-aware-dimensionality-reduction-in-UK-Biobank,true
lineage_aitoroses_jetbrainspatchkeygen,,,,,,unresolved,0,,,{},Evidence is too generic to assign an application.,https://github.com/github/dmca/blob/master/2015/2015-07-06-jetbrains.md; https://github.com/aitoroses/JetbrainsPatchKeygen,true
lineage_ajaysingh77_golangbooks,,,,,,unresolved,0,,,{},Evidence is too generic to assign an application.,https://github.com/github/dmca/blob/master/2025/05/2025-05-29-packt.md; https://github.com/ajaysingh77/GoLangBooks,true
lineage_ajpag_ukb-brain-symptoms-clustering,,,,,,unresolved,0,,,{},Evidence is too generic to assign an application.,https://github.com/github/dmca/blob/master/2025/10/2025-10-07-uk-biobank.md; https://github.com/ajpag/ukb-brain-symptoms-clustering/blob/1ccf51fd7b853704b73db661426f5c56b991174c/ml_javicols/3.3_binary_model.ipynb; https://github.com/ajpag/ukb-brain-symptoms-clustering; https://github.com/github/dmca/blob/master/2025/10/2025-10-07-uk-biobank.md; https://github.com/ajpag/ukb-brain-symptoms-clustering/blob/1ccf51fd7b853704b73db661426f5c56b991174c/data_cleaning_brain/1.20_data_col_filter_whole.ipynb; https://github.com/ajpag/ukb-brain-symptoms-clustering; https://github.com/github/dmca/blob/master/2025/10/2025-10-07-uk-biobank.md; https://github.com/ajpag/ukb-brain-symptoms-clustering/blob/9a7cc1a7ea7df77a210ccc6167a01cf47bd3de4f/ml_kwanbocols/Biobank_data_analysis_predict.ipynb; https://github.com/ajpag/ukb-brain-symptoms-clustering; https://github.com/github/dmca/blob/master/2025/10/2025-10-07-uk-biobank.md; https://github.com/ajpag/ukb-brain-symptoms-clustering/blob/1ccf51fd7b853704b73db661426f5c56b991174c/ml_javicols/3.2_multi_model.ipynb; https://github.com/ajpag/ukb-brain-symptoms-clustering; https://github.com/github/dmca/blob/master/2025/10/2025-10-07-uk-biobank.md; https://github.com/ajpag/ukb-brain-symptoms-clustering/blob/1ccf51fd7b853704b73db661426f5c56b991174c/data_cleaning_javicol/1.20_data_col_filter_whole-Copy1.ipynb; https://github.com/ajpag/ukb-brain-symptoms-clustering; https://github.com/github/dmca/blob/master/2025/10/2025-10-07-uk-biobank.md; https://github.com/ajpag/ukb-brain-symptoms-clustering/blob/1ccf51fd7b853704b73db661426f5c56b991174c/data_cleaning_javicol/1.21_data_correlation_filter_whole.ipynb; https://github.com/ajpag/ukb-brain-symptoms-clustering; https://github.com/github/dmca/blob/master/2025/10/2025-10-07-uk-biobank.md; https://github.com/ajpag/ukb-brain-symptoms-clustering/blob/1ccf51fd7b853704b73db661426f5c56b991174c/data_cleaning_andcol/1.2_data_col_filter_whole.ipynb; https://github.com/ajpag/ukb-brain-symptoms-clustering; https://github.com/github/dmca/blob/master/2025/10/2025-10-07-uk-biobank.md; https://github.com/ajpag/ukb-brain-symptoms-clustering/blob/1ccf51fd7b853704b73db661426f5c56b991174c/data_cleaning_javicol/1.1_data_col_filter_patch_test.ipynb; https://github.com/ajpag/ukb-brain-symptoms-clustering; https://github.com/github/dmca/blob/master/2025/10/2025-10-07-uk-biobank.md; https://github.com/ajpag/ukb-brain-symptoms-clustering/blob/1ccf51fd7b853704b73db661426f5c56b991174c/data_cleaning_andcol/1.1_data_col_filter_patch_test.ipynb; https://github.com/ajpag/ukb-brain-symptoms-clustering; https://github.com/github/dmca/blob/master/2025/10/2025-10-07-uk-biobank.md; https://github.com/ajpag/ukb-brain-symptoms-clustering/blob/1ccf51fd7b853704b73db661426f5c56b991174c/data_cleaning_javicol/1.40_data_1yr_whole.ipynb; https://github.com/ajpag/ukb-brain-symptoms-clustering; https://github.com/github/dmca/blob/master/2025/10/2025-10-07-uk-biobank.md; https://github.com/ajpag/ukb-brain-symptoms-clustering/blob/1ccf51fd7b853704b73db661426f5c56b991174c/data_cleaning_javicol/1.41_data_correlation_1yr_whole.ipynb; https://github.com/ajpag/ukb-brain-symptoms-clustering; https://github.com/github/dmca/blob/master/2025/10/2025-10-07-uk-biobank.md; https://github.com/ajpag/ukb-brain-symptoms-clustering/blob/a093666c6b07a4da5b2249bfac508d6dc43b3fbb/5_data_cleaning_comp/1.2_data_1yr_whole.ipynb; https://github.com/ajpag/ukb-brain-symptoms-clustering; https://github.com/github/dmca/blob/master/2025/10/2025-10-07-uk-biobank.md; https://github.com/ajpag/ukb-brain-symptoms-clustering/blob/1ccf51fd7b853704b73db661426f5c56b991174c/ml_javicols/3.1_clus_model_grid.ipynb; https://github.com/ajpag/ukb-brain-symptoms-clustering; https://github.com/github/dmca/blob/master/2025/10/2025-10-07-uk-biobank.md; https://github.com/ajpag/ukb-brain-symptoms-clustering/blob/1ccf51fd7b853704b73db661426f5c56b991174c/ml_javicols/2.4_EDA_correlation_1yr.ipynb; https://github.com/ajpag/ukb-brain-symptoms-clustering; https://github.com/github/dmca/blob/master/2025/10/2025-10-07-uk-biobank.md; https://github.com/ajpag/ukb-brain-symptoms-clustering/blob/9a7cc1a7ea7df77a210ccc6167a01cf47bd3de4f/ml_kwanbocols/Biobank_data_analysis_clustering.ipynb; https://github.com/ajpag/ukb-brain-symptoms-clustering; https://github.com/github/dmca/blob/master/2025/10/2025-10-07-uk-biobank.md; https://github.com/ajpag/ukb-brain-symptoms-clustering/blob/1ccf51fd7b853704b73db661426f5c56b991174c/data_cleaning_andcol/1.3_data_6mo_whole.ipynb; https://github.com/ajpag/ukb-brain-symptoms-clustering; https://github.com/github/dmca/blob/master/2025/10/2025-10-07-uk-biobank.md; https://github.com/ajpag/ukb-brain-symptoms-clustering/blob/1ccf51fd7b853704b73db661426f5c56b991174c/data_cleaning_javicol/1.3_data_6mo_whole.ipynb; https://github.com/ajpag/ukb-brain-symptoms-clustering; https://github.com/github/dmca/blob/master/2025/10/2025-10-07-uk-biobank.md; https://github.com/ajpag/ukb-brain-symptoms-clustering/blob/1ccf51fd7b853704b73db661426f5c56b991174c/data_cleaning_andcol/1.4_data_1yr_whole.ipynb; https://github.com/ajpag/ukb-brain-symptoms-clustering; https://github.com/github/dmca/blob/master/2025/10/2025-10-07-uk-biobank.md; https://github.com/ajpag/ukb-brain-symptoms-clustering/blob/1ccf51fd7b853704b73db661426f5c56b991174c/data_cleaning_brain/1.1_data_col_filter_patch_test.ipynb; https://github.com/ajpag/ukb-brain-symptoms-clustering; https://github.com/github/dmca/blob/master/2025/10/2025-10-07-uk-biobank.md; https://github.com/ajpag/ukb-brain-symptoms-clustering/blob/1ccf51fd7b853704b73db661426f5c56b991174c/ml_javicols/2.3_EDA_and_clean_1yr.ipynb; https://github.com/ajpag/ukb-brain-symptoms-clustering; https://github.com/github/dmca/blob/master/2025/10/2025-10-07-uk-biobank.md; https://github.com/ajpag/ukb-brain-symptoms-clustering/blob/1ccf51fd7b853704b73db661426f5c56b991174c/ml_javicols/2.2_EDA_6mo.ipynb; https://github.com/ajpag/ukb-brain-symptoms-clustering; https://github.com/github/dmca/blob/master/2025/10/2025-10-07-uk-biobank.md; https://github.com/ajpag/ukb-brain-symptoms-clustering/blob/1ccf51fd7b853704b73db661426f5c56b991174c/ml_andcols/2.2_EDA_6mo.ipynb; https://github.com/ajpag/ukb-brain-symptoms-clustering; https://github.com/github/dmca/blob/master/2025/10/2025-10-07-uk-biobank.md; https://github.com/ajpag/ukb-brain-symptoms-clustering/blob/a093666c6b07a4da5b2249bfac508d6dc43b3fbb/5_data_cleaning_comp/1.1_data_col_filter_whole.ipynb; https://github.com/ajpag/ukb-brain-symptoms-clustering; https://github.com/github/dmca/blob/master/2025/10/2025-10-07-uk-biobank.md; https://github.com/ajpag/ukb-brain-symptoms-clustering/blob/1ccf51fd7b853704b73db661426f5c56b991174c/ml_andcols/3.1_baseline_model.ipynb; https://github.com/ajpag/ukb-brain-symptoms-clustering; https://github.com/github/dmca/blob/master/2025/10/2025-10-07-uk-biobank.md; https://github.com/ajpag/ukb-brain-symptoms-clustering/blob/1ccf51fd7b853704b73db661426f5c56b991174c/ml_andcols/2.3_EDA_1yr.ipynb; https://github.com/ajpag/ukb-brain-symptoms-clustering,true
lineage_akumar261089_golangbooks,,,,,,unresolved,0,,,{},Evidence is too generic to assign an application.,https://github.com/github/dmca/blob/master/2025/05/2025-05-29-packt.md; https://github.com/akumar261089/GoLangBooks,true
lineage_alariver_golangbooks,,,,,,unresolved,0,,,{},Evidence is too generic to assign an application.,https://github.com/github/dmca/blob/master/2025/05/2025-05-29-packt.md; https://github.com/alariver/GoLangBooks,true
lineage_alatteaday_data2vec_bert_ukb,,,,,,unresolved,0,,,{},Evidence is too generic to assign an application.,https://github.com/github/dmca/blob/master/2025/10/2025-10-15-uk-biobank-7.md; https://github.com/alatteaday/data2vec_bert_ukb/blob/main/data/pre_train.csv; https://github.com/alatteaday/data2vec_bert_ukb; https://github.com/github/dmca/blob/master/2025/10/2025-10-15-uk-biobank-7.md; https://github.com/alatteaday/data2vec_bert_ukb/blob/main/data/pre_val.csv; https://github.com/alatteaday/data2vec_bert_ukb,true
lineage_albbaous_gwas_phenotype,,,,,,unresolved,0,,,{},Evidence is too generic to assign an application.,https://github.com/github/dmca/blob/master/2026/03/2026-03-25-uk-biobank-2.md; https://github.com/albbaous/GWAS_phenotype/blob/dfb5b2cf0b26a985ad6a003c861d05477502203a/ukb_phenotype_data.pheno; https://github.com/albbaous/GWAS_phenotype; https://github.com/github/dmca/blob/master/2026/03/2026-03-25-uk-biobank-2.md; https://github.com/albbaous/GWAS_phenotype/blob/d394d993c988333ead2d206e32744866a5bf547f/README.md; https://github.com/albbaous/GWAS_phenotype,true
lineage_alefejosefe1_cursodehtml5,,,,,,unresolved,0,,,{},Evidence is too generic to assign an application.,https://github.com/github/dmca/blob/master/2015/2015-07-06-jetbrains.md; https://github.com/alefejosefe1/CursoDeHTML5/blob/master/Licen%C3%A7as-php-storm8.txt; https://github.com/alefejosefe1/CursoDeHTML5,true
lineage_alenx_jetbrainspatchkeygen,,,,,,unresolved,0,,,{},Evidence is too generic to assign an application.,https://github.com/github/dmca/blob/master/2015/2015-07-06-jetbrains.md; https://github.com/alenX/JetbrainsPatchKeygen,true
lineage_alex-vungle_golangbooks,,,,,,unresolved,0,,,{},Evidence is too generic to assign an application.,https://github.com/github/dmca/blob/master/2025/05/2025-05-29-packt.md; https://github.com/alex-vungle/GoLangBooks,true
lineage_alex440440_intellij-idea-13-keygen,,,,,,unresolved,0,,,{},Evidence is too generic to assign an application.,https://github.com/github/dmca/blob/master/2015/2015-07-06-jetbrains.md; https://github.com/alex440440/IntelliJ-IDEA-13-keygen,true
lineage_alexandergarmash_intellij-idea-14-keygen,,,,,,unresolved,0,,,{},Evidence is too generic to assign an application.,https://github.com/github/dmca/blob/master/2015/2015-07-06-jetbrains.md; https://github.com/AlexanderGarmash/IntelliJ-IDEA-14-keygen,true
lineage_alexandergarmash_jetbrainspatchkeygen,,,,,,unresolved,0,,,{},Evidence is too generic to assign an application.,https://github.com/github/dmca/blob/master/2015/2015-07-06-jetbrains.md; https://github.com/AlexanderGarmash/JetbrainsPatchKeygen,true
lineage_alexandrbuvaev_golangbooks,,,,,,unresolved,0,,,{},Evidence is too generic to assign an application.,https://github.com/github/dmca/blob/master/2025/05/2025-05-29-packt.md; https://github.com/AlexandrBuvaev/GoLangBooks,true
lineage_alexbj86_golangbooks,,,,,,unresolved,0,,,{},Evidence is too generic to assign an application.,https://github.com/github/dmca/blob/master/2025/05/2025-05-29-packt.md; https://github.com/alexbj86/GoLangBooks,true
lineage_alexrogalskiy_golangbooks,,,,,,unresolved,0,,,{},Evidence is too generic to assign an application.,https://github.com/github/dmca/blob/master/2025/05/2025-05-29-packt.md; https://github.com/AlexRogalskiy/GoLangBooks,true
lineage_alexspiter_golangbooks,,,,,,unresolved,0,,,{},Evidence is too generic to assign an application.,https://github.com/github/dmca/blob/master/2025/05/2025-05-29-packt.md; https://github.com/alexspiter/GoLangBooks,true
lineage_alexwjung_cancerrisk,,,,,,unresolved,0,,,{},Evidence is too generic to assign an application.,https://github.com/github/dmca/blob/master/2025/11/2025-11-25-uk-biobank-6.md; https://github.com/alexwjung/CancerRisk/blob/0f496ae2aaf37d17ee81fb60746cc354ee2e4567/main/UKB/scripts/00_dcode_frequency.py; https://github.com/alexwjung/CancerRisk; https://github.com/github/dmca/blob/master/2025/11/2025-11-25-uk-biobank-6.md; https://github.com/alexwjung/CancerRisk/blob/0f496ae2aaf37d17ee81fb60746cc354ee2e4567/main/UKB/scripts/00_ukb_pred.py; https://github.com/alexwjung/CancerRisk; https://github.com/github/dmca/blob/master/2025/11/2025-11-25-uk-biobank-6.md; https://github.com/alexwjung/CancerRisk/blob/d89f782a20acc8a80b60ba5b85f37269bf2b0228/main/UKB/scripts/00_qrisk_pred.py; https://github.com/alexwjung/CancerRisk,true
lineage_alhifnywahid_font-awesome-pro,,,,,,unresolved,0,,,{},Evidence is too generic to assign an application.,https://github.com/github/dmca/blob/master/2024/05/2024-05-21-fonticons.md; https://github.com/alhifnywahid/font-awesome-pro,true
lineage_alikazai_golangbooks,,,,,,unresolved,0,,,{},Evidence is too generic to assign an application.,https://github.com/github/dmca/blob/master/2025/05/2025-05-29-packt.md; https://github.com/alikazai/GoLangBooks,true
lineage_alimnastaev_golangbooks,,,,,,unresolved,0,,,{},Evidence is too generic to assign an application.,https://github.com/github/dmca/blob/master/2025/05/2025-05-29-packt.md; https://github.com/alimnastaev/GoLangBooks,true
lineage_aliozgur_golangbooks,,,,,,unresolved,0,,,{},Evidence is too generic to assign an application.,https://github.com/github/dmca/blob/master/2025/05/2025-05-29-packt.md; https://github.com/aliozgur/GoLangBooks,true
lineage_alirezashli_golangbooks,,,,,,unresolved,0,,,{},Evidence is too generic to assign an application.,https://github.com/github/dmca/blob/master/2025/05/2025-05-29-packt.md; https://github.com/alirezashli/GoLangBooks,true
lineage_allengaller_jetbrainspatchkeygen,,,,,,unresolved,0,,,{},Evidence is too generic to assign an application.,https://github.com/github/dmca/blob/master/2015/2015-07-06-jetbrains.md; https://github.com/allengaller/JetbrainsPatchKeygen,true
lineage_alperbek_golangbooks,,,,,,unresolved,0,,,{},Evidence is too generic to assign an application.,https://github.com/github/dmca/blob/master/2025/05/2025-05-29-packt.md; https://github.com/alperbek/GoLangBooks,true
lineage_alpheromondi_golangbooks,,,,,,unresolved,0,,,{},Evidence is too generic to assign an application.,https://github.com/github/dmca/blob/master/2025/05/2025-05-29-packt.md; https://github.com/AlpherOmondi/GoLangBooks,true
lineage_alsherif-khalaf_golangbooks,,,,,,unresolved,0,,,{},Evidence is too generic to assign an application.,https://github.com/github/dmca/blob/master/2025/05/2025-05-29-packt.md; https://github.com/alsherif-khalaf/GoLangBooks,true
lineage_alsnow_learnnote,,,,,,unresolved,0,,,{},Evidence is too generic to assign an application.,https://github.com/github/dmca/blob/master/2015/2015-07-06-jetbrains.md; https://github.com/AlSnow/LearnNote/blob/master/%E5%B8%B8%E7%94%A8%E7%9A%84%E6%93%8D%E4%BD%9C.txt; https://github.com/AlSnow/LearnNote,true
lineage_alvinchiou_jetbrainspatchkeygen,,,,,,unresolved,0,,,{},Evidence is too generic to assign an application.,https://github.com/github/dmca/blob/master/2015/2015-07-06-jetbrains.md; https://github.com/AlvinChiou/JetbrainsPatchKeygen,true
lineage_am-523_yang,,,,,,unresolved,0,,,{},Evidence is too generic to assign an application.,https://github.com/github/dmca/blob/master/2023/10/2023-10-12-discord.md; https://github.com/am-523/YANG,true
lineage_am-ylm_golangbooks,,,,,,unresolved,0,,,{},Evidence is too generic to assign an application.,https://github.com/github/dmca/blob/master/2025/05/2025-05-29-packt.md; https://github.com/am-ylm/GoLangBooks,true
lineage_amadu80_intellij-idea-14-keygen,,,,,,unresolved,0,,,{},Evidence is too generic to assign an application.,https://github.com/github/dmca/blob/master/2015/2015-07-06-jetbrains.md; https://github.com/amadu80/IntelliJ-IDEA-14-keygen,true
lineage_aman09072000_golangbooks,,,,,,unresolved,0,,,{},Evidence is too generic to assign an application.,https://github.com/github/dmca/blob/master/2025/05/2025-05-29-packt.md; https://github.com/Aman09072000/GoLangBooks,true
lineage_amb-rose_golangbooks,,,,,,unresolved,0,,,{},Evidence is too generic to assign an application.,https://github.com/github/dmca/blob/master/2025/05/2025-05-29-packt.md; https://github.com/amb-rose/GoLangBooks,true
lineage_amirylm_golangbooks,,,,,,unresolved,0,,,{},Evidence is too generic to assign an application.,https://github.com/github/dmca/blob/master/2025/05/2025-05-29-packt.md; https://github.com/amirylm/GoLangBooks,true
lineage_amit352_jetbrains-intellij-idea-key-generator,,,,,,unresolved,0,,,{},Evidence is too generic to assign an application.,https://github.com/github/dmca/blob/master/2015/2015-07-06-jetbrains.md; https://github.com/amit352/Jetbrains-IntelliJ-IDEA-Key-Generator,true
lineage_amitroushan_golangbooks,,,,,,unresolved,0,,,{},Evidence is too generic to assign an application.,https://github.com/github/dmca/blob/master/2025/05/2025-05-29-packt.md; https://github.com/AmitRoushan/GoLangBooks,true
lineage_anasancho_golangbooks,,,,,,unresolved,0,,,{},Evidence is too generic to assign an application.,https://github.com/github/dmca/blob/master/2025/05/2025-05-29-packt.md; https://github.com/anasancho/GoLangBooks,true
lineage_anderlew_jetbrainspatchkeygen,,,,,,unresolved,0,,,{},Evidence is too generic to assign an application.,https://github.com/github/dmca/blob/master/2015/2015-07-06-jetbrains.md; https://github.com/anderlew/JetbrainsPatchKeygen,true
lineage_andrewpedia_golangbooks,,,,,,unresolved,0,,,{},Evidence is too generic to assign an application.,https://github.com/github/dmca/blob/master/2025/05/2025-05-29-packt.md; https://github.com/andrewpedia/GoLangBooks,true
lineage_anggastika_golangbooks,,,,,,unresolved,0,,,{},Evidence is too generic to assign an application.,https://github.com/github/dmca/blob/master/2025/05/2025-05-29-packt.md; https://github.com/anggastika/GoLangBooks,true
lineage_anirudhj05_keloids_clustering,,,,,,unresolved,0,,,{},Evidence is too generic to assign an application.,https://github.com/github/dmca/blob/master/2026/04/2026-04-01-uk-biobank-2.md; https://github.com/anirudhj05/Keloids_Clustering/blob/95ff5dd9a451184cd830fd42962ff78a51dcc0a7/fixed_dataset.csv; https://github.com/anirudhj05/Keloids_Clustering; https://github.com/github/dmca/blob/master/2026/04/2026-04-01-uk-biobank-2.md; https://github.com/anirudhj05/Keloids_Clustering/blob/fe7688b0fe31e56f93a82bc860c727095cfa2639/Keloid_Clustering.ipynb; https://github.com/anirudhj05/Keloids_Clustering,true
lineage_ankerlee_blog,,,,,,unresolved,0,,,{},Evidence is too generic to assign an application.,https://github.com/github/dmca/blob/master/2015/2015-07-06-jetbrains.md; https://github.com/ankerlee/blog/blob/master/presource/Pycharm%204%E6%B3%A8%E5%86%8C%E7%A0%81.md; https://github.com/ankerlee/blog,true
lineage_anlt149_golangbooks,,,,,,unresolved,0,,,{},Evidence is too generic to assign an application.,https://github.com/github/dmca/blob/master/2025/05/2025-05-29-packt.md; https://github.com/anlt149/GoLangBooks,true
lineage_annax3_golangbooks,,,,,,unresolved,0,,,{},Evidence is too generic to assign an application.,https://github.com/github/dmca/blob/master/2025/05/2025-05-29-packt.md; https://github.com/annax3/GoLangBooks,true
lineage_anoniex_discordnitrosniper,,,,,,unresolved,0,,,{},Evidence is too generic to assign an application.,https://github.com/github/dmca/blob/master/2023/10/2023-10-12-discord.md; https://github.com/anonieX/discordNitroSniper,true
lineage_anooshaaviligonda_golangbooks,,,,,,unresolved,0,,,{},Evidence is too generic to assign an application.,https://github.com/github/dmca/blob/master/2025/05/2025-05-29-packt.md; https://github.com/AnooshaAviligonda/GoLangBooks,true
lineage_anselal_jetbrains-intellij-idea-key-generator,,,,,,unresolved,0,,,{},Evidence is too generic to assign an application.,https://github.com/github/dmca/blob/master/2015/2015-07-06-jetbrains.md; https://github.com/anselal/Jetbrains-IntelliJ-IDEA-Key-Generator,true
lineage_antoniomerkulov_intellij-idea-14-keygen,,,,,,unresolved,0,,,{},Evidence is too generic to assign an application.,https://github.com/github/dmca/blob/master/2015/2015-07-06-jetbrains.md; https://github.com/antonioMerkulov/IntelliJ-IDEA-14-keygen,true
lineage_antonwallace_font-awesome-pro,,,,,,unresolved,0,,,{},Evidence is too generic to assign an application.,https://github.com/github/dmca/blob/master/2024/05/2024-05-21-fonticons.md; https://github.com/antonwallace/font-awesome-pro,true
lineage_anyajacobs_ukbiobank,,,,,,unresolved,0,,,{},Evidence is too generic to assign an application.,https://github.com/github/dmca/blob/master/2025/11/2025-11-13-uk-biobank-6.md; https://github.com/anyajacobs/UKBiobank/blob/894734f006b1ff92e2ebc0b65c98f15882765f2f/2_matching.R; https://github.com/anyajacobs/UKBiobank,true
lineage_anyalasagne1_ukbiobank,,,,,,unresolved,0,,,{},Evidence is too generic to assign an application.,https://github.com/github/dmca/blob/master/2025/11/2025-11-13-uk-biobank-6.md; https://github.com/anyalasagne1/UKBiobank/blob/894734f006b1ff92e2ebc0b65c98f15882765f2f/2_matching.R; https://github.com/anyalasagne1/UKBiobank,true
lineage_anykeyguru_golangbooks,,,,,,unresolved,0,,,{},Evidence is too generic to assign an application.,https://github.com/github/dmca/blob/master/2025/05/2025-05-29-packt.md; https://github.com/anykeyguru/GoLangBooks,true
lineage_apanisile_golangbooks,,,,,,unresolved,0,,,{},Evidence is too generic to assign an application.,https://github.com/github/dmca/blob/master/2025/05/2025-05-29-packt.md; https://github.com/apanisile/GoLangBooks,true
lineage_apostolos00tapsas_bio-machinelearning,,,,,,unresolved,0,,,{},Evidence is too generic to assign an application.,https://github.com/github/dmca/blob/master/2026/03/2026-03-27-uk-biobank-6.md; https://github.com/Apostolos00tapsas/bio-machinelearning/blob/1f7d8b3a0a621f27719ae525fbfb7f43467fed19/Dataset/Dataset.xlsx; https://github.com/Apostolos00tapsas/bio-machinelearning; https://github.com/github/dmca/blob/master/2026/03/2026-03-27-uk-biobank-6.md; https://github.com/Apostolos00tapsas/bio-machinelearning/blob/310a85dd216ae8ea1bada703307855eb6e7ca7f8/Dataset/Phenotypic_dataset.xlsx; https://github.com/Apostolos00tapsas/bio-machinelearning,true
lineage_appenigma_golangbooks,,,,,,unresolved,0,,,{},Evidence is too generic to assign an application.,https://github.com/github/dmca/blob/master/2025/05/2025-05-29-packt.md; https://github.com/appEnigma/GoLangBooks,true
lineage_aqsajimmy_font-awesome-pro,,,,,,unresolved,0,,,{},Evidence is too generic to assign an application.,https://github.com/github/dmca/blob/master/2024/05/2024-05-21-fonticons.md; https://github.com/aqsajimmy/font-awesome-pro,true
lineage_aquar25_jetbrains-intellij-idea-key-generator,,,,,,unresolved,0,,,{},Evidence is too generic to assign an application.,https://github.com/github/dmca/blob/master/2015/2015-07-06-jetbrains.md; https://github.com/aquar25/Jetbrains-IntelliJ-IDEA-Key-Generator,true
lineage_ar-puuk_font-awesome-pro,,,,,,unresolved,0,,,{},Evidence is too generic to assign an application.,https://github.com/github/dmca/blob/master/2024/05/2024-05-21-fonticons.md; https://github.com/ar-puuk/font-awesome-pro,true
lineage_aravindkumarjoshi_golangbooks,,,,,,unresolved,0,,,{},Evidence is too generic to assign an application.,https://github.com/github/dmca/blob/master/2025/05/2025-05-29-packt.md; https://github.com/AravindKumarjoshi/GoLangBooks,true
lineage_archill11_golangbooks,,,,,,unresolved,0,,,{},Evidence is too generic to assign an application.,https://github.com/github/dmca/blob/master/2025/05/2025-05-29-packt.md; https://github.com/archill11/GoLangBooks,true
lineage_arieswang_jetbrainspatchkeygen,,,,,,unresolved,0,,,{},Evidence is too generic to assign an application.,https://github.com/github/dmca/blob/master/2015/2015-07-06-jetbrains.md; https://github.com/AriesWang/JetbrainsPatchKeygen,true
lineage_arif18bari_golangbooks,,,,,,unresolved,0,,,{},Evidence is too generic to assign an application.,https://github.com/github/dmca/blob/master/2025/05/2025-05-29-packt.md; https://github.com/arif18bari/GoLangBooks,true
lineage_arnoldzyf_congele_msc,,,,,,unresolved,0,,,{},Evidence is too generic to assign an application.,https://github.com/github/dmca/blob/master/2026/04/2026-04-01-uk-biobank-4.md; https://github.com/Arnoldzyf/ConGele_MSc; https://github.com/github/dmca/blob/master/2026/04/2026-04-01-uk-biobank-4.md; https://github.com/Arnoldzyf/ConGele_MSc/blob/a05483ef3f29062b0fddb535f724e49ab4b8359b/data_info/T1_MNI_20252_2_0/T1_MNI_20252_2_0.csv; https://github.com/Arnoldzyf/ConGele_MSc; https://github.com/github/dmca/blob/master/2026/04/2026-04-01-uk-biobank-4.md; https://github.com/Arnoldzyf/ConGele_MSc/blob/a05483ef3f29062b0fddb535f724e49ab4b8359b/data_info/T1_MNI_20252_2_0/data_info.csv; https://github.com/Arnoldzyf/ConGele_MSc; https://github.com/github/dmca/blob/master/2026/04/2026-04-01-uk-biobank-4.md; https://github.com/Arnoldzyf/ConGele_MSc/blob/a05483ef3f29062b0fddb535f724e49ab4b8359b/data_info/T1_MNI_20252_2_0.csv; https://github.com/Arnoldzyf/ConGele_MSc; https://github.com/github/dmca/blob/master/2026/04/2026-04-01-uk-biobank-4.md; https://github.com/Arnoldzyf/ConGele_MSc/blob/4cff97a0523c1ded4c0c860303031e9da3690782/data/T1_MNI_20252_2_0.csv; https://github.com/Arnoldzyf/ConGele_MSc; https://github.com/github/dmca/blob/master/2026/04/2026-04-01-uk-biobank-4.md; https://github.com/Arnoldzyf/ConGele_MSc/blob/7ff8fc85ca55fe15fd48c9536b1df63e78c457bc/temp/Data_info.csv; https://github.com/Arnoldzyf/ConGele_MSc; https://github.com/github/dmca/blob/master/2026/04/2026-04-01-uk-biobank-4.md; https://github.com/Arnoldzyf/ConGele_MSc/blob/a05483ef3f29062b0fddb535f724e49ab4b8359b/data_info/T1_MNI_20252_2_0/HC_info_2.csv; https://github.com/Arnoldzyf/ConGele_MSc; https://github.com/github/dmca/blob/master/2026/04/2026-04-01-uk-biobank-4.md; https://github.com/Arnoldzyf/ConGele_MSc/blob/6ae91ee4fea5663ec876bbb5a27436aaa6f6e66c/data_info/T1_MNI_20252_2_0/HC_info.csv; https://github.com/Arnoldzyf/ConGele_MSc; https://github.com/github/dmca/blob/master/2026/04/2026-04-01-uk-biobank-4.md; https://github.com/Arnoldzyf/ConGele_MSc/blob/a05483ef3f29062b0fddb535f724e49ab4b8359b/data_info/T1_MNI_20252_2_0/MDD_info_2.csv; https://github.com/Arnoldzyf/ConGele_MSc; https://github.com/github/dmca/blob/master/2026/04/2026-04-01-uk-biobank-4.md; https://github.com/Arnoldzyf/ConGele_MSc/blob/6ae91ee4fea5663ec876bbb5a27436aaa6f6e66c/data_info/T1_MNI_20252_2_0/MDD_info.csv; https://github.com/Arnoldzyf/ConGele_MSc; https://github.com/github/dmca/blob/master/2026/04/2026-04-01-uk-biobank-4.md; https://github.com/Arnoldzyf/ConGele_MSc/blob/d240104971ded94db5db14d8878bc6ba1b785597/data_info/T1_MNI_20252_2_0/HC_pred_age_6802.csv; https://github.com/Arnoldzyf/ConGele_MSc; https://github.com/github/dmca/blob/master/2026/04/2026-04-01-uk-biobank-4.md; https://github.com/Arnoldzyf/ConGele_MSc/blob/d240104971ded94db5db14d8878bc6ba1b785597/data_info/T1_MNI_20252_2_0/MDD_pred_age_2461.csv; https://github.com/Arnoldzyf/ConGele_MSc; https://github.com/github/dmca/blob/master/2026/04/2026-04-01-uk-biobank-4.md; https://github.com/Arnoldzyf/ConGele_MSc/blob/a05483ef3f29062b0fddb535f724e49ab4b8359b/data_info/T1_MNI_20252_2_0/all3_HC/bg_dataset_604.csv; https://github.com/Arnoldzyf/ConGele_MSc; https://github.com/github/dmca/blob/master/2026/04/2026-04-01-uk-biobank-4.md; https://github.com/Arnoldzyf/ConGele_MSc/blob/a05483ef3f29062b0fddb535f724e49ab4b8359b/data_info/T1_MNI_20252_2_0/all3_HC/tg_dataset_604.csv; https://github.com/Arnoldzyf/ConGele_MSc; https://github.com/github/dmca/blob/master/2026/04/2026-04-01-uk-biobank-4.md; https://github.com/Arnoldzyf/ConGele_MSc/blob/a05483ef3f29062b0fddb535f724e49ab4b8359b/data_info/T1_MNI_20252_2_0/MDD_HC/HC_dataset_567.csv; https://github.com/Arnoldzyf/ConGele_MSc; https://github.com/github/dmca/blob/master/2026/04/2026-04-01-uk-biobank-4.md; https://github.com/Arnoldzyf/ConGele_MSc/blob/a05483ef3f29062b0fddb535f724e49ab4b8359b/data_info/T1_MNI_20252_2_0/MDD_HC/MDD_dataset_567.csv; https://github.com/Arnoldzyf/ConGele_MSc; https://github.com/github/dmca/blob/master/2026/04/2026-04-01-uk-biobank-4.md; https://github.com/Arnoldzyf/ConGele_MSc/blob/6ae91ee4fea5663ec876bbb5a27436aaa6f6e66c/data_info/T1_MNI_20252_2_0/HC_dataset_567.csv; https://github.com/Arnoldzyf/ConGele_MSc; https://github.com/github/dmca/blob/master/2026/04/2026-04-01-uk-biobank-4.md; https://github.com/Arnoldzyf/ConGele_MSc/blob/6ae91ee4fea5663ec876bbb5a27436aaa6f6e66c/data_info/T1_MNI_20252_2_0/MDD_dataset_567.csv; https://github.com/Arnoldzyf/ConGele_MSc; https://github.com/github/dmca/blob/master/2026/04/2026-04-01-uk-biobank-4.md; https://github.com/Arnoldzyf/ConGele_MSc/blob/a05483ef3f29062b0fddb535f724e49ab4b8359b/Inference_brain_age.ipynb; https://github.com/Arnoldzyf/ConGele_MSc; https://github.com/github/dmca/blob/master/2026/04/2026-04-01-uk-biobank-4.md; https://github.com/Arnoldzyf/ConGele_MSc/blob/a05483ef3f29062b0fddb535f724e49ab4b8359b/data_info/T1_MNI_20252_2_0/diabetes_info.csv; https://github.com/Arnoldzyf/ConGele_MSc; https://github.com/github/dmca/blob/master/2026/04/2026-04-01-uk-biobank-4.md; https://github.com/Arnoldzyf/ConGele_MSc/blob/a05483ef3f29062b0fddb535f724e49ab4b8359b/data_info/T1_MNI_20252_2_0/diabetes_info_2.csv; https://github.com/Arnoldzyf/ConGele_MSc; https://github.com/github/dmca/blob/master/2026/04/2026-04-01-uk-biobank-4.md; https://github.com/Arnoldzyf/ConGele_MSc/blob/a05483ef3f29062b0fddb535f724e49ab4b8359b/UKBB_20252.ipynb; https://github.com/Arnoldzyf/ConGele_MSc; https://github.com/github/dmca/blob/master/2026/04/2026-04-01-uk-biobank-4.md; https://github.com/Arnoldzyf/ConGele_MSc/blob/a05483ef3f29062b0fddb535f724e49ab4b8359b/data_info/T1_MNI_20252_2_0/mdd_diabetes_info.csv; https://github.com/Arnoldzyf/ConGele_MSc; https://github.com/github/dmca/blob/master/2026/04/2026-04-01-uk-biobank-4.md; https://github.com/Arnoldzyf/ConGele_MSc/blob/a05483ef3f29062b0fddb535f724e49ab4b8359b/data_info/T1_MNI_20252_2_0/mdd_diabetes_info_2.csv; https://github.com/Arnoldzyf/ConGele_MSc; https://github.com/github/dmca/blob/master/2026/04/2026-04-01-uk-biobank-4.md; https://github.com/Arnoldzyf/ConGele_MSc/blob/91e01277184c5a439b6969dbee810fa1feb6e3f0/UKBB_test.ipynb; https://github.com/Arnoldzyf/ConGele_MSc; https://github.com/github/dmca/blob/master/2026/04/2026-04-01-uk-biobank-4.md; https://github.com/Arnoldzyf/ConGele_MSc/blob/37f0913ac82e816b3823137b7efd820f36fbbd95/R_mdd.ipynb; https://github.com/Arnoldzyf/ConGele_MSc,true
lineage_arpitbbhayani_scripts_and_snippets,,,,,,unresolved,0,,,{},Evidence is too generic to assign an application.,https://github.com/github/dmca/blob/master/2015/2015-07-06-jetbrains.md; https://github.com/arpitbbhayani/scripts_and_snippets/blob/master/install_node.js.txt; https://github.com/arpitbbhayani/scripts_and_snippets,true
lineage_arseanh_golangbooks,,,,,,unresolved,0,,,{},Evidence is too generic to assign an application.,https://github.com/github/dmca/blob/master/2025/05/2025-05-29-packt.md; https://github.com/arseanh/GoLangBooks,true
lineage_art-injener_golangbooks,,,,,,unresolved,0,,,{},Evidence is too generic to assign an application.,https://github.com/github/dmca/blob/master/2025/05/2025-05-29-packt.md; https://github.com/art-injener/GoLangBooks,true
lineage_articoff_nitrogen,,,,,,unresolved,0,,,{},Evidence is too generic to assign an application.,https://github.com/github/dmca/blob/master/2023/10/2023-10-12-discord.md; https://github.com/ArticOff/nitrogen,true
lineage_artyomdangizyan_jetbrainspatchkeygen,,,,,,unresolved,0,,,{},Evidence is too generic to assign an application.,https://github.com/github/dmca/blob/master/2015/2015-07-06-jetbrains.md; https://github.com/artyomdangizyan/JetbrainsPatchKeygen,true
lineage_aryacyber_golang-golangbooks,,,,,,unresolved,0,,,{},Evidence is too generic to assign an application.,https://github.com/github/dmca/blob/master/2025/05/2025-05-29-packt.md; https://github.com/aryacyber/golang-GoLangBooks,true
lineage_asamqi_jetbrainspatchkeygen,,,,,,unresolved,0,,,{},Evidence is too generic to assign an application.,https://github.com/github/dmca/blob/master/2015/2015-07-06-jetbrains.md; https://github.com/AsamQi/JetbrainsPatchKeygen,true
lineage_ashin2052_golangbooks,,,,,,unresolved,0,,,{},Evidence is too generic to assign an application.,https://github.com/github/dmca/blob/master/2025/05/2025-05-29-packt.md; https://github.com/Ashin2052/GoLangBooks,true
lineage_ashrafmajdee_font-awesome-pro,,,,,,unresolved,0,,,{},Evidence is too generic to assign an application.,https://github.com/github/dmca/blob/master/2024/05/2024-05-21-fonticons.md; https://github.com/ashrafmajdee/font-awesome-pro,true
lineage_ashwinas88_ukbb_gwas_dev,,,,,,unresolved,0,,,{},Evidence is too generic to assign an application.,https://github.com/github/dmca/blob/master/2025/08/2025-08-25-ukbiobank.md; https://github.com/ashwinas88/UKBB_GWAS_dev/blob/ef9969deb64a10116cfc1e41367e3030a705958e/analysis/AD_toy.ipynb; https://github.com/ashwinas88/UKBB_GWAS_dev; https://github.com/github/dmca/blob/master/2025/08/2025-08-25-ukbiobank.md; https://github.com/ashwinas88/UKBB_GWAS_dev/blob/966bb1fdafaab23e738f8654221a4cf755943c44/analysis/AD_toy.ipynb; https://github.com/ashwinas88/UKBB_GWAS_dev; https://github.com/github/dmca/blob/master/2025/08/2025-08-25-ukbiobank.md; https://github.com/ashwinas88/UKBB_GWAS_dev/blob/c11ef64dd311ba90958b43c4371fe31fb24e71c7/analysis/cluster_scripts/121521_blood_pressure_burden.ipynb; https://github.com/ashwinas88/UKBB_GWAS_dev; https://github.com/github/dmca/blob/master/2025/08/2025-08-25-ukbiobank.md; https://github.com/ashwinas88/UKBB_GWAS_dev/blob/d0adb27a2c621b982d3e31fe2349e6e1a5cf7662/analysis/cluster_scripts/121521_blood_pressure_burden.ipynb; https://github.com/ashwinas88/UKBB_GWAS_dev; https://github.com/github/dmca/blob/master/2025/08/2025-08-25-ukbiobank.md; https://github.com/ashwinas88/UKBB_GWAS_dev/blob/53d6f8ef549864bb58d9fafcaae059f0bba2c26b/analysis/cluster_scripts/121521_blood_pressure_burden.ipynb; https://github.com/ashwinas88/UKBB_GWAS_dev; https://github.com/github/dmca/blob/master/2025/08/2025-08-25-ukbiobank.md; https://github.com/ashwinas88/UKBB_GWAS_dev/blob/fd52218e1efae3fc8e798ca84b60b8f0935c3566/analysis/cluster_scripts/AD_scripts.ipynb; https://github.com/ashwinas88/UKBB_GWAS_dev; https://github.com/github/dmca/blob/master/2025/08/2025-08-25-ukbiobank.md; https://github.com/ashwinas88/UKBB_GWAS_dev/blob/2f49ad49367d202c4f41ab7d670ae7dd2d757709/analysis/cluster_scripts/AD_scripts.ipynb; https://github.com/ashwinas88/UKBB_GWAS_dev; https://github.com/github/dmca/blob/master/2025/08/2025-08-25-ukbiobank.md; https://github.com/ashwinas88/UKBB_GWAS_dev/blob/ed4d9516302e00d23fceec61dcc1d33613a0aedd/analysis/cluster_scripts/AD_scripts.ipynb; https://github.com/ashwinas88/UKBB_GWAS_dev; https://github.com/github/dmca/blob/master/2025/08/2025-08-25-ukbiobank.md; https://github.com/ashwinas88/UKBB_GWAS_dev/blob/f8f0c8c4c159c41ef012571362b5dda25abe5e00/analysis/cluster_scripts/AD_scripts.ipynb; https://github.com/ashwinas88/UKBB_GWAS_dev; https://github.com/github/dmca/blob/master/2025/08/2025-08-25-ukbiobank.md; https://github.com/ashwinas88/UKBB_GWAS_dev/blob/4cd0b25b6e19a4d6da2b8430d6ddd9a838bbf647/analysis/cluster_scripts/AD_scripts.ipynb; https://github.com/ashwinas88/UKBB_GWAS_dev; https://github.com/github/dmca/blob/master/2025/08/2025-08-25-ukbiobank.md; https://github.com/ashwinas88/UKBB_GWAS_dev/blob/038ceb300ddab187ebb943cd8ebc7e24d07c21de/analysis/cluster_scripts/AD_scripts.ipynb; https://github.com/ashwinas88/UKBB_GWAS_dev; https://github.com/github/dmca/blob/master/2025/08/2025-08-25-ukbiobank.md; https://github.com/ashwinas88/UKBB_GWAS_dev/blob/65634a1c2e1f2a9a15efa7b7847fb185c97432e8/analysis/cluster_scripts/EOHI_annotation.ipynb; https://github.com/ashwinas88/UKBB_GWAS_dev; https://github.com/github/dmca/blob/master/2025/08/2025-08-25-ukbiobank.md; https://github.com/ashwinas88/UKBB_GWAS_dev/blob/11edaf48daa57c85fc5af2aea5109d3675791196/analysis/cluster_scripts/EOHI_annotation.ipynb; https://github.com/ashwinas88/UKBB_GWAS_dev; https://github.com/github/dmca/blob/master/2025/08/2025-08-25-ukbiobank.md; https://github.com/ashwinas88/UKBB_GWAS_dev/blob/134e79bf218e25b1be883d6ba55ef8fed6d0c97a/analysis/cluster_scripts/EOHI_annotation.ipynb; https://github.com/ashwinas88/UKBB_GWAS_dev; https://github.com/github/dmca/blob/master/2025/08/2025-08-25-ukbiobank.md; https://github.com/ashwinas88/UKBB_GWAS_dev/blob/a27aa53630ec1e56730f015c348f7e4406befa7e/analysis/cluster_scripts/EOHI_annotation.ipynb; https://github.com/ashwinas88/UKBB_GWAS_dev; https://github.com/github/dmca/blob/master/2025/08/2025-08-25-ukbiobank.md; https://github.com/ashwinas88/UKBB_GWAS_dev/blob/64e4d9fa88d341404fe678caecd5dd6d5c481c53/analysis/cluster_scripts/EOHI_annotation.ipynb; https://github.com/ashwinas88/UKBB_GWAS_dev; https://github.com/github/dmca/blob/master/2025/08/2025-08-25-ukbiobank.md; https://github.com/ashwinas88/UKBB_GWAS_dev/blob/4a5de8dcdd8b95c142c922006fc65fb00a831f8a/analysis/cluster_scripts/EOHI_annotation.ipynb; https://github.com/ashwinas88/UKBB_GWAS_dev; https://github.com/github/dmca/blob/master/2025/08/2025-08-25-ukbiobank.md; https://github.com/ashwinas88/UKBB_GWAS_dev/blob/fd068699599f6162d700c323d07e4cf5e4e053d5/analysis/cluster_scripts/EOHI_annotation.ipynb; https://github.com/ashwinas88/UKBB_GWAS_dev; https://github.com/github/dmca/blob/master/2025/08/2025-08-25-ukbiobank.md; https://github.com/ashwinas88/UKBB_GWAS_dev/blob/ab878f4638dd61686a7a5a4307ea0a02b3326210/analysis/cluster_scripts/EOHI_annotation.ipynb; https://github.com/ashwinas88/UKBB_GWAS_dev; https://github.com/github/dmca/blob/master/2025/08/2025-08-25-ukbiobank.md; https://github.com/ashwinas88/UKBB_GWAS_dev/blob/be3c7aaa6dde211676969dd199a7b81b16b813c7/analysis/cluster_scripts/EOHI_annotation.ipynb; https://github.com/ashwinas88/UKBB_GWAS_dev; https://github.com/github/dmca/blob/master/2025/08/2025-08-25-ukbiobank.md; https://github.com/ashwinas88/UKBB_GWAS_dev/blob/b0b3b049f5a505a5d7b1e1d30a49d14182947b0e/analysis/cluster_scripts/EOHI_annotation.ipynb; https://github.com/ashwinas88/UKBB_GWAS_dev; https://github.com/github/dmca/blob/master/2025/08/2025-08-25-ukbiobank.md; https://github.com/ashwinas88/UKBB_GWAS_dev/blob/d105e58c8825b642789f494884204808f413a8ab/analysis/cluster_scripts/EOHI_annotation.ipynb; https://github.com/ashwinas88/UKBB_GWAS_dev; https://github.com/github/dmca/blob/master/2025/08/2025-08-25-ukbiobank.md; https://github.com/ashwinas88/UKBB_GWAS_dev/blob/7ba8f3e636ccd3065b7736e26b6820814dcba87e/analysis/cluster_scripts/EOHI_annotation.ipynb; https://github.com/ashwinas88/UKBB_GWAS_dev; https://github.com/github/dmca/blob/master/2025/08/2025-08-25-ukbiobank.md; https://github.com/ashwinas88/UKBB_GWAS_dev/blob/01c3ab5544913809e4a0581a7b3c4a9705e16c57/analysis/cluster_scripts/EOHI_annotation.ipynb; https://github.com/ashwinas88/UKBB_GWAS_dev; https://github.com/github/dmca/blob/master/2025/08/2025-08-25-ukbiobank.md; https://github.com/ashwinas88/UKBB_GWAS_dev/blob/fa8cfe226f976a6f0807eaf09ff0524451ddeea7/analysis/cluster_scripts/PCA_scripts.ipynb; https://github.com/ashwinas88/UKBB_GWAS_dev; https://github.com/github/dmca/blob/master/2025/08/2025-08-25-ukbiobank.md; https://github.com/ashwinas88/UKBB_GWAS_dev/blob/f7d02df395baa88462d958970ff0e0802f534b6b/analysis/cluster_scripts/PCA_scripts.ipynb; https://github.com/ashwinas88/UKBB_GWAS_dev; https://github.com/github/dmca/blob/master/2025/08/2025-08-25-ukbiobank.md; https://github.com/ashwinas88/UKBB_GWAS_dev/blob/c11ef64dd311ba90958b43c4371fe31fb24e71c7/analysis/cluster_scripts/PCA_scripts.ipynb; https://github.com/ashwinas88/UKBB_GWAS_dev; https://github.com/github/dmca/blob/master/2025/08/2025-08-25-ukbiobank.md; https://github.com/ashwinas88/UKBB_GWAS_dev/blob/90db1470c3d0db09739ce5e046693bb36356cfe2/analysis/cluster_scripts/PCA_scripts.ipynb; https://github.com/ashwinas88/UKBB_GWAS_dev; https://github.com/github/dmca/blob/master/2025/08/2025-08-25-ukbiobank.md; https://github.com/ashwinas88/UKBB_GWAS_dev/blob/1035ad4d26f7177d8da755eaec56d4963c63ff86/analysis/cluster_scripts/PCA_scripts.ipynb; https://github.com/ashwinas88/UKBB_GWAS_dev; https://github.com/github/dmca/blob/master/2025/08/2025-08-25-ukbiobank.md; https://github.com/ashwinas88/UKBB_GWAS_dev/blob/db407c4fd9e1d3cabc9e3f81001c6bc8c434169e/analysis/cluster_scripts/PCA_scripts.ipynb; https://github.com/ashwinas88/UKBB_GWAS_dev; https://github.com/github/dmca/blob/master/2025/08/2025-08-25-ukbiobank.md; https://github.com/ashwinas88/UKBB_GWAS_dev/blob/365080906a6724c91dd91883eff0443859396e15/analysis/exclusion_criteria_sample.ipynb; https://github.com/ashwinas88/UKBB_GWAS_dev; https://github.com/github/dmca/blob/master/2025/08/2025-08-25-ukbiobank.md; https://github.com/ashwinas88/UKBB_GWAS_dev/blob/97639e45d626734629c7cfe066c7bec2eaa27c68/analysis/exclusion_criteria_sample.ipynb; https://github.com/ashwinas88/UKBB_GWAS_dev; https://github.com/github/dmca/blob/master/2025/08/2025-08-25-ukbiobank.md; https://github.com/ashwinas88/UKBB_GWAS_dev/blob/bf4c012a04aa2edbd7634226a7cf73694bf1e785/analysis/Hearing_difficulty.ipynb; https://github.com/ashwinas88/UKBB_GWAS_dev; https://github.com/github/dmca/blob/master/2025/08/2025-08-25-ukbiobank.md; https://github.com/ashwinas88/UKBB_GWAS_dev/blob/759406ce600644124702c9c0cd9ad07436c883b2/analysis/Hearing_phenotype.ipynb; https://github.com/ashwinas88/UKBB_GWAS_dev; https://github.com/github/dmca/blob/master/2025/08/2025-08-25-ukbiobank.md; https://github.com/ashwinas88/UKBB_GWAS_dev/blob/9f926f2a1ec482aa1fada2ecc8de476b50fc02f1/analysis/Hearing_phenotype.ipynb; https://github.com/ashwinas88/UKBB_GWAS_dev; https://github.com/github/dmca/blob/master/2025/08/2025-08-25-ukbiobank.md; https://github.com/ashwinas88/UKBB_GWAS_dev/blob/b5fb01b290a451c56b531bc2b36f813db58513b2/analysis/Hearing_phenotype.ipynb; https://github.com/ashwinas88/UKBB_GWAS_dev; https://github.com/github/dmca/blob/master/2025/08/2025-08-25-ukbiobank.md; https://github.com/ashwinas88/UKBB_GWAS_dev/blob/87ed42ddb44c9898464f9b34cf1e18a7c8e66ce9/analysis/Hearing_phenotype.ipynb; https://github.com/ashwinas88/UKBB_GWAS_dev; https://github.com/github/dmca/blob/master/2025/08/2025-08-25-ukbiobank.md; https://github.com/ashwinas88/UKBB_GWAS_dev/blob/ccb2c928f9109c1755eae33e363677b44f994cae/analysis/Hearing_phenotype.ipynb; https://github.com/ashwinas88/UKBB_GWAS_dev; https://github.com/github/dmca/blob/master/2025/08/2025-08-25-ukbiobank.md; https://github.com/ashwinas88/UKBB_GWAS_dev/blob/e5d70de844bc5e333451258ca5490973e19c845e/analysis/Hearing_phenotype.ipynb; https://github.com/ashwinas88/UKBB_GWAS_dev; https://github.com/github/dmca/blob/master/2025/08/2025-08-25-ukbiobank.md; https://github.com/ashwinas88/UKBB_GWAS_dev/blob/640b0c1a643aa094b2f7b8e4b34ab2e7b679f946/analysis/Hearing_phenotype.ipynb; https://github.com/ashwinas88/UKBB_GWAS_dev; https://github.com/github/dmca/blob/master/2025/08/2025-08-25-ukbiobank.md; https://github.com/ashwinas88/UKBB_GWAS_dev/blob/4825b9c483f2d11d7e8787cb6410d34fb6158d85/analysis/Hearing_phenotype.ipynb; https://github.com/ashwinas88/UKBB_GWAS_dev; https://github.com/github/dmca/blob/master/2025/08/2025-08-25-ukbiobank.md; https://github.com/ashwinas88/UKBB_GWAS_dev/blob/ab96228a871cf9b91cc49672ed57118deb094485/analysis/Hearing_phenotype.ipynb; https://github.com/ashwinas88/UKBB_GWAS_dev; https://github.com/github/dmca/blob/master/2025/08/2025-08-25-ukbiobank.md; https://github.com/ashwinas88/UKBB_GWAS_dev/blob/84e1af529b159920f8edf4cb0c506177069c8ac5/analysis/Hearing_phenotype.ipynb; https://github.com/ashwinas88/UKBB_GWAS_dev; https://github.com/github/dmca/blob/master/2025/08/2025-08-25-ukbiobank.md; https://github.com/ashwinas88/UKBB_GWAS_dev/blob/365080906a6724c91dd91883eff0443859396e15/analysis/HI_allwhites.ipynb; https://github.com/ashwinas88/UKBB_GWAS_dev; https://github.com/github/dmca/blob/master/2025/08/2025-08-25-ukbiobank.md; https://github.com/ashwinas88/UKBB_GWAS_dev/blob/97639e45d626734629c7cfe066c7bec2eaa27c68/analysis/HI_allwhites.ipynb; https://github.com/ashwinas88/UKBB_GWAS_dev; https://github.com/github/dmca/blob/master/2025/08/2025-08-25-ukbiobank.md; https://github.com/ashwinas88/UKBB_GWAS_dev/blob/6402aefbed9f0d983582b9b417ef6754af8baf21/analysis/HI_phenotypes.ipynb; https://github.com/ashwinas88/UKBB_GWAS_dev; https://github.com/github/dmca/blob/master/2025/08/2025-08-25-ukbiobank.md; https://github.com/ashwinas88/UKBB_GWAS_dev/blob/fd3a3db405f7e835881efaca273401b0c0afc899/analysis/HI_phenotypes.ipynb; https://github.com/ashwinas88/UKBB_GWAS_dev; https://github.com/github/dmca/blob/master/2025/08/2025-08-25-ukbiobank.md; https://github.com/ashwinas88/UKBB_GWAS_dev/blob/fd794ee2b82e773542d811d43bf21f200fb4c0c9/analysis/HI_phenotypes.ipynb; https://github.com/ashwinas88/UKBB_GWAS_dev; https://github.com/github/dmca/blob/master/2025/08/2025-08-25-ukbiobank.md; https://github.com/ashwinas88/UKBB_GWAS_dev/blob/6285741ef020ec48371428e879cab3d50e25159b/analysis/HI_phenotypes.ipynb; https://github.com/ashwinas88/UKBB_GWAS_dev; https://github.com/github/dmca/blob/master/2025/08/2025-08-25-ukbiobank.md; https://github.com/ashwinas88/UKBB_GWAS_dev/blob/3d867e555b00bb5a2caaa63515bb6e8d24f499e9/analysis/HI_phenotypes.ipynb; https://github.com/ashwinas88/UKBB_GWAS_dev; https://github.com/github/dmca/blob/master/2025/08/2025-08-25-ukbiobank.md; https://github.com/ashwinas88/UKBB_GWAS_dev/blob/8d1a3e88a9d090262537c8eac19626d2db5a2fcd/analysis/HI_phenotypes.ipynb; https://github.com/ashwinas88/UKBB_GWAS_dev; https://github.com/github/dmca/blob/master/2025/08/2025-08-25-ukbiobank.md; https://github.com/ashwinas88/UKBB_GWAS_dev/blob/43cf41dd1bfd0a62718e1aea83c30164d6a7bb34/analysis/HI_phenotypes.ipynb; https://github.com/ashwinas88/UKBB_GWAS_dev; https://github.com/github/dmca/blob/master/2025/08/2025-08-25-ukbiobank.md; https://github.com/ashwinas88/UKBB_GWAS_dev/blob/631d7478584f4872b98ec330cb60af11c1a93490/analysis/HI_phenotypes.ipynb; https://github.com/ashwinas88/UKBB_GWAS_dev; https://github.com/github/dmca/blob/master/2025/08/2025-08-25-ukbiobank.md; https://github.com/ashwinas88/UKBB_GWAS_dev/blob/0a88a26e6ac45d9aa5afb76e0a1ebf710b3e8e6e/analysis/HI_phenotypes.ipynb; https://github.com/ashwinas88/UKBB_GWAS_dev; https://github.com/github/dmca/blob/master/2025/08/2025-08-25-ukbiobank.md; https://github.com/ashwinas88/UKBB_GWAS_dev/blob/ea7ae80d6c1cf4841ed337e803e710bd7d8db9d1/analysis/HI_phenotypes.ipynb; https://github.com/ashwinas88/UKBB_GWAS_dev; https://github.com/github/dmca/blob/master/2025/08/2025-08-25-ukbiobank.md; https://github.com/ashwinas88/UKBB_GWAS_dev/blob/309616dbf154fe10aa9d9f2db2146f3cd5790a16/analysis/HI_phenotypes.ipynb; https://github.com/ashwinas88/UKBB_GWAS_dev; https://github.com/github/dmca/blob/master/2025/08/2025-08-25-ukbiobank.md; https://github.com/ashwinas88/UKBB_GWAS_dev/blob/efa597a4c2f534787d4a372ed70f4a0251c48f9c/analysis/HI_phenotypes.ipynb; https://github.com/ashwinas88/UKBB_GWAS_dev; https://github.com/github/dmca/blob/master/2025/08/2025-08-25-ukbiobank.md; https://github.com/ashwinas88/UKBB_GWAS_dev/blob/9470c83f2282720d7a226df43fac8e739a85bca0/analysis/HI_phenotypes.ipynb; https://github.com/ashwinas88/UKBB_GWAS_dev; https://github.com/github/dmca/blob/master/2025/08/2025-08-25-ukbiobank.md; https://github.com/ashwinas88/UKBB_GWAS_dev/blob/ef9969deb64a10116cfc1e41367e3030a705958e/analysis/phenotype_analysis.ipynb; https://github.com/ashwinas88/UKBB_GWAS_dev; https://github.com/github/dmca/blob/master/2025/08/2025-08-25-ukbiobank.md; https://github.com/ashwinas88/UKBB_GWAS_dev/blob/1b267265f1c863f5d07de63307b835883a928476/analysis/phenotype_analysis.ipynb; https://github.com/ashwinas88/UKBB_GWAS_dev; https://github.com/github/dmca/blob/master/2025/08/2025-08-25-ukbiobank.md; https://github.com/ashwinas88/UKBB_GWAS_dev/blob/53b744b6d7928e7faeda71657144a2125e3f0442/analysis/phenotype_analysis.ipynb; https://github.com/ashwinas88/UKBB_GWAS_dev; https://github.com/github/dmca/blob/master/2025/08/2025-08-25-ukbiobank.md; https://github.com/ashwinas88/UKBB_GWAS_dev/blob/87494afedaff4e270ef86a1ac223d9a71707daea/analysis/phenotypes/092821_hearing_impairment_500K.ipynb; https://github.com/ashwinas88/UKBB_GWAS_dev; https://github.com/github/dmca/blob/master/2025/08/2025-08-25-ukbiobank.md; https://github.com/ashwinas88/UKBB_GWAS_dev/blob/0766412c86c98a64ddede383452686b2b994ace1/analysis/phenotypes/092821_hearing_impairment_500K.ipynb; https://github.com/ashwinas88/UKBB_GWAS_dev; https://github.com/github/dmca/blob/master/2025/08/2025-08-25-ukbiobank.md; https://github.com/ashwinas88/UKBB_GWAS_dev/blob/248e178e3117ec1863db2408295ff36da6188175/analysis/phenotypes/092821_hearing_impairment_500K.ipynb; https://github.com/ashwinas88/UKBB_GWAS_dev; https://github.com/github/dmca/blob/master/2025/08/2025-08-25-ukbiobank.md; https://github.com/ashwinas88/UKBB_GWAS_dev/blob/0572ff49812c6dff2062ca4c6304f8e877a58b4d/analysis/phenotypes/092921_hearing_impairment_300K.ipynb; https://github.com/ashwinas88/UKBB_GWAS_dev; https://github.com/github/dmca/blob/master/2025/08/2025-08-25-ukbiobank.md; https://github.com/ashwinas88/UKBB_GWAS_dev/blob/c11ef64dd311ba90958b43c4371fe31fb24e71c7/analysis/phenotypes/092921_hearing_impairment_300K.ipynb; https://github.com/ashwinas88/UKBB_GWAS_dev; https://github.com/github/dmca/blob/master/2025/08/2025-08-25-ukbiobank.md; https://github.com/ashwinas88/UKBB_GWAS_dev/blob/7cc6367e8ea98a2867b3a2080f1817f8af0835d3/analysis/phenotypes/092921_hearing_impairment_300K.ipynb; https://github.com/ashwinas88/UKBB_GWAS_dev; https://github.com/github/dmca/blob/master/2025/08/2025-08-25-ukbiobank.md; https://github.com/ashwinas88/UKBB_GWAS_dev/blob/36273d89d9d92f9fc9d512a312e337cbc1a68e54/analysis/phenotypes/122021_Asians_Africans_in_500K.ipynb; https://github.com/ashwinas88/UKBB_GWAS_dev; https://github.com/github/dmca/blob/master/2025/08/2025-08-25-ukbiobank.md; https://github.com/ashwinas88/UKBB_GWAS_dev/blob/91b6b11acff49833ba0a8ec83e5dc9db0cd7b147/analysis/phenotypes/122021_Asians_Africans_in_500K.ipynb; https://github.com/ashwinas88/UKBB_GWAS_dev; https://github.com/github/dmca/blob/master/2025/08/2025-08-25-ukbiobank.md; https://github.com/ashwinas88/UKBB_GWAS_dev/blob/3ab075ecc46222fb70175db7c751a3a26f2cc771/analysis/phenotypes/Early_onset_HI_phenotype.ipynb; https://github.com/ashwinas88/UKBB_GWAS_dev; https://github.com/github/dmca/blob/master/2025/08/2025-08-25-ukbiobank.md; https://github.com/ashwinas88/UKBB_GWAS_dev/blob/99c1c5d8d26262b24391ec10a749d3a63ce3a4d4/analysis/phenotypes/Early_onset_HI_phenotype.ipynb; https://github.com/ashwinas88/UKBB_GWAS_dev; https://github.com/github/dmca/blob/master/2025/08/2025-08-25-ukbiobank.md; https://github.com/ashwinas88/UKBB_GWAS_dev/blob/ba42dbafef1e0c321697445c48a1a6f4e1510eec/analysis/phenotypes/Early_onset_HI_phenotype.ipynb; https://github.com/ashwinas88/UKBB_GWAS_dev; https://github.com/github/dmca/blob/master/2025/08/2025-08-25-ukbiobank.md; https://github.com/ashwinas88/UKBB_GWAS_dev/blob/78d6ddc10268c5583c7564e66a34b4d8ca74dc8c/analysis/phenotypes/Early_onset_HI_phenotype.ipynb; https://github.com/ashwinas88/UKBB_GWAS_dev; https://github.com/github/dmca/blob/master/2025/08/2025-08-25-ukbiobank.md; https://github.com/ashwinas88/UKBB_GWAS_dev/blob/1dea33639df31d1f8a6fe42ddbb6b3f420c06dd9/analysis/phenotypes/Early_onset_HI_phenotype.ipynb; https://github.com/ashwinas88/UKBB_GWAS_dev; https://github.com/github/dmca/blob/master/2025/08/2025-08-25-ukbiobank.md; https://github.com/ashwinas88/UKBB_GWAS_dev/blob/d105e58c8825b642789f494884204808f413a8ab/analysis/phenotypes/Early_onset_HI_phenotype.ipynb; https://github.com/ashwinas88/UKBB_GWAS_dev; https://github.com/github/dmca/blob/master/2025/08/2025-08-25-ukbiobank.md; https://github.com/ashwinas88/UKBB_GWAS_dev/blob/9bd0c9af7f2b4da56820c229c76a6bb277d49f68/analysis/phenotypes/Early_onset_HI_phenotype.ipynb; https://github.com/ashwinas88/UKBB_GWAS_dev; https://github.com/github/dmca/blob/master/2025/08/2025-08-25-ukbiobank.md; https://github.com/ashwinas88/UKBB_GWAS_dev/blob/799c273ee0ff336366e96aeaeff2d73b141f9850/analysis/phenotypes/Early_onset_HI_phenotype.ipynb; https://github.com/ashwinas88/UKBB_GWAS_dev; https://github.com/github/dmca/blob/master/2025/08/2025-08-25-ukbiobank.md; https://github.com/ashwinas88/UKBB_GWAS_dev/blob/01c3ab5544913809e4a0581a7b3c4a9705e16c57/analysis/phenotypes/Early_onset_HI_phenotype.ipynb; https://github.com/ashwinas88/UKBB_GWAS_dev; https://github.com/github/dmca/blob/master/2025/08/2025-08-25-ukbiobank.md; https://github.com/ashwinas88/UKBB_GWAS_dev/blob/a4576af1630e301c823f68b350242316739653b5/analysis/phenotypes/Early_onset_HI_phenotype.ipynb; https://github.com/ashwinas88/UKBB_GWAS_dev; https://github.com/github/dmca/blob/master/2025/08/2025-08-25-ukbiobank.md; https://github.com/ashwinas88/UKBB_GWAS_dev/blob/e9cf0f99b1b54a45a1a07f70c4fd05e8305dad88/analysis/phenotypes/Early_onset_HI_phenotype.ipynb; https://github.com/ashwinas88/UKBB_GWAS_dev; https://github.com/github/dmca/blob/master/2025/08/2025-08-25-ukbiobank.md; https://github.com/ashwinas88/UKBB_GWAS_dev/blob/6d4743309518e9bb2933fa80b9f664c25a49346b/analysis/phenotypes/Exome_filtering.ipynb; https://github.com/ashwinas88/UKBB_GWAS_dev; https://github.com/github/dmca/blob/master/2025/08/2025-08-25-ukbiobank.md; https://github.com/ashwinas88/UKBB_GWAS_dev/blob/f7d02df395baa88462d958970ff0e0802f534b6b/analysis/phenotypes/hearing_impairment_fabiha.ipynb; https://github.com/ashwinas88/UKBB_GWAS_dev; https://github.com/github/dmca/blob/master/2025/08/2025-08-25-ukbiobank.md; https://github.com/ashwinas88/UKBB_GWAS_dev/blob/d0adb27a2c621b982d3e31fe2349e6e1a5cf7662/analysis/phenotypes/hearing_impairment_fabiha.ipynb; https://github.com/ashwinas88/UKBB_GWAS_dev; https://github.com/github/dmca/blob/master/2025/08/2025-08-25-ukbiobank.md; https://github.com/ashwinas88/UKBB_GWAS_dev/blob/812f3d4f5bccf004d65b83a3ee8b3c33a40081dc/analysis/phenotypes/hearing_impairment_fabiha.ipynb; https://github.com/ashwinas88/UKBB_GWAS_dev; https://github.com/github/dmca/blob/master/2025/08/2025-08-25-ukbiobank.md; https://github.com/ashwinas88/UKBB_GWAS_dev/blob/2c99baca7d11ffa87fefd00c22339a6962661ed9/analysis/phenotypes/hearing_impairment_fabiha.ipynb; https://github.com/ashwinas88/UKBB_GWAS_dev; https://github.com/github/dmca/blob/master/2025/08/2025-08-25-ukbiobank.md; https://github.com/ashwinas88/UKBB_GWAS_dev/blob/1035ad4d26f7177d8da755eaec56d4963c63ff86/analysis/phenotypes/hearing_impairment_fabiha.ipynb; https://github.com/ashwinas88/UKBB_GWAS_dev; https://github.com/github/dmca/blob/master/2025/08/2025-08-25-ukbiobank.md; https://github.com/ashwinas88/UKBB_GWAS_dev/blob/846766894cf51a4a17aa92705503d62142ec30dd/analysis/phenotypes/hearing_impairment_fabiha.ipynb; https://github.com/ashwinas88/UKBB_GWAS_dev; https://github.com/github/dmca/blob/master/2025/08/2025-08-25-ukbiobank.md; https://github.com/ashwinas88/UKBB_GWAS_dev/blob/cffef1a3a7e1d9b191c4742b574008cbab3813a2/analysis/phenotypes/hearing_impairment_fabiha.ipynb; https://github.com/ashwinas88/UKBB_GWAS_dev; https://github.com/github/dmca/blob/master/2025/08/2025-08-25-ukbiobank.md; https://github.com/ashwinas88/UKBB_GWAS_dev/blob/439fe84f5da3abcf6dc051838617cf4e110461db/analysis/phenotypes/hearing_impairment_fabiha.ipynb; https://github.com/ashwinas88/UKBB_GWAS_dev; https://github.com/github/dmca/blob/master/2025/08/2025-08-25-ukbiobank.md; https://github.com/ashwinas88/UKBB_GWAS_dev/blob/44ca02a3f07ce9f4893b0347a03fc15244322584/analysis/phenotypes/hearing_impairment_fabiha.ipynb; https://github.com/ashwinas88/UKBB_GWAS_dev; https://github.com/github/dmca/blob/master/2025/08/2025-08-25-ukbiobank.md; https://github.com/ashwinas88/UKBB_GWAS_dev/blob/a320d5feaa0d97c80cf48c9062c215c3974658ab/analysis/phenotypes/hearing_impairment_fabiha.ipynb; https://github.com/ashwinas88/UKBB_GWAS_dev; https://github.com/github/dmca/blob/master/2025/08/2025-08-25-ukbiobank.md; https://github.com/ashwinas88/UKBB_GWAS_dev/blob/356a9e2eeabfd857441abbfbc8dc8c46be4e68fc/analysis/phenotypes/hearing_impairment_fabiha.ipynb; https://github.com/ashwinas88/UKBB_GWAS_dev; https://github.com/github/dmca/blob/master/2025/08/2025-08-25-ukbiobank.md; https://github.com/ashwinas88/UKBB_GWAS_dev/blob/bd7abb831db8b2ca1e23476fb8acaad21705ab38/analysis/phenotypes/hearing_impairment_fabiha.ipynb; https://github.com/ashwinas88/UKBB_GWAS_dev; https://github.com/github/dmca/blob/master/2025/08/2025-08-25-ukbiobank.md; https://github.com/ashwinas88/UKBB_GWAS_dev/blob/2b139aa0ad98f07bc3378ddc29c5265c91510c3b/analysis/phenotypes/hearing_impairment_fabiha.ipynb; https://github.com/ashwinas88/UKBB_GWAS_dev; https://github.com/github/dmca/blob/master/2025/08/2025-08-25-ukbiobank.md; https://github.com/ashwinas88/UKBB_GWAS_dev/blob/5ab681fc1a79022e33d1a3abeaadb1d0bcb83b63/analysis/phenotypes/hearing_impairment_fabiha.ipynb; https://github.com/ashwinas88/UKBB_GWAS_dev; https://github.com/github/dmca/blob/master/2025/08/2025-08-25-ukbiobank.md; https://github.com/ashwinas88/UKBB_GWAS_dev/blob/be3c7aaa6dde211676969dd199a7b81b16b813c7/analysis/phenotypes/hearing_impairment_fabiha.ipynb; https://github.com/ashwinas88/UKBB_GWAS_dev; https://github.com/github/dmca/blob/master/2025/08/2025-08-25-ukbiobank.md; https://github.com/ashwinas88/UKBB_GWAS_dev/blob/6d4743309518e9bb2933fa80b9f664c25a49346b/analysis/phenotypes/Hearing_phenotype.ipynb; https://github.com/ashwinas88/UKBB_GWAS_dev; https://github.com/github/dmca/blob/master/2025/08/2025-08-25-ukbiobank.md; https://github.com/ashwinas88/UKBB_GWAS_dev/blob/864ab8de91cff63063df4627b1030c8973d4e7d9/analysis/phenotypes/Hearing_phenotype.ipynb; https://github.com/ashwinas88/UKBB_GWAS_dev; https://github.com/github/dmca/blob/master/2025/08/2025-08-25-ukbiobank.md; https://github.com/ashwinas88/UKBB_GWAS_dev/blob/d5a588d8062e447591246da66404a93f0b5048e1/analysis/phenotypes/Hearing_phenotype.ipynb; https://github.com/ashwinas88/UKBB_GWAS_dev; https://github.com/github/dmca/blob/master/2025/08/2025-08-25-ukbiobank.md; https://github.com/ashwinas88/UKBB_GWAS_dev/blob/fb437a192824ded7dd78f820336158ddfca8fe6f/analysis/phenotypes/Hearing_phenotype.ipynb; https://github.com/ashwinas88/UKBB_GWAS_dev; https://github.com/github/dmca/blob/master/2025/08/2025-08-25-ukbiobank.md; https://github.com/ashwinas88/UKBB_GWAS_dev/blob/be3c7aaa6dde211676969dd199a7b81b16b813c7/analysis/phenotypes/Hearing_phenotype.ipynb; https://github.com/ashwinas88/UKBB_GWAS_dev; https://github.com/github/dmca/blob/master/2025/08/2025-08-25-ukbiobank.md; https://github.com/ashwinas88/UKBB_GWAS_dev/blob/34a284b66ddeda687ba1281f35aabeb139317b24/analysis/phenotypes/Hearing_phenotype.ipynb; https://github.com/ashwinas88/UKBB_GWAS_dev; https://github.com/github/dmca/blob/master/2025/08/2025-08-25-ukbiobank.md; https://github.com/ashwinas88/UKBB_GWAS_dev/blob/5714e3c19d4cf79267dd14b9d41207909b33c243/analysis/phenotypes/Hearing_phenotype.ipynb; https://github.com/ashwinas88/UKBB_GWAS_dev; https://github.com/github/dmca/blob/master/2025/08/2025-08-25-ukbiobank.md; https://github.com/ashwinas88/UKBB_GWAS_dev/blob/d00cd7db0cdf30dcad89cc90f62d60e8dd5bf6e2/analysis/phenotypes/Hearing_phenotype.ipynb; https://github.com/ashwinas88/UKBB_GWAS_dev; https://github.com/github/dmca/blob/master/2025/08/2025-08-25-ukbiobank.md; https://github.com/ashwinas88/UKBB_GWAS_dev/blob/24080b4113740b310b59ec9fd3e79b5fcecbe525/analysis/phenotypes/Hearing_phenotype.ipynb; https://github.com/ashwinas88/UKBB_GWAS_dev; https://github.com/github/dmca/blob/master/2025/08/2025-08-25-ukbiobank.md; https://github.com/ashwinas88/UKBB_GWAS_dev/blob/6e21f76beeef8209757670cc919d095c11849043/analysis/phenotypes/Hearing_phenotype.ipynb; https://github.com/ashwinas88/UKBB_GWAS_dev; https://github.com/github/dmca/blob/master/2025/08/2025-08-25-ukbiobank.md; https://github.com/ashwinas88/UKBB_GWAS_dev/blob/c76ca42c86654122a602388af5da77a20e60d42d/analysis/phenotypes/Hearing_phenotype.ipynb; https://github.com/ashwinas88/UKBB_GWAS_dev; https://github.com/github/dmca/blob/master/2025/08/2025-08-25-ukbiobank.md; https://github.com/ashwinas88/UKBB_GWAS_dev/blob/d32dd71189f66ad81e2c0ab57665258ff4d288ea/analysis/phenotypes/Hearing_phenotype.ipynb; https://github.com/ashwinas88/UKBB_GWAS_dev; https://github.com/github/dmca/blob/master/2025/08/2025-08-25-ukbiobank.md; https://github.com/ashwinas88/UKBB_GWAS_dev/blob/1f392e1a334ab105d4b6be78d2cf1385f96d78c0/analysis/phenotypes/Hearing_phenotype.ipynb; https://github.com/ashwinas88/UKBB_GWAS_dev; https://github.com/github/dmca/blob/master/2025/08/2025-08-25-ukbiobank.md; https://github.com/ashwinas88/UKBB_GWAS_dev/blob/d2477645a0e44097a1570fafde3e41db76f2e965/analysis/phenotypes/Hearing_phenotype.ipynb; https://github.com/ashwinas88/UKBB_GWAS_dev; https://github.com/github/dmca/blob/master/2025/08/2025-08-25-ukbiobank.md; https://github.com/ashwinas88/UKBB_GWAS_dev/blob/804a49e20903d8a6a7eafcb7472453c5ea2dcde8/analysis/phenotypes/Hearing_phenotype.ipynb; https://github.com/ashwinas88/UKBB_GWAS_dev; https://github.com/github/dmca/blob/master/2025/08/2025-08-25-ukbiobank.md; https://github.com/ashwinas88/UKBB_GWAS_dev/blob/d00cd7db0cdf30dcad89cc90f62d60e8dd5bf6e2/analysis/phenotypes/Hearing_phenotype_Rancode.ipynb; https://github.com/ashwinas88/UKBB_GWAS_dev; https://github.com/github/dmca/blob/master/2025/08/2025-08-25-ukbiobank.md; https://github.com/ashwinas88/UKBB_GWAS_dev/blob/2f49ad49367d202c4f41ab7d670ae7dd2d757709/analysis/phenotypes/HI_50k_150k_counts.ipynb; https://github.com/ashwinas88/UKBB_GWAS_dev; https://github.com/github/dmca/blob/master/2025/08/2025-08-25-ukbiobank.md; https://github.com/ashwinas88/UKBB_GWAS_dev/blob/22512cc9f46b13de3f4e1840507b804e73b9e531/analysis/phenotypes/HI_50k_150k_counts.ipynb; https://github.com/ashwinas88/UKBB_GWAS_dev; https://github.com/github/dmca/blob/master/2025/08/2025-08-25-ukbiobank.md; https://github.com/ashwinas88/UKBB_GWAS_dev/blob/3b93429f14417701baa4c224858bb4dbd29d4069/analysis/phenotypes/HI_50k_150k_counts.ipynb; https://github.com/ashwinas88/UKBB_GWAS_dev; https://github.com/github/dmca/blob/master/2025/08/2025-08-25-ukbiobank.md; https://github.com/ashwinas88/UKBB_GWAS_dev/blob/a0202ee899cb9eaf87259dc43b09dda2d295fe03/analysis/phenotypes/HI_50k_150k_counts.ipynb; https://github.com/ashwinas88/UKBB_GWAS_dev; https://github.com/github/dmca/blob/master/2025/08/2025-08-25-ukbiobank.md; https://github.com/ashwinas88/UKBB_GWAS_dev/blob/48e6f7974c1bdd9325e36eaf3f4fdb4bed1e0707/analysis/phenotypes/HI_50k_150k_counts.ipynb; https://github.com/ashwinas88/UKBB_GWAS_dev; https://github.com/github/dmca/blob/master/2025/08/2025-08-25-ukbiobank.md; https://github.com/ashwinas88/UKBB_GWAS_dev/blob/b9c91935a28e78c9aa80ba745013d044ebfe9995/analysis/phenotypes/HSPG2.ipynb; https://github.com/ashwinas88/UKBB_GWAS_dev; https://github.com/github/dmca/blob/master/2025/08/2025-08-25-ukbiobank.md; https://github.com/ashwinas88/UKBB_GWAS_dev/blob/804a49e20903d8a6a7eafcb7472453c5ea2dcde8/analysis/phenotypes/pheno_analysis_pleiotropy.ipynb; https://github.com/ashwinas88/UKBB_GWAS_dev; https://github.com/github/dmca/blob/master/2025/08/2025-08-25-ukbiobank.md; https://github.com/ashwinas88/UKBB_GWAS_dev/blob/804a49e20903d8a6a7eafcb7472453c5ea2dcde8/analysis/phenotypes/SRT_phenotype.ipynb; https://github.com/ashwinas88/UKBB_GWAS_dev; https://github.com/github/dmca/blob/master/2025/08/2025-08-25-ukbiobank.md; https://github.com/ashwinas88/UKBB_GWAS_dev/blob/ba42dbafef1e0c321697445c48a1a6f4e1510eec/analysis/phenotypes/Tinnitus_phenotype.ipynb; https://github.com/ashwinas88/UKBB_GWAS_dev; https://github.com/github/dmca/blob/master/2025/08/2025-08-25-ukbiobank.md; https://github.com/ashwinas88/UKBB_GWAS_dev/blob/d5a588d8062e447591246da66404a93f0b5048e1/analysis/phenotypes/Tinnitus_phenotype.ipynb; https://github.com/ashwinas88/UKBB_GWAS_dev; https://github.com/github/dmca/blob/master/2025/08/2025-08-25-ukbiobank.md; https://github.com/ashwinas88/UKBB_GWAS_dev/blob/804a49e20903d8a6a7eafcb7472453c5ea2dcde8/analysis/phenotypes/Tinnitus_phenotype.ipynb; https://github.com/ashwinas88/UKBB_GWAS_dev; https://github.com/github/dmca/blob/master/2025/08/2025-08-25-ukbiobank.md; https://github.com/ashwinas88/UKBB_GWAS_dev/blob/d2477645a0e44097a1570fafde3e41db76f2e965/analysis/phenotypes/Tinnitus_phenotype.ipynb; https://github.com/ashwinas88/UKBB_GWAS_dev; https://github.com/github/dmca/blob/master/2025/08/2025-08-25-ukbiobank.md; https://github.com/ashwinas88/UKBB_GWAS_dev/blob/1f392e1a334ab105d4b6be78d2cf1385f96d78c0/analysis/phenotypes/Tinnitus_phenotype.ipynb; https://github.com/ashwinas88/UKBB_GWAS_dev; https://github.com/github/dmca/blob/master/2025/08/2025-08-25-ukbiobank.md; https://github.com/ashwinas88/UKBB_GWAS_dev/blob/d0687788a3644c947fe9f316dc2665ce62b45937/analysis/phenotypes/UKB_participant_withdrawal.ipynb; https://github.com/ashwinas88/UKBB_GWAS_dev; https://github.com/github/dmca/blob/master/2025/08/2025-08-25-ukbiobank.md; https://github.com/ashwinas88/UKBB_GWAS_dev/blob/db92bdc43700ea417cc7a81ece42c81fecf7fab4/analysis/python_learning.ipynb; https://github.com/ashwinas88/UKBB_GWAS_dev; https://github.com/github/dmca/blob/master/2025/08/2025-08-25-ukbiobank.md; https://github.com/ashwinas88/UKBB_GWAS_dev/blob/ce510c78a8b53d5c9d27383c1d8bf9a9771b8a09/analysis/python_learning.ipynb; https://github.com/ashwinas88/UKBB_GWAS_dev; https://github.com/github/dmca/blob/master/2025/08/2025-08-25-ukbiobank.md; https://github.com/ashwinas88/UKBB_GWAS_dev/blob/eaf1fe100c7fae19b3bc5e64cd3364e99e5c0b89/analysis/python_learning.ipynb; https://github.com/ashwinas88/UKBB_GWAS_dev; https://github.com/github/dmca/blob/master/2025/08/2025-08-25-ukbiobank.md; https://github.com/ashwinas88/UKBB_GWAS_dev/blob/d83e2023ca75fc28b287d8a151788b63b6920d84/analysis/python_learning.ipynb; https://github.com/ashwinas88/UKBB_GWAS_dev; https://github.com/github/dmca/blob/master/2025/08/2025-08-25-ukbiobank.md; https://github.com/ashwinas88/UKBB_GWAS_dev/blob/6f5a3290d5873599966d305e3d438d9f0f02e228/analysis/python_learning.ipynb; https://github.com/ashwinas88/UKBB_GWAS_dev; https://github.com/github/dmca/blob/master/2025/08/2025-08-25-ukbiobank.md; https://github.com/ashwinas88/UKBB_GWAS_dev/blob/118833dbee7159e9198aa92bb0e059ef2220dbfa/analysis/python_learning.ipynb; https://github.com/ashwinas88/UKBB_GWAS_dev; https://github.com/github/dmca/blob/master/2025/08/2025-08-25-ukbiobank.md; https://github.com/ashwinas88/UKBB_GWAS_dev/blob/97639e45d626734629c7cfe066c7bec2eaa27c68/analysis/python_learning.ipynb; https://github.com/ashwinas88/UKBB_GWAS_dev; https://github.com/github/dmca/blob/master/2025/08/2025-08-25-ukbiobank.md; https://github.com/ashwinas88/UKBB_GWAS_dev/blob/365080906a6724c91dd91883eff0443859396e15/analysis/python_learning.ipynb; https://github.com/ashwinas88/UKBB_GWAS_dev; https://github.com/github/dmca/blob/master/2025/08/2025-08-25-ukbiobank.md; https://github.com/ashwinas88/UKBB_GWAS_dev/blob/bbe39d262c88326ef142525567eac67d44c8a4e7/analysis/regenie_interaction/interaction_bash.ipynb; https://github.com/ashwinas88/UKBB_GWAS_dev; https://github.com/github/dmca/blob/master/2025/08/2025-08-25-ukbiobank.md; https://github.com/ashwinas88/UKBB_GWAS_dev/blob/67cd754181b7af374f4b8c3b72edd287037313c8/analysis/regenie_interaction/interaction_bash.ipynb; https://github.com/ashwinas88/UKBB_GWAS_dev; https://github.com/github/dmca/blob/master/2025/08/2025-08-25-ukbiobank.md; https://github.com/ashwinas88/UKBB_GWAS_dev/blob/e10573f551121aa960fad74bb32ac90359a12e65/analysis/regenie_interaction/interaction_bash.ipynb; https://github.com/ashwinas88/UKBB_GWAS_dev; https://github.com/github/dmca/blob/master/2025/08/2025-08-25-ukbiobank.md; https://github.com/ashwinas88/UKBB_GWAS_dev/blob/d087d68d694ea5a72615b4a05ad5ef57aad6f4bb/analysis/regenie_interaction/interaction_bash.ipynb; https://github.com/ashwinas88/UKBB_GWAS_dev; https://github.com/github/dmca/blob/master/2025/08/2025-08-25-ukbiobank.md; https://github.com/ashwinas88/UKBB_GWAS_dev/blob/57b1de088badb1c95ca6c5bedf4eab4698e47d7e/analysis/regenie_interaction/interaction_bash.ipynb; https://github.com/ashwinas88/UKBB_GWAS_dev; https://github.com/github/dmca/blob/master/2025/08/2025-08-25-ukbiobank.md; https://github.com/ashwinas88/UKBB_GWAS_dev/blob/920601f0f9aa9fdd27790f5c91ad9f16232d40a6/analysis/regenie_interaction/interaction_bash.ipynb; https://github.com/ashwinas88/UKBB_GWAS_dev; https://github.com/github/dmca/blob/master/2025/08/2025-08-25-ukbiobank.md; https://github.com/ashwinas88/UKBB_GWAS_dev/blob/80a21fd6118a609b3bdb5ef59aaf0a3606b39d01/analysis/regenie_interaction/interaction_bash.ipynb; https://github.com/ashwinas88/UKBB_GWAS_dev; https://github.com/github/dmca/blob/master/2025/08/2025-08-25-ukbiobank.md; https://github.com/ashwinas88/UKBB_GWAS_dev/blob/5fad4d47c48121c4bf3f85268559227f2dfced7f/analysis/regenie_interaction/interaction_bash.ipynb; https://github.com/ashwinas88/UKBB_GWAS_dev; https://github.com/github/dmca/blob/master/2025/08/2025-08-25-ukbiobank.md; https://github.com/ashwinas88/UKBB_GWAS_dev/blob/b3ef1fd07a6a11e2554e3454fb2e933f5483797c/analysis/regenie_interaction/interaction_bash.ipynb; https://github.com/ashwinas88/UKBB_GWAS_dev; https://github.com/github/dmca/blob/master/2025/08/2025-08-25-ukbiobank.md; https://github.com/ashwinas88/UKBB_GWAS_dev/blob/4f27be5c0c677502f63978285e2fc5478b5ab77b/analysis/regenie_interaction/interaction_python.ipynb; https://github.com/ashwinas88/UKBB_GWAS_dev; https://github.com/github/dmca/blob/master/2025/08/2025-08-25-ukbiobank.md; https://github.com/ashwinas88/UKBB_GWAS_dev/blob/611ac8b19b40ccb6ceab2b42d90f125507f563b7/analysis/regenie_interaction/interaction_python.ipynb; https://github.com/ashwinas88/UKBB_GWAS_dev; https://github.com/github/dmca/blob/master/2025/08/2025-08-25-ukbiobank.md; https://github.com/ashwinas88/UKBB_GWAS_dev/blob/2e3a7c43229506ebced510741f040d45d23cc338/analysis/regenie_interaction/interaction_python.ipynb; https://github.com/ashwinas88/UKBB_GWAS_dev; https://github.com/github/dmca/blob/master/2025/08/2025-08-25-ukbiobank.md; https://github.com/ashwinas88/UKBB_GWAS_dev/blob/25f8aaf9a888155f23f6cb937e272d6ae42385d2/analysis/regenie_interaction/interaction_python.ipynb; https://github.com/ashwinas88/UKBB_GWAS_dev; https://github.com/github/dmca/blob/master/2025/08/2025-08-25-ukbiobank.md; https://github.com/ashwinas88/UKBB_GWAS_dev/blob/667cfbd4170067f1f6131e5563161d8461802887/analysis/regenie_interaction/interaction_python.ipynb; https://github.com/ashwinas88/UKBB_GWAS_dev; https://github.com/github/dmca/blob/master/2025/08/2025-08-25-ukbiobank.md; https://github.com/ashwinas88/UKBB_GWAS_dev/blob/e07834bde33a8c49eb479d528330efe1df56c0cd/analysis/regenie_interaction/interaction_python.ipynb; https://github.com/ashwinas88/UKBB_GWAS_dev; https://github.com/github/dmca/blob/master/2025/08/2025-08-25-ukbiobank.md; https://github.com/ashwinas88/UKBB_GWAS_dev/blob/bbe39d262c88326ef142525567eac67d44c8a4e7/analysis/regenie_interaction/interaction_python.ipynb; https://github.com/ashwinas88/UKBB_GWAS_dev; https://github.com/github/dmca/blob/master/2025/08/2025-08-25-ukbiobank.md; https://github.com/ashwinas88/UKBB_GWAS_dev/blob/9fe3987eb354999eb6b6d72514cf91b2241eb9b5/analysis/regenie_interaction/interaction_python.ipynb; https://github.com/ashwinas88/UKBB_GWAS_dev; https://github.com/github/dmca/blob/master/2025/08/2025-08-25-ukbiobank.md; https://github.com/ashwinas88/UKBB_GWAS_dev/blob/d087d68d694ea5a72615b4a05ad5ef57aad6f4bb/analysis/regenie_interaction/interaction_python.ipynb; https://github.com/ashwinas88/UKBB_GWAS_dev; https://github.com/github/dmca/blob/master/2025/08/2025-08-25-ukbiobank.md; https://github.com/ashwinas88/UKBB_GWAS_dev/blob/e10573f551121aa960fad74bb32ac90359a12e65/analysis/regenie_interaction/interaction_python.ipynb; https://github.com/ashwinas88/UKBB_GWAS_dev; https://github.com/github/dmca/blob/master/2025/08/2025-08-25-ukbiobank.md; https://github.com/ashwinas88/UKBB_GWAS_dev/blob/57b1de088badb1c95ca6c5bedf4eab4698e47d7e/analysis/regenie_interaction/interaction_python.ipynb; https://github.com/ashwinas88/UKBB_GWAS_dev; https://github.com/github/dmca/blob/master/2025/08/2025-08-25-ukbiobank.md; https://github.com/ashwinas88/UKBB_GWAS_dev/blob/80a21fd6118a609b3bdb5ef59aaf0a3606b39d01/analysis/regenie_interaction/interaction_python.ipynb; https://github.com/ashwinas88/UKBB_GWAS_dev; https://github.com/github/dmca/blob/master/2025/08/2025-08-25-ukbiobank.md; https://github.com/ashwinas88/UKBB_GWAS_dev/blob/920601f0f9aa9fdd27790f5c91ad9f16232d40a6/analysis/regenie_interaction/interaction_python.ipynb; https://github.com/ashwinas88/UKBB_GWAS_dev; https://github.com/github/dmca/blob/master/2025/08/2025-08-25-ukbiobank.md; https://github.com/ashwinas88/UKBB_GWAS_dev/blob/5fad4d47c48121c4bf3f85268559227f2dfced7f/analysis/regenie_interaction/interaction_python.ipynb; https://github.com/ashwinas88/UKBB_GWAS_dev; https://github.com/github/dmca/blob/master/2025/08/2025-08-25-ukbiobank.md; https://github.com/ashwinas88/UKBB_GWAS_dev/blob/b3ef1fd07a6a11e2554e3454fb2e933f5483797c/analysis/regenie_interaction/interaction_python.ipynb; https://github.com/ashwinas88/UKBB_GWAS_dev; https://github.com/github/dmca/blob/master/2025/08/2025-08-25-ukbiobank.md; https://github.com/ashwinas88/UKBB_GWAS_dev/blob/d087d68d694ea5a72615b4a05ad5ef57aad6f4bb/analysis/regenie_interaction/interaction_R.ipynb; https://github.com/ashwinas88/UKBB_GWAS_dev; https://github.com/github/dmca/blob/master/2025/08/2025-08-25-ukbiobank.md; https://github.com/ashwinas88/UKBB_GWAS_dev/blob/67cd754181b7af374f4b8c3b72edd287037313c8/analysis/regenie_interaction/interaction_R.ipynb; https://github.com/ashwinas88/UKBB_GWAS_dev; https://github.com/github/dmca/blob/master/2025/08/2025-08-25-ukbiobank.md; https://github.com/ashwinas88/UKBB_GWAS_dev/blob/80a21fd6118a609b3bdb5ef59aaf0a3606b39d01/analysis/regenie_interaction/interaction_R.ipynb; https://github.com/ashwinas88/UKBB_GWAS_dev; https://github.com/github/dmca/blob/master/2025/08/2025-08-25-ukbiobank.md; https://github.com/ashwinas88/UKBB_GWAS_dev/blob/9fe3987eb354999eb6b6d72514cf91b2241eb9b5/analysis/regenie_interaction/interaction_R.ipynb; https://github.com/ashwinas88/UKBB_GWAS_dev; https://github.com/github/dmca/blob/master/2025/08/2025-08-25-ukbiobank.md; https://github.com/ashwinas88/UKBB_GWAS_dev/blob/bbe39d262c88326ef142525567eac67d44c8a4e7/analysis/regenie_interaction/interaction_R.ipynb; https://github.com/ashwinas88/UKBB_GWAS_dev; https://github.com/github/dmca/blob/master/2025/08/2025-08-25-ukbiobank.md; https://github.com/ashwinas88/UKBB_GWAS_dev/blob/920601f0f9aa9fdd27790f5c91ad9f16232d40a6/analysis/regenie_interaction/interaction_R.ipynb; https://github.com/ashwinas88/UKBB_GWAS_dev; https://github.com/github/dmca/blob/master/2025/08/2025-08-25-ukbiobank.md; https://github.com/ashwinas88/UKBB_GWAS_dev/blob/d087d68d694ea5a72615b4a05ad5ef57aad6f4bb/analysis/regenie_interaction/simulation.ipynb; https://github.com/ashwinas88/UKBB_GWAS_dev; https://github.com/github/dmca/blob/master/2025/08/2025-08-25-ukbiobank.md; https://github.com/ashwinas88/UKBB_GWAS_dev/blob/e10573f551121aa960fad74bb32ac90359a12e65/analysis/regenie_interaction/simulation.ipynb; https://github.com/ashwinas88/UKBB_GWAS_dev; https://github.com/github/dmca/blob/master/2025/08/2025-08-25-ukbiobank.md; https://github.com/ashwinas88/UKBB_GWAS_dev/blob/4e582fe7eaed3a195e16c2907ff38347301cd64d/analysis/SRT.ipynb; https://github.com/ashwinas88/UKBB_GWAS_dev; https://github.com/github/dmca/blob/master/2025/08/2025-08-25-ukbiobank.md; https://github.com/ashwinas88/UKBB_GWAS_dev/blob/235ae96e6496120c59ddc3d1442832831fca2ca1/analysis/SRT.ipynb; https://github.com/ashwinas88/UKBB_GWAS_dev; https://github.com/github/dmca/blob/master/2025/08/2025-08-25-ukbiobank.md; https://github.com/ashwinas88/UKBB_GWAS_dev/blob/5a12d3d54d7f35aff06506b25c7e3c35df8b1f07/analysis/SRT.ipynb; https://github.com/ashwinas88/UKBB_GWAS_dev; https://github.com/github/dmca/blob/master/2025/08/2025-08-25-ukbiobank.md; https://github.com/ashwinas88/UKBB_GWAS_dev/blob/6402aefbed9f0d983582b9b417ef6754af8baf21/analysis/SRT.ipynb; https://github.com/ashwinas88/UKBB_GWAS_dev; https://github.com/github/dmca/blob/master/2025/08/2025-08-25-ukbiobank.md; https://github.com/ashwinas88/UKBB_GWAS_dev/blob/f717642635a8f7e7865585c926e54492fabb1de5/analysis/SRT_phenotype.ipynb; https://github.com/ashwinas88/UKBB_GWAS_dev; https://github.com/github/dmca/blob/master/2025/08/2025-08-25-ukbiobank.md; https://github.com/ashwinas88/UKBB_GWAS_dev/blob/ef9969deb64a10116cfc1e41367e3030a705958e/analysis/SRT_phenotype.ipynb; https://github.com/ashwinas88/UKBB_GWAS_dev; https://github.com/github/dmca/blob/master/2025/08/2025-08-25-ukbiobank.md; https://github.com/ashwinas88/UKBB_GWAS_dev/blob/ccb2c928f9109c1755eae33e363677b44f994cae/analysis/SRT_phenotype.ipynb; https://github.com/ashwinas88/UKBB_GWAS_dev; https://github.com/github/dmca/blob/master/2025/08/2025-08-25-ukbiobank.md; https://github.com/ashwinas88/UKBB_GWAS_dev/blob/e5d70de844bc5e333451258ca5490973e19c845e/analysis/SRT_phenotype.ipynb; https://github.com/ashwinas88/UKBB_GWAS_dev; https://github.com/github/dmca/blob/master/2025/08/2025-08-25-ukbiobank.md; https://github.com/ashwinas88/UKBB_GWAS_dev/blob/ce60089c2f4b3ab5cd240fa94ebe674f7f85e478/analysis/SRT_phenotype.ipynb; https://github.com/ashwinas88/UKBB_GWAS_dev; https://github.com/github/dmca/blob/master/2025/08/2025-08-25-ukbiobank.md; https://github.com/ashwinas88/UKBB_GWAS_dev/blob/7702fc9f1812659835e2a33c4f43c9361bb43c9b/analysis/SRT_phenotype.ipynb; https://github.com/ashwinas88/UKBB_GWAS_dev; https://github.com/github/dmca/blob/master/2025/08/2025-08-25-ukbiobank.md; https://github.com/ashwinas88/UKBB_GWAS_dev/blob/e432cf16ba67d8082f91c9c85d8d8382ab5ec3aa/analysis/SRT_phenotype.ipynb; https://github.com/ashwinas88/UKBB_GWAS_dev; https://github.com/github/dmca/blob/master/2025/08/2025-08-25-ukbiobank.md; https://github.com/ashwinas88/UKBB_GWAS_dev/blob/87ed42ddb44c9898464f9b34cf1e18a7c8e66ce9/analysis/Tinnitus_phenotype.ipynb; https://github.com/ashwinas88/UKBB_GWAS_dev; https://github.com/github/dmca/blob/master/2025/08/2025-08-25-ukbiobank.md; https://github.com/ashwinas88/UKBB_GWAS_dev/blob/759406ce600644124702c9c0cd9ad07436c883b2/analysis/Tinnitus_phenotype.ipynb; https://github.com/ashwinas88/UKBB_GWAS_dev; https://github.com/github/dmca/blob/master/2025/08/2025-08-25-ukbiobank.md; https://github.com/ashwinas88/UKBB_GWAS_dev/blob/396be75bcdd80dc96abf2b31bebe1637b8d3e4b4/analysis/Tinnitus_phenotype.ipynb; https://github.com/ashwinas88/UKBB_GWAS_dev; https://github.com/github/dmca/blob/master/2025/08/2025-08-25-ukbiobank.md; https://github.com/ashwinas88/UKBB_GWAS_dev/blob/b5fb01b290a451c56b531bc2b36f813db58513b2/analysis/Tinnitus_phenotype.ipynb; https://github.com/ashwinas88/UKBB_GWAS_dev; https://github.com/github/dmca/blob/master/2025/08/2025-08-25-ukbiobank.md; https://github.com/ashwinas88/UKBB_GWAS_dev/blob/e5d70de844bc5e333451258ca5490973e19c845e/analysis/Tinnitus_phenotype.ipynb; https://github.com/ashwinas88/UKBB_GWAS_dev; https://github.com/github/dmca/blob/master/2025/08/2025-08-25-ukbiobank.md; https://github.com/ashwinas88/UKBB_GWAS_dev/blob/03adbc850a023170b2836803eae843b6c72eaaa8/analysis/Tinnitus_phenotype.ipynb; https://github.com/ashwinas88/UKBB_GWAS_dev; https://github.com/github/dmca/blob/master/2025/08/2025-08-25-ukbiobank.md; https://github.com/ashwinas88/UKBB_GWAS_dev/blob/9f926f2a1ec482aa1fada2ecc8de476b50fc02f1/analysis/Tinnitus_phenotype.ipynb; https://github.com/ashwinas88/UKBB_GWAS_dev; https://github.com/github/dmca/blob/master/2025/08/2025-08-25-ukbiobank.md; https://github.com/ashwinas88/UKBB_GWAS_dev/blob/8f7562f0224e036901fe137d5851b5247d455e02/analysis/Tinnitus_phenotype.ipynb; https://github.com/ashwinas88/UKBB_GWAS_dev; https://github.com/github/dmca/blob/master/2025/08/2025-08-25-ukbiobank.md; https://github.com/ashwinas88/UKBB_GWAS_dev/blob/ab96228a871cf9b91cc49672ed57118deb094485/analysis/Tinnitus_phenotype.ipynb; https://github.com/ashwinas88/UKBB_GWAS_dev; https://github.com/github/dmca/blob/master/2025/08/2025-08-25-ukbiobank.md; https://github.com/ashwinas88/UKBB_GWAS_dev/blob/4825b9c483f2d11d7e8787cb6410d34fb6158d85/analysis/Tinnitus_phenotype.ipynb; https://github.com/ashwinas88/UKBB_GWAS_dev; https://github.com/github/dmca/blob/master/2025/08/2025-08-25-ukbiobank.md; https://github.com/ashwinas88/UKBB_GWAS_dev/blob/dc52c3ebf35d92025713f58b61dc11b33b1cd203/code/bash/Isabelle_Finnish_variants.ipynb; https://github.com/ashwinas88/UKBB_GWAS_dev; https://github.com/github/dmca/blob/master/2025/08/2025-08-25-ukbiobank.md; https://github.com/ashwinas88/UKBB_GWAS_dev/blob/804a49e20903d8a6a7eafcb7472453c5ea2dcde8/code/MWE/MWE_AD.ipynb; https://github.com/ashwinas88/UKBB_GWAS_dev; https://github.com/github/dmca/blob/master/2025/08/2025-08-25-ukbiobank.md; https://github.com/ashwinas88/UKBB_GWAS_dev/blob/804a49e20903d8a6a7eafcb7472453c5ea2dcde8/code/MWE/MWE_regenie_burden_pheno.ipynb; https://github.com/ashwinas88/UKBB_GWAS_dev; https://github.com/github/dmca/blob/master/2025/08/2025-08-25-ukbiobank.md; https://github.com/ashwinas88/UKBB_GWAS_dev/blob/102fe2fbfabeccc05aa3edcb2157bbe2e875ea6d/code/python/python_learning.ipynb; https://github.com/ashwinas88/UKBB_GWAS_dev; https://github.com/github/dmca/blob/master/2025/08/2025-08-25-ukbiobank.md; https://github.com/ashwinas88/UKBB_GWAS_dev/blob/971ef3385e9079e87e78cc47558d9c8d4bf9f40a/code/python/python_learning.ipynb; https://github.com/ashwinas88/UKBB_GWAS_dev; https://github.com/github/dmca/blob/master/2025/08/2025-08-25-ukbiobank.md; https://github.com/ashwinas88/UKBB_GWAS_dev/blob/4fc4f271f66081f2d1aac1a32dd0ed65ce1ca360/code/python/python_learning.ipynb; https://github.com/ashwinas88/UKBB_GWAS_dev; https://github.com/github/dmca/blob/master/2025/08/2025-08-25-ukbiobank.md; https://github.com/ashwinas88/UKBB_GWAS_dev/blob/6aed9da8a818e76d3789403e4ee555187702fecc/code/python/python_learning.ipynb; https://github.com/ashwinas88/UKBB_GWAS_dev; https://github.com/github/dmca/blob/master/2025/08/2025-08-25-ukbiobank.md; https://github.com/ashwinas88/UKBB_GWAS_dev/blob/f50e9be82c5beab0281766f29d41e0a9da0468d3/code/python/python_learning.ipynb; https://github.com/ashwinas88/UKBB_GWAS_dev; https://github.com/github/dmca/blob/master/2025/08/2025-08-25-ukbiobank.md; https://github.com/ashwinas88/UKBB_GWAS_dev/blob/2b4ffafb0186855535bcc972f681d6b63b82679a/code/python/python_learning.ipynb; https://github.com/ashwinas88/UKBB_GWAS_dev; https://github.com/github/dmca/blob/master/2025/08/2025-08-25-ukbiobank.md; https://github.com/ashwinas88/UKBB_GWAS_dev/blob/56f48b92ababf99158d0cad6579bc20bcafcdb9a/code/python/python_learning.ipynb; https://github.com/ashwinas88/UKBB_GWAS_dev; https://github.com/github/dmca/blob/master/2025/08/2025-08-25-ukbiobank.md; https://github.com/ashwinas88/UKBB_GWAS_dev/blob/57e89f3af7ac3b7de2bcf1bb7dddd19196b4382e/code/python/python_learning.ipynb; https://github.com/ashwinas88/UKBB_GWAS_dev; https://github.com/github/dmca/blob/master/2025/08/2025-08-25-ukbiobank.md; https://github.com/ashwinas88/UKBB_GWAS_dev/blob/278b2d434f55ca2c80b92d6a7ef154d43377568d/code/python/python_learning.ipynb; https://github.com/ashwinas88/UKBB_GWAS_dev; https://github.com/github/dmca/blob/master/2025/08/2025-08-25-ukbiobank.md; https://github.com/ashwinas88/UKBB_GWAS_dev/blob/804a49e20903d8a6a7eafcb7472453c5ea2dcde8/code/python/python_learning.ipynb; https://github.com/ashwinas88/UKBB_GWAS_dev; https://github.com/github/dmca/blob/master/2025/08/2025-08-25-ukbiobank.md; https://github.com/ashwinas88/UKBB_GWAS_dev/blob/c3e8477fc34fa42b1cdff93b294b8dd3e00a880c/code/python/python_learning.ipynb; https://github.com/ashwinas88/UKBB_GWAS_dev; https://github.com/github/dmca/blob/master/2025/08/2025-08-25-ukbiobank.md; https://github.com/ashwinas88/UKBB_GWAS_dev/blob/2f49ad49367d202c4f41ab7d670ae7dd2d757709/code/python/python_learning.ipynb; https://github.com/ashwinas88/UKBB_GWAS_dev; https://github.com/github/dmca/blob/master/2025/08/2025-08-25-ukbiobank.md; https://github.com/ashwinas88/UKBB_GWAS_dev/blob/48e6f7974c1bdd9325e36eaf3f4fdb4bed1e0707/code/python/python_learning.ipynb; https://github.com/ashwinas88/UKBB_GWAS_dev; https://github.com/github/dmca/blob/master/2025/08/2025-08-25-ukbiobank.md; https://github.com/ashwinas88/UKBB_GWAS_dev/blob/aed75ac8927f91e1dae86bda870fa878e9483199/code/python/python_learning.ipynb; https://github.com/ashwinas88/UKBB_GWAS_dev; https://github.com/github/dmca/blob/master/2025/08/2025-08-25-ukbiobank.md; https://github.com/ashwinas88/UKBB_GWAS_dev/blob/34a284b66ddeda687ba1281f35aabeb139317b24/code/python/python_learning.ipynb; https://github.com/ashwinas88/UKBB_GWAS_dev; https://github.com/github/dmca/blob/master/2025/08/2025-08-25-ukbiobank.md; https://github.com/ashwinas88/UKBB_GWAS_dev/blob/2fc7f1e00cb0727eefb7e1ea8736dc4c9623b8af/code/python/python_learning.ipynb; https://github.com/ashwinas88/UKBB_GWAS_dev; https://github.com/github/dmca/blob/master/2025/08/2025-08-25-ukbiobank.md; https://github.com/ashwinas88/UKBB_GWAS_dev/blob/804a49e20903d8a6a7eafcb7472453c5ea2dcde8/code/R/exclusion_criteria_sample.ipynb; https://github.com/ashwinas88/UKBB_GWAS_dev; https://github.com/github/dmca/blob/master/2025/08/2025-08-25-ukbiobank.md; https://github.com/ashwinas88/UKBB_GWAS_dev/blob/804a49e20903d8a6a7eafcb7472453c5ea2dcde8/code/R/HI_allwhites.ipynb; https://github.com/ashwinas88/UKBB_GWAS_dev; https://github.com/github/dmca/blob/master/2025/08/2025-08-25-ukbiobank.md; https://github.com/ashwinas88/UKBB_GWAS_dev/blob/0fe39c400c2423ecc3c4f5abcd271080e1ffb619/code/R/pca_preview_projection.ipynb; https://github.com/ashwinas88/UKBB_GWAS_dev; https://github.com/github/dmca/blob/master/2025/08/2025-08-25-ukbiobank.md; https://github.com/ashwinas88/UKBB_GWAS_dev/blob/c11ef64dd311ba90958b43c4371fe31fb24e71c7/code/R/Sample_size_HI_UKB.ipynb; https://github.com/ashwinas88/UKBB_GWAS_dev; https://github.com/github/dmca/blob/master/2025/08/2025-08-25-ukbiobank.md; https://github.com/ashwinas88/UKBB_GWAS_dev/blob/0fe39c400c2423ecc3c4f5abcd271080e1ffb619/code/R/unrelated_megan.ipynb; https://github.com/ashwinas88/UKBB_GWAS_dev; https://github.com/github/dmca/blob/master/2025/08/2025-08-25-ukbiobank.md; https://github.com/ashwinas88/UKBB_GWAS_dev/blob/45f74f9c0c0c020e52281249e6e520a1dce47146/data/MWE0612/genotypes.bed; https://github.com/ashwinas88/UKBB_GWAS_dev; https://github.com/github/dmca/blob/master/2025/08/2025-08-25-ukbiobank.md; https://github.com/ashwinas88/UKBB_GWAS_dev/blob/45f74f9c0c0c020e52281249e6e520a1dce47146/data/MWE0612/genotypes.bim; https://github.com/ashwinas88/UKBB_GWAS_dev; https://github.com/github/dmca/blob/master/2025/08/2025-08-25-ukbiobank.md; https://github.com/ashwinas88/UKBB_GWAS_dev/blob/45f74f9c0c0c020e52281249e6e520a1dce47146/data/MWE0612/genotypes.fam; https://github.com/ashwinas88/UKBB_GWAS_dev; https://github.com/github/dmca/blob/master/2025/08/2025-08-25-ukbiobank.md; https://github.com/ashwinas88/UKBB_GWAS_dev/blob/45f74f9c0c0c020e52281249e6e520a1dce47146/data/MWE0612/imputed_genotypes.sample; https://github.com/ashwinas88/UKBB_GWAS_dev; https://github.com/github/dmca/blob/master/2025/08/2025-08-25-ukbiobank.md; https://github.com/ashwinas88/UKBB_GWAS_dev/blob/45f74f9c0c0c020e52281249e6e520a1dce47146/data/MWE0612/imputed_genotypes_chr21.bgen; https://github.com/ashwinas88/UKBB_GWAS_dev; https://github.com/github/dmca/blob/master/2025/08/2025-08-25-ukbiobank.md; https://github.com/ashwinas88/UKBB_GWAS_dev/blob/45f74f9c0c0c020e52281249e6e520a1dce47146/data/MWE0612/imputed_genotypes_chr21.bgen.bgi; https://github.com/ashwinas88/UKBB_GWAS_dev; https://github.com/github/dmca/blob/master/2025/08/2025-08-25-ukbiobank.md; https://github.com/ashwinas88/UKBB_GWAS_dev/blob/45f74f9c0c0c020e52281249e6e520a1dce47146/data/MWE0612/imputed_genotypes_chr22.bgen; https://github.com/ashwinas88/UKBB_GWAS_dev; https://github.com/github/dmca/blob/master/2025/08/2025-08-25-ukbiobank.md; https://github.com/ashwinas88/UKBB_GWAS_dev/blob/45f74f9c0c0c020e52281249e6e520a1dce47146/data/MWE0612/imputed_genotypes_chr22.bgen.bgi; https://github.com/ashwinas88/UKBB_GWAS_dev; https://github.com/github/dmca/blob/master/2025/08/2025-08-25-ukbiobank.md; https://github.com/ashwinas88/UKBB_GWAS_dev/blob/45f74f9c0c0c020e52281249e6e520a1dce47146/data/MWE0612/phenotypes.txt; https://github.com/ashwinas88/UKBB_GWAS_dev; https://github.com/github/dmca/blob/master/2025/08/2025-08-25-ukbiobank.md; https://github.com/ashwinas88/UKBB_GWAS_dev/blob/45f74f9c0c0c020e52281249e6e520a1dce47146/data/MWE0612/unrelated_samples.txt; https://github.com/ashwinas88/UKBB_GWAS_dev; https://github.com/github/dmca/blob/master/2025/08/2025-08-25-ukbiobank.md; https://github.com/ashwinas88/UKBB_GWAS_dev/blob/53b744b6d7928e7faeda71657144a2125e3f0442/data/phenotypes/UKB_caucasians_BMIwaisthip_AsthmaAndT2D_INT-BMI_withagesex_041720; https://github.com/ashwinas88/UKBB_GWAS_dev; https://github.com/github/dmca/blob/master/2025/08/2025-08-25-ukbiobank.md; https://github.com/ashwinas88/UKBB_GWAS_dev/blob/53b744b6d7928e7faeda71657144a2125e3f0442/data/phenotypes/UKB_caucasians_BMIwaisthip_AsthmaAndT2D_INT-WHR_withagesex_042020; https://github.com/ashwinas88/UKBB_GWAS_dev; https://github.com/github/dmca/blob/master/2025/08/2025-08-25-ukbiobank.md; https://github.com/ashwinas88/UKBB_GWAS_dev/blob/53b744b6d7928e7faeda71657144a2125e3f0442/data/phenotypes/UKB_caucasians_BMIwaisthip_AsthmaAndT2D_withagesex_033120; https://github.com/ashwinas88/UKBB_GWAS_dev; https://github.com/github/dmca/blob/master/2025/08/2025-08-25-ukbiobank.md; https://github.com/ashwinas88/UKBB_GWAS_dev/blob/53b744b6d7928e7faeda71657144a2125e3f0442/data/test/file1.snp_stats.bgen.gz; https://github.com/ashwinas88/UKBB_GWAS_dev; https://github.com/github/dmca/blob/master/2025/08/2025-08-25-ukbiobank.md; https://github.com/ashwinas88/UKBB_GWAS_dev/blob/53b744b6d7928e7faeda71657144a2125e3f0442/data/test/file2.snp_stats.bgen.gz; https://github.com/ashwinas88/UKBB_GWAS_dev; https://github.com/github/dmca/blob/master/2025/08/2025-08-25-ukbiobank.md; https://github.com/ashwinas88/UKBB_GWAS_dev/blob/6d6bb198c63febedd3eea863ceadb835a99a3d83/docs/analysis/Hearing_phenotype.html; https://github.com/ashwinas88/UKBB_GWAS_dev; https://github.com/github/dmca/blob/master/2025/08/2025-08-25-ukbiobank.md; https://github.com/ashwinas88/UKBB_GWAS_dev/blob/6d6bb198c63febedd3eea863ceadb835a99a3d83/docs/analysis/pheno_analysis_pleiotropy.html; https://github.com/ashwinas88/UKBB_GWAS_dev; https://github.com/github/dmca/blob/master/2025/08/2025-08-25-ukbiobank.md; https://github.com/ashwinas88/UKBB_GWAS_dev/blob/037c750e6b8c7691daf79caaf121f1a90a339a4b/docs/analysis/phenotype_analysis.html; https://github.com/ashwinas88/UKBB_GWAS_dev; https://github.com/github/dmca/blob/master/2025/08/2025-08-25-ukbiobank.md; https://github.com/ashwinas88/UKBB_GWAS_dev/blob/1453a0d02dbb827f78c308dc8f96a10a0ae11f76/docs/analysis/phenotype_analysis.html; https://github.com/ashwinas88/UKBB_GWAS_dev; https://github.com/github/dmca/blob/master/2025/08/2025-08-25-ukbiobank.md; https://github.com/ashwinas88/UKBB_GWAS_dev/blob/25081a979c342ad9b6b13f7e9c757c61417df84e/docs/analysis/phenotype_analysis.html; https://github.com/ashwinas88/UKBB_GWAS_dev; https://github.com/github/dmca/blob/master/2025/08/2025-08-25-ukbiobank.md; https://github.com/ashwinas88/UKBB_GWAS_dev/blob/6d6bb198c63febedd3eea863ceadb835a99a3d83/docs/analysis/SRT_phenotype.html; https://github.com/ashwinas88/UKBB_GWAS_dev; https://github.com/github/dmca/blob/master/2025/08/2025-08-25-ukbiobank.md; https://github.com/ashwinas88/UKBB_GWAS_dev/blob/6d6bb198c63febedd3eea863ceadb835a99a3d83/docs/analysis/Tinnitus_phenotype.html; https://github.com/ashwinas88/UKBB_GWAS_dev; https://github.com/github/dmca/blob/master/2025/08/2025-08-25-ukbiobank.md; https://github.com/ashwinas88/UKBB_GWAS_dev/blob/6d6bb198c63febedd3eea863ceadb835a99a3d83/docs/workflow/plink_extract.html; https://github.com/ashwinas88/UKBB_GWAS_dev; https://github.com/github/dmca/blob/master/2025/08/2025-08-25-ukbiobank.md; https://github.com/ashwinas88/UKBB_GWAS_dev/blob/0cc8fbf31ccaaa9ddcadffe863cedddc25350bb0/file1.snp_stats.bgen.gz; https://github.com/ashwinas88/UKBB_GWAS_dev; https://github.com/github/dmca/blob/master/2025/08/2025-08-25-ukbiobank.md; https://github.com/ashwinas88/UKBB_GWAS_dev/blob/64134313e5d1eb16f0c1a1b066209d9cb3750232/PCA.ipynb; https://github.com/ashwinas88/UKBB_GWAS_dev; https://github.com/github/dmca/blob/master/2025/08/2025-08-25-ukbiobank.md; https://github.com/ashwinas88/UKBB_GWAS_dev/blob/0d1011f2d8192bb0a4302313d62833759e21e03e/PCA.ipynb; https://github.com/ashwinas88/UKBB_GWAS_dev; https://github.com/github/dmca/blob/master/2025/08/2025-08-25-ukbiobank.md; https://github.com/ashwinas88/UKBB_GWAS_dev/blob/3c2a2d4bdae25e6f9b8832af6e7099353b50d732/PCA.ipynb; https://github.com/ashwinas88/UKBB_GWAS_dev; https://github.com/github/dmca/blob/master/2025/08/2025-08-25-ukbiobank.md; https://github.com/ashwinas88/UKBB_GWAS_dev/blob/0cc8fbf31ccaaa9ddcadffe863cedddc25350bb0/phenotypes/UKB_caucasians_BMIwaisthip_AsthmaAndT2D_INT-BMI_withagesex_041720; https://github.com/ashwinas88/UKBB_GWAS_dev; https://github.com/github/dmca/blob/master/2025/08/2025-08-25-ukbiobank.md; https://github.com/ashwinas88/UKBB_GWAS_dev/blob/91fed5b03e7e45091f78e6fd6c8d2d6ee4962feb/phenotypes/UKB_caucasians_BMIwaisthip_AsthmaAndT2D_INT-WAIST_withagesex_042020; https://github.com/ashwinas88/UKBB_GWAS_dev; https://github.com/github/dmca/blob/master/2025/08/2025-08-25-ukbiobank.md; https://github.com/ashwinas88/UKBB_GWAS_dev/blob/2c641b936149792b10271241afb1669c9b4f01ff/phenotypes/UKB_caucasians_BMIwaisthip_AsthmaAndT2D_INT-WHR_withagesex_042020; https://github.com/ashwinas88/UKBB_GWAS_dev; https://github.com/github/dmca/blob/master/2025/08/2025-08-25-ukbiobank.md; https://github.com/ashwinas88/UKBB_GWAS_dev/blob/0cc8fbf31ccaaa9ddcadffe863cedddc25350bb0/phenotypes/UKB_caucasians_BMIwaisthip_AsthmaAndT2D_withagesex_033120; https://github.com/ashwinas88/UKBB_GWAS_dev; https://github.com/github/dmca/blob/master/2025/08/2025-08-25-ukbiobank.md; https://github.com/ashwinas88/UKBB_GWAS_dev/blob/804a49e20903d8a6a7eafcb7472453c5ea2dcde8/test/Difference_exome_data.ipynb; https://github.com/ashwinas88/UKBB_GWAS_dev; https://github.com/github/dmca/blob/master/2025/08/2025-08-25-ukbiobank.md; https://github.com/ashwinas88/UKBB_GWAS_dev/blob/54b64a104220a7ca9999c0924ae5fbde001ebbe1/test/Difference_exome_data.ipynb; https://github.com/ashwinas88/UKBB_GWAS_dev; https://github.com/github/dmca/blob/master/2025/08/2025-08-25-ukbiobank.md; https://github.com/ashwinas88/UKBB_GWAS_dev/blob/07f46ec4d60daf917f862d727427eb4185f439fb/Test/file1.snp_stats.bgen.gz; https://github.com/ashwinas88/UKBB_GWAS_dev; https://github.com/github/dmca/blob/master/2025/08/2025-08-25-ukbiobank.md; https://github.com/ashwinas88/UKBB_GWAS_dev/blob/07f46ec4d60daf917f862d727427eb4185f439fb/Test/file2.snp_stats.bgen.gz; https://github.com/ashwinas88/UKBB_GWAS_dev; https://github.com/github/dmca/blob/master/2025/08/2025-08-25-ukbiobank.md; https://github.com/ashwinas88/UKBB_GWAS_dev/blob/fb834684c2d2138bd4b5a3d0430532d71b21bc66/test/PCA.ipynb; https://github.com/ashwinas88/UKBB_GWAS_dev; https://github.com/github/dmca/blob/master/2025/08/2025-08-25-ukbiobank.md; https://github.com/ashwinas88/UKBB_GWAS_dev/blob/54b64a104220a7ca9999c0924ae5fbde001ebbe1/test/PCA.ipynb; https://github.com/ashwinas88/UKBB_GWAS_dev; https://github.com/github/dmca/blob/master/2025/08/2025-08-25-ukbiobank.md; https://github.com/ashwinas88/UKBB_GWAS_dev/blob/e36fca46540a64d5af9278f70de3dcedffdd51ff/test/PCA_manhadist.ipynb; https://github.com/ashwinas88/UKBB_GWAS_dev; https://github.com/github/dmca/blob/master/2025/08/2025-08-25-ukbiobank.md; https://github.com/ashwinas88/UKBB_GWAS_dev/blob/c1f093e88d541463ca70ad81d4790630c62e0364/test/PCA_manhadist.ipynb; https://github.com/ashwinas88/UKBB_GWAS_dev; https://github.com/github/dmca/blob/master/2025/08/2025-08-25-ukbiobank.md; https://github.com/ashwinas88/UKBB_GWAS_dev/blob/a00ae9e7793d1517e70c1785839d2f625d5818e0/test/PCA_manhadist.ipynb; https://github.com/ashwinas88/UKBB_GWAS_dev; https://github.com/github/dmca/blob/master/2025/08/2025-08-25-ukbiobank.md; https://github.com/ashwinas88/UKBB_GWAS_dev/blob/0ea1ca1788e450dee3e3b81d38ea348bf3058d9f/test/PCA_manhadist.ipynb; https://github.com/ashwinas88/UKBB_GWAS_dev; https://github.com/github/dmca/blob/master/2025/08/2025-08-25-ukbiobank.md; https://github.com/ashwinas88/UKBB_GWAS_dev/blob/9543a013b8bf04c2f03df01e51dbfa8b7015985d/test/PCA_manhadist.ipynb; https://github.com/ashwinas88/UKBB_GWAS_dev; https://github.com/github/dmca/blob/master/2025/08/2025-08-25-ukbiobank.md; https://github.com/ashwinas88/UKBB_GWAS_dev/blob/71a4847f48b42a0dd5c6f86a83cf535e8b5eceb3/test/PCA_manhadist.ipynb; https://github.com/ashwinas88/UKBB_GWAS_dev; https://github.com/github/dmca/blob/master/2025/08/2025-08-25-ukbiobank.md; https://github.com/ashwinas88/UKBB_GWAS_dev/blob/7bd802e76cc2a65a224a1591dc97513db86c9a2c/test/PCA_manhadist.ipynb; https://github.com/ashwinas88/UKBB_GWAS_dev; https://github.com/github/dmca/blob/master/2025/08/2025-08-25-ukbiobank.md; https://github.com/ashwinas88/UKBB_GWAS_dev/blob/19ffa2cf6fb9b322589845d6cd7abf89da57d270/test/PCA_manhadist.ipynb; https://github.com/ashwinas88/UKBB_GWAS_dev; https://github.com/github/dmca/blob/master/2025/08/2025-08-25-ukbiobank.md; https://github.com/ashwinas88/UKBB_GWAS_dev/blob/8d2e7e1d23698ed613c284e7dd6441cdc7aec03e/test/PCA_manhadist.ipynb; https://github.com/ashwinas88/UKBB_GWAS_dev; https://github.com/github/dmca/blob/master/2025/08/2025-08-25-ukbiobank.md; https://github.com/ashwinas88/UKBB_GWAS_dev/blob/804a49e20903d8a6a7eafcb7472453c5ea2dcde8/test/PCA_manhadist.ipynb; https://github.com/ashwinas88/UKBB_GWAS_dev; https://github.com/github/dmca/blob/master/2025/08/2025-08-25-ukbiobank.md; https://github.com/ashwinas88/UKBB_GWAS_dev/blob/48e6f7974c1bdd9325e36eaf3f4fdb4bed1e0707/test/PCA_select_samples.ipynb; https://github.com/ashwinas88/UKBB_GWAS_dev; https://github.com/github/dmca/blob/master/2025/08/2025-08-25-ukbiobank.md; https://github.com/ashwinas88/UKBB_GWAS_dev/blob/6d4743309518e9bb2933fa80b9f664c25a49346b/test/PCA_select_samples.ipynb; https://github.com/ashwinas88/UKBB_GWAS_dev; https://github.com/github/dmca/blob/master/2025/08/2025-08-25-ukbiobank.md; https://github.com/ashwinas88/UKBB_GWAS_dev/blob/804a49e20903d8a6a7eafcb7472453c5ea2dcde8/test/PCA_select_samples.ipynb; https://github.com/ashwinas88/UKBB_GWAS_dev; https://github.com/github/dmca/blob/master/2025/08/2025-08-25-ukbiobank.md; https://github.com/ashwinas88/UKBB_GWAS_dev/blob/2ebaadba1d23d77b3b3f89202f7aec4ad7dda595/test/PCA_select_samples.ipynb; https://github.com/ashwinas88/UKBB_GWAS_dev; https://github.com/github/dmca/blob/master/2025/08/2025-08-25-ukbiobank.md; https://github.com/ashwinas88/UKBB_GWAS_dev/blob/91835b9a91dc05da9b751565d5fe30dcd5c00d97/test/PCA_select_samples.ipynb; https://github.com/ashwinas88/UKBB_GWAS_dev; https://github.com/github/dmca/blob/master/2025/08/2025-08-25-ukbiobank.md; https://github.com/ashwinas88/UKBB_GWAS_dev/blob/71a4847f48b42a0dd5c6f86a83cf535e8b5eceb3/test/PCA_select_samples.ipynb; https://github.com/ashwinas88/UKBB_GWAS_dev; https://github.com/github/dmca/blob/master/2025/08/2025-08-25-ukbiobank.md; https://github.com/ashwinas88/UKBB_GWAS_dev/blob/6a2ddf2e053859d7433cb9f4606d96c2a612b58b/test/PCA_select_samples.ipynb; https://github.com/ashwinas88/UKBB_GWAS_dev; https://github.com/github/dmca/blob/master/2025/08/2025-08-25-ukbiobank.md; https://github.com/ashwinas88/UKBB_GWAS_dev/blob/7bd802e76cc2a65a224a1591dc97513db86c9a2c/test/PCA_select_samples.ipynb; https://github.com/ashwinas88/UKBB_GWAS_dev; https://github.com/github/dmca/blob/master/2025/08/2025-08-25-ukbiobank.md; https://github.com/ashwinas88/UKBB_GWAS_dev/blob/19ffa2cf6fb9b322589845d6cd7abf89da57d270/test/PCA_select_samples.ipynb; https://github.com/ashwinas88/UKBB_GWAS_dev; https://github.com/github/dmca/blob/master/2025/08/2025-08-25-ukbiobank.md; https://github.com/ashwinas88/UKBB_GWAS_dev/blob/80c4dfd7ae7611e37489a7ad01ab494c6c851b5c/test/PCA_with_bigsnpr.ipynb; https://github.com/ashwinas88/UKBB_GWAS_dev; https://github.com/github/dmca/blob/master/2025/08/2025-08-25-ukbiobank.md; https://github.com/ashwinas88/UKBB_GWAS_dev/blob/54b64a104220a7ca9999c0924ae5fbde001ebbe1/test/Pleiotropy_lipids_analysis.ipynb; https://github.com/ashwinas88/UKBB_GWAS_dev; https://github.com/github/dmca/blob/master/2025/08/2025-08-25-ukbiobank.md; https://github.com/ashwinas88/UKBB_GWAS_dev/blob/fc17586ed21880cd931fba9a6e976de191490d4d/test/Testing_PCA.ipynb; https://github.com/ashwinas88/UKBB_GWAS_dev; https://github.com/github/dmca/blob/master/2025/08/2025-08-25-ukbiobank.md; https://github.com/ashwinas88/UKBB_GWAS_dev/blob/54b64a104220a7ca9999c0924ae5fbde001ebbe1/test/Testing_PCA.ipynb; https://github.com/ashwinas88/UKBB_GWAS_dev; https://github.com/github/dmca/blob/master/2025/08/2025-08-25-ukbiobank.md; https://github.com/ashwinas88/UKBB_GWAS_dev/blob/82562a8759371562633cd4d07cbbc760fd956f66/Testing_PCA.ipynb; https://github.com/ashwinas88/UKBB_GWAS_dev; https://github.com/github/dmca/blob/master/2025/08/2025-08-25-ukbiobank.md; https://github.com/ashwinas88/UKBB_GWAS_dev/blob/759406ce600644124702c9c0cd9ad07436c883b2/Testing_PCA.ipynb; https://github.com/ashwinas88/UKBB_GWAS_dev; https://github.com/github/dmca/blob/master/2025/08/2025-08-25-ukbiobank.md; https://github.com/ashwinas88/UKBB_GWAS_dev/blob/d19fbfec6fdce92c2af3ee53ef4289d08274477c/Testing_PCA.ipynb; https://github.com/ashwinas88/UKBB_GWAS_dev; https://github.com/github/dmca/blob/master/2025/08/2025-08-25-ukbiobank.md; https://github.com/ashwinas88/UKBB_GWAS_dev/blob/8f6427a5f2056692cec55350bea255737b3ace60/Testing_PCA.ipynb; https://github.com/ashwinas88/UKBB_GWAS_dev; https://github.com/github/dmca/blob/master/2025/08/2025-08-25-ukbiobank.md; https://github.com/ashwinas88/UKBB_GWAS_dev/blob/87ed42ddb44c9898464f9b34cf1e18a7c8e66ce9/Testing_PCA.ipynb; https://github.com/ashwinas88/UKBB_GWAS_dev; https://github.com/github/dmca/blob/master/2025/08/2025-08-25-ukbiobank.md; https://github.com/ashwinas88/UKBB_GWAS_dev/blob/c5ec26c682faec823325ce529bc0204c5c129288/workflow/020822_hearing_noise_500K_guangyou.ipynb; https://github.com/ashwinas88/UKBB_GWAS_dev; https://github.com/github/dmca/blob/master/2025/08/2025-08-25-ukbiobank.md; https://github.com/ashwinas88/UKBB_GWAS_dev/blob/91bf2a8050c12f94567fcc65943a804da4f28d9b/workflow/020822_hearing_noise_500K_guangyou.ipynb; https://github.com/ashwinas88/UKBB_GWAS_dev; https://github.com/github/dmca/blob/master/2025/08/2025-08-25-ukbiobank.md; https://github.com/ashwinas88/UKBB_GWAS_dev/blob/32dcb96c290af07785db4b0a0dd89e9216242c6f/workflow/020822_hearing_noise_500K_guangyou.ipynb; https://github.com/ashwinas88/UKBB_GWAS_dev; https://github.com/github/dmca/blob/master/2025/08/2025-08-25-ukbiobank.md; https://github.com/ashwinas88/UKBB_GWAS_dev/blob/1741b6d6bdefe703b66550a0bbaf36228292105f/workflow/020822_hearing_noise_500K_guangyou.ipynb; https://github.com/ashwinas88/UKBB_GWAS_dev; https://github.com/github/dmca/blob/master/2025/08/2025-08-25-ukbiobank.md; https://github.com/ashwinas88/UKBB_GWAS_dev/blob/990dc80ee2f7a670ce2ef8ebce5f92ada88be2fc/workflow/020822_hearing_noise_500K_guangyou.ipynb; https://github.com/ashwinas88/UKBB_GWAS_dev; https://github.com/github/dmca/blob/master/2025/08/2025-08-25-ukbiobank.md; https://github.com/ashwinas88/UKBB_GWAS_dev/blob/1741b6d6bdefe703b66550a0bbaf36228292105f/workflow/021522_GWAS_HI_noise_500k_scripts.ipynb; https://github.com/ashwinas88/UKBB_GWAS_dev; https://github.com/github/dmca/blob/master/2025/08/2025-08-25-ukbiobank.md; https://github.com/ashwinas88/UKBB_GWAS_dev/blob/ffe851d27210ad2797320406ced73e4ff446f267/workflow/021522_GWAS_HI_noise_500k_scripts.ipynb; https://github.com/ashwinas88/UKBB_GWAS_dev; https://github.com/github/dmca/blob/master/2025/08/2025-08-25-ukbiobank.md; https://github.com/ashwinas88/UKBB_GWAS_dev/blob/2b29c356004d5b9fab316543e84c7009cd510e66/workflow/plink_extract.ipynb; https://github.com/ashwinas88/UKBB_GWAS_dev; https://github.com/github/dmca/blob/master/2025/08/2025-08-25-ukbiobank.md; https://github.com/ashwinas88/UKBB_GWAS_dev/blob/8497081517482197627348a913f9d3a15db56a8a/workflow/plink_extract.ipynb; https://github.com/ashwinas88/UKBB_GWAS_dev; https://github.com/github/dmca/blob/master/2025/08/2025-08-25-ukbiobank.md; https://github.com/ashwinas88/UKBB_GWAS_dev/blob/a6b12cce196d4e4766a9f77fb38ccbabb3389a67/workflow/plink_extract.ipynb; https://github.com/ashwinas88/UKBB_GWAS_dev; https://github.com/github/dmca/blob/master/2025/08/2025-08-25-ukbiobank.md; https://github.com/ashwinas88/UKBB_GWAS_dev/blob/a039049fc91e2dee3d85c31138ffd3f7073ec192/workflow/plink_extract.ipynb; https://github.com/ashwinas88/UKBB_GWAS_dev; https://github.com/github/dmca/blob/master/2025/08/2025-08-25-ukbiobank.md; https://github.com/ashwinas88/UKBB_GWAS_dev/blob/52309b758ed44fc09a2d6eca7494c3dfeb8bad75/workflow/plink_extract.ipynb; https://github.com/ashwinas88/UKBB_GWAS_dev; https://github.com/github/dmca/blob/master/2025/08/2025-08-25-ukbiobank.md; https://github.com/ashwinas88/UKBB_GWAS_dev/blob/95d5ebc8ef9408a2569a30fdb2e55ccc96d38274/workflow/QC_Exome_UKBB.ipynb; https://github.com/ashwinas88/UKBB_GWAS_dev; https://github.com/github/dmca/blob/master/2025/08/2025-08-25-ukbiobank.md; https://github.com/ashwinas88/UKBB_GWAS_dev/blob/4740304c6f383f5291f1ed396949d2235b566a7a/workflow/QC_Exome_UKBB.ipynb; https://github.com/ashwinas88/UKBB_GWAS_dev; https://github.com/github/dmca/blob/master/2025/08/2025-08-25-ukbiobank.md; https://github.com/ashwinas88/UKBB_GWAS_dev/blob/764a5f2feb90f4763cb941a8648c87f50227d495/workflow/rarevarianttable.ipynb; https://github.com/ashwinas88/UKBB_GWAS_dev; https://github.com/github/dmca/blob/master/2025/08/2025-08-25-ukbiobank.md; https://github.com/ashwinas88/UKBB_GWAS_dev/blob/c5ec26c682faec823325ce529bc0204c5c129288/workflow/rarevarianttable.ipynb; https://github.com/ashwinas88/UKBB_GWAS_dev; https://github.com/github/dmca/blob/master/2025/08/2025-08-25-ukbiobank.md; https://github.com/ashwinas88/UKBB_GWAS_dev/blob/ecfa95d13d353b5178a963cfe9a8fa11a10bb8ec/workflow/rarevarianttable.ipynb; https://github.com/ashwinas88/UKBB_GWAS_dev; https://github.com/github/dmca/blob/master/2025/08/2025-08-25-ukbiobank.md; https://github.com/ashwinas88/UKBB_GWAS_dev/blob/66bc7c5e5c5dd34afb83bdc3f04cf6304e415b13/workflow/rarevarianttable.ipynb; https://github.com/ashwinas88/UKBB_GWAS_dev; https://github.com/github/dmca/blob/master/2025/08/2025-08-25-ukbiobank.md; https://github.com/ashwinas88/UKBB_GWAS_dev/blob/2cc2d086e984e797ec0bc7b6e09715d114acd9f4/workflow/rarevarianttable.ipynb; https://github.com/ashwinas88/UKBB_GWAS_dev; https://github.com/github/dmca/blob/master/2025/08/2025-08-25-ukbiobank.md; https://github.com/ashwinas88/UKBB_GWAS_dev/blob/c54f4ea7f52ab50cc0f219af621eccbbc5ff6154/workflow/rarevarianttable.ipynb; https://github.com/ashwinas88/UKBB_GWAS_dev; https://github.com/github/dmca/blob/master/2025/08/2025-08-25-ukbiobank.md; https://github.com/ashwinas88/UKBB_GWAS_dev/blob/642f6d2069ac471419e92d1bad8349a26cc0517b/workflow/rarevarianttable.ipynb; https://github.com/ashwinas88/UKBB_GWAS_dev; https://github.com/github/dmca/blob/master/2025/08/2025-08-25-ukbiobank.md; https://github.com/ashwinas88/UKBB_GWAS_dev/blob/e1b2298077b8b1db8e2fd4a8cc22486d1342a05a/workflow/rarevarianttable.ipynb; https://github.com/ashwinas88/UKBB_GWAS_dev; https://github.com/github/dmca/blob/master/2025/08/2025-08-25-ukbiobank.md; https://github.com/ashwinas88/UKBB_GWAS_dev/blob/d0adb27a2c621b982d3e31fe2349e6e1a5cf7662/workflow/UKBB_QC_genoarray.ipynb; https://github.com/ashwinas88/UKBB_GWAS_dev; https://github.com/github/dmca/blob/master/2025/08/2025-08-25-ukbiobank.md; https://github.com/ashwinas88/UKBB_GWAS_dev/blob/ebba7381347cdccbb15a39214fef2f7f1e833b66/workflow/UKBB_QC_genoarray.ipynb; https://github.com/ashwinas88/UKBB_GWAS_dev; https://github.com/github/dmca/blob/master/2025/08/2025-08-25-ukbiobank.md; https://github.com/ashwinas88/UKBB_GWAS_dev/blob/c11ef64dd311ba90958b43c4371fe31fb24e71c7/workflow/UKBB_QC_genoarray.ipynb; https://github.com/ashwinas88/UKBB_GWAS_dev; https://github.com/github/dmca/blob/master/2025/08/2025-08-25-ukbiobank.md; https://github.com/ashwinas88/UKBB_GWAS_dev/blob/36273d89d9d92f9fc9d512a312e337cbc1a68e54/workflow/UKBB_QC_genoarray.ipynb; https://github.com/ashwinas88/UKBB_GWAS_dev; https://github.com/github/dmca/blob/master/2025/08/2025-08-25-ukbiobank.md; https://github.com/ashwinas88/UKBB_GWAS_dev/blob/87494afedaff4e270ef86a1ac223d9a71707daea/workflow/UKBB_QC_genoarray.ipynb; https://github.com/ashwinas88/UKBB_GWAS_dev; https://github.com/github/dmca/blob/master/2025/08/2025-08-25-ukbiobank.md; https://github.com/ashwinas88/UKBB_GWAS_dev/blob/48e6f7974c1bdd9325e36eaf3f4fdb4bed1e0707/workflow/UKBB_QC_genoarray.ipynb; https://github.com/ashwinas88/UKBB_GWAS_dev; https://github.com/github/dmca/blob/master/2025/08/2025-08-25-ukbiobank.md; https://github.com/ashwinas88/UKBB_GWAS_dev/blob/403833a8895d8e22dbc1f023394dcd2f9e4a3df4/workflow/VCF_QC.ipynb; https://github.com/ashwinas88/UKBB_GWAS_dev; https://github.com/github/dmca/blob/master/2025/08/2025-08-25-ukbiobank.md; https://github.com/ashwinas88/UKBB_GWAS_dev/blob/ec78842cf1e7e3280953e99febc0ad6635492fc5/workflow/VCF_QC.ipynb; https://github.com/ashwinas88/UKBB_GWAS_dev; https://github.com/github/dmca/blob/master/2025/08/2025-08-25-ukbiobank.md; https://github.com/ashwinas88/UKBB_GWAS_dev/blob/a2d82f8b33a2e0b2dcfc18b4c713da491251c8ef/workflow/VCF_QC.ipynb; https://github.com/ashwinas88/UKBB_GWAS_dev; https://github.com/github/dmca/blob/master/2025/08/2025-08-25-ukbiobank.md; https://github.com/ashwinas88/UKBB_GWAS_dev/blob/f7d02df395baa88462d958970ff0e0802f534b6b/workflow/VCF_QC.ipynb; https://github.com/ashwinas88/UKBB_GWAS_dev; https://github.com/github/dmca/blob/master/2025/08/2025-08-25-ukbiobank.md; https://github.com/ashwinas88/UKBB_GWAS_dev/blob/b0b3b049f5a505a5d7b1e1d30a49d14182947b0e/workflow/VCF_QC.ipynb; https://github.com/ashwinas88/UKBB_GWAS_dev; https://github.com/github/dmca/blob/master/2025/08/2025-08-25-ukbiobank.md; https://github.com/ashwinas88/UKBB_GWAS_dev/blob/1ccaf5d8b0d79f3a4414c7956a6c45ccbef82aca/workflow/VCF_QC.ipynb; https://github.com/ashwinas88/UKBB_GWAS_dev; https://github.com/github/dmca/blob/master/2025/08/2025-08-25-ukbiobank.md; https://github.com/ashwinas88/UKBB_GWAS_dev/blob/c4fc1455c68071d461122bd46d5c88976e903e61/workflow/VCF_QC.ipynb; https://github.com/ashwinas88/UKBB_GWAS_dev; https://github.com/github/dmca/blob/master/2025/08/2025-08-25-ukbiobank.md; https://github.com/ashwinas88/UKBB_GWAS_dev/blob/fb437a192824ded7dd78f820336158ddfca8fe6f/workflow/VCF_QC.ipynb; https://github.com/ashwinas88/UKBB_GWAS_dev; https://github.com/github/dmca/blob/master/2025/08/2025-08-25-ukbiobank.md; https://github.com/ashwinas88/UKBB_GWAS_dev/blob/0c84e83bbdc48ef6bc1e370e2f5b2370db8609b1/workflow/VCF_QC.ipynb; https://github.com/ashwinas88/UKBB_GWAS_dev; https://github.com/github/dmca/blob/master/2025/08/2025-08-25-ukbiobank.md; https://github.com/ashwinas88/UKBB_GWAS_dev/blob/cac32c811660bd9b56ec429d5bcea882837fc0f8/workflow/VCF_QC.ipynb; https://github.com/ashwinas88/UKBB_GWAS_dev; https://github.com/github/dmca/blob/master/2025/08/2025-08-25-ukbiobank.md; https://github.com/ashwinas88/UKBB_GWAS_dev/blob/ca06ffa8f672160c0fd36f1f434117a504e8450e/workflow/VCF_QC.ipynb; https://github.com/ashwinas88/UKBB_GWAS_dev; https://github.com/github/dmca/blob/master/2025/08/2025-08-25-ukbiobank.md; https://github.com/ashwinas88/UKBB_GWAS_dev/blob/89ea56d06f40737550fa779c73797251d6753d10/workflow/VCF_QC.ipynb; https://github.com/ashwinas88/UKBB_GWAS_dev; https://github.com/github/dmca/blob/master/2025/08/2025-08-25-ukbiobank.md; https://github.com/ashwinas88/UKBB_GWAS_dev/blob/14bb8b0187614dfc875132a096da46b52b3a9ae4/workflow/VCF_QC.ipynb; https://github.com/ashwinas88/UKBB_GWAS_dev; https://github.com/github/dmca/blob/master/2025/08/2025-08-25-ukbiobank.md; https://github.com/ashwinas88/UKBB_GWAS_dev/blob/745f758f5b9422fd7d7ade9acd5e93742b616787/workflow/VCF_QC.ipynb; https://github.com/ashwinas88/UKBB_GWAS_dev; https://github.com/github/dmca/blob/master/2025/08/2025-08-25-ukbiobank.md; https://github.com/ashwinas88/UKBB_GWAS_dev/blob/57e89f3af7ac3b7de2bcf1bb7dddd19196b4382e/workflow/VCF_QC.ipynb; https://github.com/ashwinas88/UKBB_GWAS_dev; https://github.com/github/dmca/blob/master/2025/08/2025-08-25-ukbiobank.md; https://github.com/ashwinas88/UKBB_GWAS_dev/blob/102fe2fbfabeccc05aa3edcb2157bbe2e875ea6d/workflow/VCF_QC.ipynb; https://github.com/ashwinas88/UKBB_GWAS_dev; https://github.com/github/dmca/blob/master/2025/08/2025-08-25-ukbiobank.md; https://github.com/ashwinas88/UKBB_GWAS_dev/blob/4182e658eee7cefa3b73642af7c63bcb28a359b1/workflow/VCF_QC.ipynb; https://github.com/ashwinas88/UKBB_GWAS_dev; https://github.com/github/dmca/blob/master/2025/08/2025-08-25-ukbiobank.md; https://github.com/ashwinas88/UKBB_GWAS_dev/blob/2b4ffafb0186855535bcc972f681d6b63b82679a/workflow/VCF_QC.ipynb; https://github.com/ashwinas88/UKBB_GWAS_dev; https://github.com/github/dmca/blob/master/2025/08/2025-08-25-ukbiobank.md; https://github.com/ashwinas88/UKBB_GWAS_dev/blob/c76ca42c86654122a602388af5da77a20e60d42d/workflow/VCF_QC.ipynb; https://github.com/ashwinas88/UKBB_GWAS_dev; https://github.com/github/dmca/blob/master/2025/08/2025-08-25-ukbiobank.md; https://github.com/ashwinas88/UKBB_GWAS_dev/blob/95f131a32dbb841552f0cce53da2ac601c16fa16/workflow/VCF_QC.ipynb; https://github.com/ashwinas88/UKBB_GWAS_dev; https://github.com/github/dmca/blob/master/2025/08/2025-08-25-ukbiobank.md; https://github.com/ashwinas88/UKBB_GWAS_dev/blob/f3a72df0e0ba3116e6c7bd42f6fc09350282b752/workflow/VCF_QC.ipynb; https://github.com/ashwinas88/UKBB_GWAS_dev; https://github.com/github/dmca/blob/master/2025/08/2025-08-25-ukbiobank.md; https://github.com/ashwinas88/UKBB_GWAS_dev/blob/13325815c92ee4751ab2e1154718b6e2ddeace6e/workflow/VCF_QC.ipynb; https://github.com/ashwinas88/UKBB_GWAS_dev; https://github.com/github/dmca/blob/master/2025/08/2025-08-25-ukbiobank.md; https://github.com/ashwinas88/UKBB_GWAS_dev/blob/b641097dd05fb9e7bc1d7f6753994b476abf9070/workflow/VCF_QC.ipynb; https://github.com/ashwinas88/UKBB_GWAS_dev; https://github.com/github/dmca/blob/master/2025/08/2025-08-25-ukbiobank.md; https://github.com/ashwinas88/UKBB_GWAS_dev/blob/4405adb2229147ff2fce06fb823b99b59514c13a/workflow/VCF_QC.ipynb; https://github.com/ashwinas88/UKBB_GWAS_dev; https://github.com/github/dmca/blob/master/2025/08/2025-08-25-ukbiobank.md; https://github.com/ashwinas88/UKBB_GWAS_dev/blob/18de643e637ed885dcd0e0b98ea076457a6e80b3/workflow/VCF_QC.ipynb; https://github.com/ashwinas88/UKBB_GWAS_dev; https://github.com/github/dmca/blob/master/2025/08/2025-08-25-ukbiobank.md; https://github.com/ashwinas88/UKBB_GWAS_dev/blob/a74f2361b71210b216c2fc9b91a40c8bf6f5d575/workflow/VCF_QC.ipynb; https://github.com/ashwinas88/UKBB_GWAS_dev; https://github.com/github/dmca/blob/master/2025/08/2025-08-25-ukbiobank.md; https://github.com/ashwinas88/UKBB_GWAS_dev/blob/79dc3474d5b9f9e4dd2ce177819b701134a88272/workflow/VCF_QC.ipynb; https://github.com/ashwinas88/UKBB_GWAS_dev; https://github.com/github/dmca/blob/master/2025/08/2025-08-25-ukbiobank.md; https://github.com/ashwinas88/UKBB_GWAS_dev/blob/c4ba1a81f3e23f5e54331b4784db8186288e7ad8/workflow/VCF_QC.ipynb; https://github.com/ashwinas88/UKBB_GWAS_dev; https://github.com/github/dmca/blob/master/2025/08/2025-08-25-ukbiobank.md; https://github.com/ashwinas88/UKBB_GWAS_dev/blob/6a2ddf2e053859d7433cb9f4606d96c2a612b58b/workflow/VCF_QC.ipynb; https://github.com/ashwinas88/UKBB_GWAS_dev; https://github.com/github/dmca/blob/master/2025/08/2025-08-25-ukbiobank.md; https://github.com/ashwinas88/UKBB_GWAS_dev/blob/a4bc66ef0bfd111943a113fdbcf94a198928a687/workflow/VCF_QC.ipynb; https://github.com/ashwinas88/UKBB_GWAS_dev; https://github.com/github/dmca/blob/master/2025/08/2025-08-25-ukbiobank.md; https://github.com/ashwinas88/UKBB_GWAS_dev/blob/b3f0efb00c35da8d9784cf58e535e113c5b4c91b/workflow/VCF_QC.ipynb; https://github.com/ashwinas88/UKBB_GWAS_dev,true
lineage_askalag_golangbooks,,,,,,unresolved,0,,,{},Evidence is too generic to assign an application.,https://github.com/github/dmca/blob/master/2025/05/2025-05-29-packt.md; https://github.com/Askalag/GoLangBooks,true
lineage_aslotsu_golangbooks,,,,,,unresolved,0,,,{},Evidence is too generic to assign an application.,https://github.com/github/dmca/blob/master/2025/05/2025-05-29-packt.md; https://github.com/aslotsu/GoLangBooks,true
lineage_assassinmt_golangbooks,,,,,,unresolved,0,,,{},Evidence is too generic to assign an application.,https://github.com/github/dmca/blob/master/2025/05/2025-05-29-packt.md; https://github.com/ASSASSINMT/GoLangBooks,true
lineage_assassinym_golangbooks,,,,,,unresolved,0,,,{},Evidence is too generic to assign an application.,https://github.com/github/dmca/blob/master/2025/05/2025-05-29-packt.md; https://github.com/ASSASSINYM/GoLangBooks,true
lineage_astrazheng_longitudinal-data,,,,,,unresolved,0,,,{},Evidence is too generic to assign an application.,https://github.com/github/dmca/blob/master/2026/04/2026-04-10-uk-biobank-3.md; https://raw.githubusercontent.com/AstraZheng/Longitudinal-data/18fcdbe2814bcbcfe331b918ffa3626bbc9e16ec/raw_data_sample.txt; https://github.com/AstraZheng/Longitudinal-data; https://github.com/github/dmca/blob/master/2026/04/2026-04-10-uk-biobank-3.md; https://github.com/AstraZheng/Longitudinal-data/blob/3429e7d4f7276bd3248dc5ca544798b93a7d6809/output_data_sample.xlsx; https://github.com/AstraZheng/Longitudinal-data; https://github.com/github/dmca/blob/master/2026/04/2026-04-10-uk-biobank-3.md; https://github.com/AstraZheng/Longitudinal-data/blob/b84ea6df966b522555788a9ce7c8bedf96be1564/Job%20history%20codebook%20-%20Astra.xlsx; https://github.com/AstraZheng/Longitudinal-data,true
lineage_atindraraut_golangbooks,,,,,,unresolved,0,,,{},Evidence is too generic to assign an application.,https://github.com/github/dmca/blob/master/2025/05/2025-05-29-packt.md; https://github.com/atindraraut/GoLangBooks,true
lineage_attilaforgacs_fix,,,,,,unresolved,0,,,{},Evidence is too generic to assign an application.,https://github.com/github/dmca/blob/master/2015/2015-07-06-jetbrains.md; https://github.com/AttilaForgacs/fix/blob/master/store/backlog.md; https://github.com/AttilaForgacs/fix,true
lineage_atulram_golangbooks,,,,,,unresolved,0,,,{},Evidence is too generic to assign an application.,https://github.com/github/dmca/blob/master/2025/05/2025-05-29-packt.md; https://github.com/atulram/GoLangBooks,true
lineage_audoushka_ukbiobank-table-conversion,,,,,,unresolved,0,,,{},Evidence is too generic to assign an application.,https://github.com/github/dmca/blob/master/2025/12/2025-12-09-uk-biobank.md; https://github.com/audoushka/UKBiobank-Table-Conversion/blob/ef88907514c72072a9a78140a3d51c83d17cec92/INTRO_and_INSTRUCTIONS.pdf; https://github.com/audoushka/UKBiobank-Table-Conversion,true
lineage_avalanchediscord_globygenerator,,,,,,unresolved,0,,,{},Evidence is too generic to assign an application.,https://github.com/github/dmca/blob/master/2023/10/2023-10-12-discord.md; https://github.com/AvalancheDiscord/GlobyGenerator,true
lineage_avianhere_discordgenerator,,,,,,unresolved,0,,,{},Evidence is too generic to assign an application.,https://github.com/github/dmca/blob/master/2023/10/2023-10-12-discord.md; https://github.com/avianhere/DiscordGenerator,true
lineage_avs6_golangbooks,,,,,,unresolved,0,,,{},Evidence is too generic to assign an application.,https://github.com/github/dmca/blob/master/2025/05/2025-05-29-packt.md; https://github.com/avs6/GoLangBooks,true
lineage_ayanx_golangbooks,,,,,,unresolved,0,,,{},Evidence is too generic to assign an application.,https://github.com/github/dmca/blob/master/2025/05/2025-05-29-packt.md; https://github.com/AyanX/GoLangBooks,true
lineage_aytacmalkoc_font-awesome-pro,,,,,,unresolved,0,,,{},Evidence is too generic to assign an application.,https://github.com/github/dmca/blob/master/2024/05/2024-05-21-fonticons.md; https://github.com/aytacmalkoc/font-awesome-pro,true
lineage_bacao1994_golangbooks,,,,,,unresolved,0,,,{},Evidence is too generic to assign an application.,https://github.com/github/dmca/blob/master/2025/05/2025-05-29-packt.md; https://github.com/bacao1994/GoLangBooks,true
lineage_bagasadiii_golangbooks,,,,,,unresolved,0,,,{},Evidence is too generic to assign an application.,https://github.com/github/dmca/blob/master/2025/05/2025-05-29-packt.md; https://github.com/bagasadiii/GoLangBooks,true
lineage_baidjeet_yang,,,,,,unresolved,0,,,{},Evidence is too generic to assign an application.,https://github.com/github/dmca/blob/master/2023/10/2023-10-12-discord.md; https://github.com/bimantaraz/Nitro-generator-arm64,true
lineage_bakermetabolomics_ukbpheno,,,,,,unresolved,0,,,{},Evidence is too generic to assign an application.,https://github.com/github/dmca/blob/master/2025/12/2025-12-10-uk-biobank.md; https://github.com/BakerMetabolomics/ukbpheno/blob/42fd07d2145b706581ba0a021a222f6be669a36c/R/plot_timeline.R; https://github.com/BakerMetabolomics/ukbpheno,true
lineage_baksman_golangbooks,,,,,,unresolved,0,,,{},Evidence is too generic to assign an application.,https://github.com/github/dmca/blob/master/2025/05/2025-05-29-packt.md; https://github.com/Baksman/GoLangBooks,true
lineage_baltr4_discord-nitro-gen,,,,,,unresolved,0,,,{},Evidence is too generic to assign an application.,https://github.com/github/dmca/blob/master/2023/10/2023-10-12-discord.md; https://github.com/Baltr4/Discord-nitro-gen,true
lineage_barneyhill_shapeit5,,,,,,unresolved,0,,,{},Evidence is too generic to assign an application.,https://github.com/github/dmca/blob/master/2025/11/2025-11-13-uk-biobank.md; https://github.com/barneyhill/shapeit5/blob/0b40edb8ef2678fd4ef0f0286dffe9ef0ba9b254/tasks/phasingUKB/step2_wgs/step9_imputation_rerun_new_chunks/data/1k_samples_wbi.txt#L1-L5; https://github.com/barneyhill/shapeit5,true
lineage_barsik_golangbooks,,,,,,unresolved,0,,,{},Evidence is too generic to assign an application.,https://github.com/github/dmca/blob/master/2025/05/2025-05-29-packt.md; https://github.com/Barsik/GoLangBooks,true
lineage_barudisshu_jetbrainspatchkeygen,,,,,,unresolved,0,,,{},Evidence is too generic to assign an application.,https://github.com/github/dmca/blob/master/2015/2015-07-06-jetbrains.md; https://github.com/Barudisshu/JetbrainsPatchKeygen,true
lineage_bastiaanv_font-awesome-pro,,,,,,unresolved,0,,,{},Evidence is too generic to assign an application.,https://github.com/github/dmca/blob/master/2024/05/2024-05-21-fonticons.md; https://github.com/bastiaanv/font-awesome-pro,true
lineage_batmanlab_ukb_api,,,,,,unresolved,0,,,{},Evidence is too generic to assign an application.,https://github.com/github/dmca/blob/master/2025/12/2025-12-15-uk-biobank.md; https://github.com/batmanlab/ukb_api/blob/a8408dae96c4f9c5184ec270574deab57fc08854/static_resources/UKB_fs_folder_paths_march_2022.csv; https://github.com/batmanlab/ukb_api; https://github.com/github/dmca/blob/master/2025/12/2025-12-15-uk-biobank.md; https://github.com/batmanlab/ukb_api/blob/a8408dae96c4f9c5184ec270574deab57fc08854/static_resources/ukb_brain_imaging_metadata.csv; https://github.com/batmanlab/ukb_api; https://github.com/github/dmca/blob/master/2025/12/2025-12-15-uk-biobank.md; https://github.com/batmanlab/ukb_api/blob/68362000ee42cb6c30946d213a87f9f325b4bae1/notebooks/ukbaccessrepo_demo.ipynb; https://github.com/batmanlab/ukb_api; https://github.com/github/dmca/blob/master/2025/12/2025-12-15-uk-biobank.md; https://github.com/batmanlab/ukb_api/blob/68362000ee42cb6c30946d213a87f9f325b4bae1/notebooks/data_refresh_eda_ukb.ipynb; https://github.com/batmanlab/ukb_api; https://github.com/github/dmca/blob/master/2025/12/2025-12-15-uk-biobank.md; https://github.com/batmanlab/ukb_api/blob/8fd484d5a6c745a9663848e1809feb6a946f4d3f/notebooks/ukb_metadata_EDA.ipynb; https://github.com/batmanlab/ukb_api; https://github.com/github/dmca/blob/master/2025/12/2025-12-15-uk-biobank.md; https://github.com/batmanlab/ukb_api/blob/b1fa8e6fefff2b55c61ea86a5c0b5462c202054a/notebooks/EDA_ADNI1_Freesurfer6_UKB_Harmonization.ipynb; https://github.com/batmanlab/ukb_api; https://github.com/github/dmca/blob/master/2025/12/2025-12-15-uk-biobank.md; https://github.com/batmanlab/ukb_api/blob/b1fa8e6fefff2b55c61ea86a5c0b5462c202054a/notebooks/UKB_FS6_vs_FS7.ipynb; https://github.com/batmanlab/ukb_api; https://github.com/github/dmca/blob/master/2025/12/2025-12-15-uk-biobank.md; https://github.com/batmanlab/ukb_api/blob/8fd484d5a6c745a9663848e1809feb6a946f4d3f/notebooks/UKBRepo_demo.ipynb; https://github.com/batmanlab/ukb_api; https://github.com/github/dmca/blob/master/2025/12/2025-12-15-uk-biobank.md; https://github.com/batmanlab/ukb_api/blob/8fd484d5a6c745a9663848e1809feb6a946f4d3f/notebooks/ukb_repo_devlopment_notebook.ipynb; https://github.com/batmanlab/ukb_api; https://github.com/github/dmca/blob/master/2025/12/2025-12-15-uk-biobank.md; https://github.com/batmanlab/ukb_api/blob/b1fa8e6fefff2b55c61ea86a5c0b5462c202054a/notebooks/EDA_harmonization_UKB_ADNI.ipynb; https://github.com/batmanlab/ukb_api; https://github.com/github/dmca/blob/master/2025/12/2025-12-15-uk-biobank.md; https://github.com/batmanlab/ukb_api/blob/b2c510defdbe505edffe86f31f3c03a572b791eb/notebooks/.ipynb_checkpoints/ukb_monai_demo-checkpoint.ipynb; https://github.com/batmanlab/ukb_api; https://github.com/github/dmca/blob/master/2025/12/2025-12-15-uk-biobank.md; https://github.com/batmanlab/ukb_api/blob/b2c510defdbe505edffe86f31f3c03a572b791eb/notebooks/ukb_monai_demo.ipynb; https://github.com/batmanlab/ukb_api,true
lineage_bbasumatary_golangbooks,,,,,,unresolved,0,,,{},Evidence is too generic to assign an application.,https://github.com/github/dmca/blob/master/2025/05/2025-05-29-packt.md; https://github.com/bbasumatary/GoLangBooks,true
lineage_bceric_jetbrainspatchkeygen,,,,,,unresolved,0,,,{},Evidence is too generic to assign an application.,https://github.com/github/dmca/blob/master/2015/2015-07-06-jetbrains.md; https://github.com/bcEric/JetbrainsPatchKeygen,true
lineage_beckheng_blog.yixinit.com,,,,,,unresolved,0,,,{},Evidence is too generic to assign an application.,https://github.com/github/dmca/blob/master/2015/2015-07-06-jetbrains.md; https://github.com/beckheng/blog.yixinit.com/blob/master/data/tools/phpstorm-key.md; https://github.com/beckheng/blog.yixinit.com,true
lineage_becomingcc_ukb_bioage_cancer,,,,,,unresolved,0,,,{},Evidence is too generic to assign an application.,https://github.com/github/dmca/blob/master/2025/10/2025-10-15-uk-biobank-4.md; https://github.com/becomingcc/UKB_bioage_cancer/blob/main/Program/2.2_data_prep_UKB_BioAge.do; https://github.com/becomingcc/UKB_bioage_cancer,true
lineage_becomingcc_ukbfrailty,,,,,,unresolved,0,,,{},Evidence is too generic to assign an application.,https://github.com/github/dmca/blob/master/2025/11/2025-11-07-uk-biobank.md; https://github.com/becomingcc/ukbfrailty/blob/main/Stata%20script%20for%20FI%20derivation%20in%20UKB%20data%20v2.do; https://github.com/becomingcc/ukbfrailty,true
lineage_beegeeta_golangbooks,,,,,,unresolved,0,,,{},Evidence is too generic to assign an application.,https://github.com/github/dmca/blob/master/2025/05/2025-05-29-packt.md; https://github.com/beegeeta/GoLangBooks,true
lineage_beknazar13_intellij-idea-14-keygen,,,,,,unresolved,0,,,{},Evidence is too generic to assign an application.,https://github.com/github/dmca/blob/master/2015/2015-07-06-jetbrains.md; https://github.com/beknazar13/IntelliJ-IDEA-14-keygen,true
lineage_bernylinville_golangbooks,,,,,,unresolved,0,,,{},Evidence is too generic to assign an application.,https://github.com/github/dmca/blob/master/2025/05/2025-05-29-packt.md; https://github.com/bernylinville/GoLangBooks,true
lineage_beronx86_jetbrainspatchkeygen,,,,,,unresolved,0,,,{},Evidence is too generic to assign an application.,https://github.com/github/dmca/blob/master/2015/2015-07-06-jetbrains.md; https://github.com/Beronx86/JetbrainsPatchKeygen,true
lineage_bhardwajrahul_golangbooks,,,,,,unresolved,0,,,{},Evidence is too generic to assign an application.,https://github.com/github/dmca/blob/master/2025/05/2025-05-29-packt.md; https://github.com/bhardwajRahul/GoLangBooks,true
lineage_bhutanict_golangbooks,,,,,,unresolved,0,,,{},Evidence is too generic to assign an application.,https://github.com/github/dmca/blob/master/2025/05/2025-05-29-packt.md; https://github.com/bhutanict/GoLangBooks,true
lineage_biaofan_jetbrains-intellij-idea-key-generator,,,,,,unresolved,0,,,{},Evidence is too generic to assign an application.,https://github.com/github/dmca/blob/master/2015/2015-07-06-jetbrains.md; https://github.com/biaofan/Jetbrains-IntelliJ-IDEA-Key-Generator,true
lineage_bigdann09_golangbooks,,,,,,unresolved,0,,,{},Evidence is too generic to assign an application.,https://github.com/github/dmca/blob/master/2025/05/2025-05-29-packt.md; https://github.com/bigdann09/GoLangBooks,true
lineage_bigtricksolutions_intellij-idea-14-keygen,,,,,,unresolved,0,,,{},Evidence is too generic to assign an application.,https://github.com/github/dmca/blob/master/2015/2015-07-06-jetbrains.md; https://github.com/BigTrickSolutions/IntelliJ-IDEA-14-keygen,true
lineage_binfnstats_ukb-idears,,,,,,unresolved,0,,,{},Evidence is too generic to assign an application.,https://github.com/github/dmca/blob/master/2025/11/2025-11-07-uk-biobank-3.md; https://github.com/binfnstats/ukb-IDEARS/blob/bc9c80396a9b28c7f72c89d901be9d27df5a5d28/code_projects/genetic/snp_files.ipynb; https://github.com/binfnstats/ukb-IDEARS,true
lineage_biostatshao_omniprs,,,,,,unresolved,0,,,{},Evidence is too generic to assign an application.,https://github.com/github/dmca/blob/master/2026/03/2026-03-31-uk-biobank-3.md; https://github.com/biostatShao/OmniPRS/blob/e7fd3b519ce8659a915bd277421337b22b542614/example/test.phen; https://github.com/biostatShao/OmniPRS,true
lineage_birukbelay_golangbooks,,,,,,unresolved,0,,,{},Evidence is too generic to assign an application.,https://github.com/github/dmca/blob/master/2025/05/2025-05-29-packt.md; https://github.com/birukbelay/GoLangBooks,true
lineage_bitclaw_intellij-idea-14-keygen,,,,,,unresolved,0,,,{},Evidence is too generic to assign an application.,https://github.com/github/dmca/blob/master/2015/2015-07-06-jetbrains.md; https://github.com/bitclaw/IntelliJ-IDEA-14-keygen,true
lineage_bitress_font-awesome-pro,,,,,,unresolved,0,,,{},Evidence is too generic to assign an application.,https://github.com/github/dmca/blob/master/2024/05/2024-05-21-fonticons.md; https://github.com/bitress/font-awesome-pro,true
lineage_bitwsf_golangbooks,,,,,,unresolved,0,,,{},Evidence is too generic to assign an application.,https://github.com/github/dmca/blob/master/2025/05/2025-05-29-packt.md; https://github.com/bitwsf/GoLangBooks,true
lineage_bl00dy5p1d0r_jetbrains-keygen,,,,,,unresolved,0,,,{},Evidence is too generic to assign an application.,https://github.com/github/dmca/blob/master/2015/2015-07-06-jetbrains.md; https://github.com/bl00dy5p1d0r/Jetbrains-KeyGen,true
lineage_blacksun1996_golangbooks,,,,,,unresolved,0,,,{},Evidence is too generic to assign an application.,https://github.com/github/dmca/blob/master/2025/05/2025-05-29-packt.md; https://github.com/blacksun1996/GoLangBooks,true
lineage_blancosway_jetbrainspatchkeygen,,,,,,unresolved,0,,,{},Evidence is too generic to assign an application.,https://github.com/github/dmca/blob/master/2015/2015-07-06-jetbrains.md; https://github.com/BlancosWay/JetbrainsPatchKeygen,true
lineage_blitz305_ukbanalytica,,,,,,unresolved,0,,,{},Evidence is too generic to assign an application.,https://github.com/github/dmca/blob/master/2026/04/2026-04-14-uk-biobank.md; https://github.com/blitz305/UKBAnalytica/blob/d6facb23a147b51a335223a9bb12141b5cbfd32a/tests/testthat/testdata/raw_demo.csv; https://github.com/blitz305/UKBAnalytica,true
lineage_blixxx_jetbrainspatchkeygen,,,,,,unresolved,0,,,{},Evidence is too generic to assign an application.,https://github.com/github/dmca/blob/master/2015/2015-07-06-jetbrains.md; https://github.com/blixxx/JetbrainsPatchKeygen,true
lineage_bocca-creator_discord-nitro-genarator-py,,,,,,unresolved,0,,,{},Evidence is too generic to assign an application.,https://github.com/github/dmca/blob/master/2023/10/2023-10-12-discord.md; https://github.com/bocca-creator/Discord-Nitro-Genarator-py,true
lineage_bogwero_font-awesome-pro,,,,,,unresolved,0,,,{},Evidence is too generic to assign an application.,https://github.com/github/dmca/blob/master/2024/05/2024-05-21-fonticons.md; https://github.com/bogwero/font-awesome-pro,true
lineage_boltop7625_yang-by-lyt,,,,,,unresolved,0,,,{},Evidence is too generic to assign an application.,https://github.com/github/dmca/blob/master/2023/10/2023-10-12-discord.md; https://github.com/BoltOP7625/YANG-BY-LYT,true
lineage_booool_golangbooks,,,,,,unresolved,0,,,{},Evidence is too generic to assign an application.,https://github.com/github/dmca/blob/master/2025/05/2025-05-29-packt.md; https://github.com/BooooL/GoLangBooks,true
lineage_bordertravelerx_intellij-idea-14-keygen,,,,,,unresolved,0,,,{},Evidence is too generic to assign an application.,https://github.com/github/dmca/blob/master/2015/2015-07-06-jetbrains.md; https://github.com/BorderTravelerX/IntelliJ-IDEA-14-keygen,true
lineage_bretagne-peiqi_golangbooks,,,,,,unresolved,0,,,{},Evidence is too generic to assign an application.,https://github.com/github/dmca/blob/master/2025/05/2025-05-29-packt.md; https://github.com/bretagne-peiqi/GoLangBooks,true
lineage_brick-y_-cracked-paid-nitro-gen-tropical-nitro-generator-cracked-free,,,,,,unresolved,0,,,{},Evidence is too generic to assign an application.,https://github.com/github/dmca/blob/master/2023/10/2023-10-12-discord.md; https://github.com/brick-y/-CRACKED-Paid-Nitro-gen-Tropical-Nitro-Generator-cracked-free,true
lineage_bruce-ding_golangbooks,,,,,,unresolved,0,,,{},Evidence is too generic to assign an application.,https://github.com/github/dmca/blob/master/2025/05/2025-05-29-packt.md; https://github.com/bruce-ding/GoLangBooks,true
lineage_brugarolas_font-awesome-pro,,,,,,unresolved,0,,,{},Evidence is too generic to assign an application.,https://github.com/github/dmca/blob/master/2024/05/2024-05-21-fonticons.md; https://github.com/Brugarolas/font-awesome-pro,true
lineage_bryanux_cameracontrol,,,,,,unresolved,0,,,{},Evidence is too generic to assign an application.,https://github.com/github/dmca/blob/master/2015/2015-07-06-jetbrains.md; https://github.com/bryanux/CameraControl/blob/master/CamarasEcu911/license.txt; https://github.com/bryanux/CameraControl,true
lineage_buibaohoang06_axynitro-discord-nitro-bruteforcer,,,,,,unresolved,0,,,{},Evidence is too generic to assign an application.,https://github.com/github/dmca/blob/master/2023/10/2023-10-12-discord.md; https://github.com/buibaohoang06/axynitro-discord-nitro-bruteforcer,true
lineage_bulutcan99_golang_books,,,,,,unresolved,0,,,{},Evidence is too generic to assign an application.,https://github.com/github/dmca/blob/master/2025/05/2025-05-29-packt.md; https://github.com/bulutcan99/golang_books,true
lineage_burulangtu_jetbrainspatchkeygen,,,,,,unresolved,0,,,{},Evidence is too generic to assign an application.,https://github.com/github/dmca/blob/master/2015/2015-07-06-jetbrains.md; https://github.com/burulangtu/JetbrainsPatchKeygen,true
lineage_businessocean_golangbooks,,,,,,unresolved,0,,,{},Evidence is too generic to assign an application.,https://github.com/github/dmca/blob/master/2025/05/2025-05-29-packt.md; https://github.com/BusinessOcean/GoLangBooks,true
lineage_bycrovv_golangbooks,,,,,,unresolved,0,,,{},Evidence is too generic to assign an application.,https://github.com/github/dmca/blob/master/2025/05/2025-05-29-packt.md; https://github.com/ByCrovv/GoLangBooks,true
lineage_c0d33ngr_golangbooks,,,,,,unresolved,0,,,{},Evidence is too generic to assign an application.,https://github.com/github/dmca/blob/master/2025/05/2025-05-29-packt.md; https://github.com/c0d33ngr/GoLangBooks,true
lineage_c633_jetbrains-intellij-idea-key-generator,,,,,,unresolved,0,,,{},Evidence is too generic to assign an application.,https://github.com/github/dmca/blob/master/2015/2015-07-06-jetbrains.md; https://github.com/c633/Jetbrains-IntelliJ-IDEA-Key-Generator,true
lineage_caesar269_golangbooks,,,,,,unresolved,0,,,{},Evidence is too generic to assign an application.,https://github.com/github/dmca/blob/master/2025/05/2025-05-29-packt.md; https://github.com/CAESAR269/GoLangBooks,true
lineage_caleberi_golangbooks,,,,,,unresolved,0,,,{},Evidence is too generic to assign an application.,https://github.com/github/dmca/blob/master/2025/05/2025-05-29-packt.md; https://github.com/caleberi/GoLangBooks,true
lineage_callmeburb2_nitro-gen-and-checker,,,,,,unresolved,0,,,{},Evidence is too generic to assign an application.,https://github.com/github/dmca/blob/master/2023/10/2023-10-12-discord.md; https://github.com/CallMeBurb2/Nitro-Gen-And-Checker,true
lineage_candycloudcc_font-awesome-pro,,,,,,unresolved,0,,,{},Evidence is too generic to assign an application.,https://github.com/github/dmca/blob/master/2024/05/2024-05-21-fonticons.md; https://github.com/CandyCloudCC/font-awesome-pro,true
lineage_carbogen_jetbrainspatchkeygen,,,,,,unresolved,0,,,{},Evidence is too generic to assign an application.,https://github.com/github/dmca/blob/master/2015/2015-07-06-jetbrains.md; https://github.com/Carbogen/JetbrainsPatchKeygen,true
lineage_carmeldj_golangbooks,,,,,,unresolved,0,,,{},Evidence is too generic to assign an application.,https://github.com/github/dmca/blob/master/2025/05/2025-05-29-packt.md; https://github.com/Carmeldj/GoLangBooks,true
lineage_carolahhaydn_golangbooks,,,,,,unresolved,0,,,{},Evidence is too generic to assign an application.,https://github.com/github/dmca/blob/master/2025/05/2025-05-29-packt.md; https://github.com/CarolAHHaydn/GoLangBooks,true
lineage_catatomik_discord-nitro-gen-checker,,,,,,unresolved,0,,,{},Evidence is too generic to assign an application.,https://github.com/github/dmca/blob/master/2023/10/2023-10-12-discord.md; https://github.com/Catatomik/Discord-Nitro-Gen-Checker,true
lineage_cauelz_golangbooks,,,,,,unresolved,0,,,{},Evidence is too generic to assign an application.,https://github.com/github/dmca/blob/master/2025/05/2025-05-29-packt.md; https://github.com/cauelz/GoLangBooks,true
lineage_ccamateur_golangbooks,,,,,,unresolved,0,,,{},Evidence is too generic to assign an application.,https://github.com/github/dmca/blob/master/2025/05/2025-05-29-packt.md; https://github.com/ccamateur/GoLangBooks,true
lineage_centrexbd2_golangbooks,,,,,,unresolved,0,,,{},Evidence is too generic to assign an application.,https://github.com/github/dmca/blob/master/2025/05/2025-05-29-packt.md; https://github.com/centrexbd2/GoLangBooks,true
lineage_cessbub_font-awesome-pro,,,,,,unresolved,0,,,{},Evidence is too generic to assign an application.,https://github.com/github/dmca/blob/master/2024/05/2024-05-21-fonticons.md; https://github.com/cessbub/font-awesome-pro,true
lineage_chaiwizard_golangbooks,,,,,,unresolved,0,,,{},Evidence is too generic to assign an application.,https://github.com/github/dmca/blob/master/2025/05/2025-05-29-packt.md; https://github.com/chaiwizard/GoLangBooks,true
lineage_chansongjo_golangbooks,,,,,,unresolved,0,,,{},Evidence is too generic to assign an application.,https://github.com/github/dmca/blob/master/2025/05/2025-05-29-packt.md; https://github.com/ChansongJo/GoLangBooks,true
lineage_chapa_jetbrainspatchkeygen,,,,,,unresolved,0,,,{},Evidence is too generic to assign an application.,https://github.com/github/dmca/blob/master/2015/2015-07-06-jetbrains.md; https://github.com/chapa/JetbrainsPatchKeygen,true
lineage_chengluomilk_metabolomicscommondiseases,,,,,,unresolved,0,,,{},Evidence is too generic to assign an application.,https://github.com/github/dmca/blob/master/2025/10/2025-10-02-uk-biobank-2.md; https://github.com/chengluomilk/MetabolomicsCommonDiseases/blob/main/1_preparation/1_collect_logh_and_fit_coxph.ipynb; https://github.com/chengluomilk/MetabolomicsCommonDiseases; https://github.com/github/dmca/blob/master/2025/10/2025-10-02-uk-biobank-2.md; https://github.com/chengluomilk/MetabolomicsCommonDiseases/blob/main/2_analysis/SupplFigure_APOE4_Dementia_2_fit_coxph.ipynb; https://github.com/chengluomilk/MetabolomicsCommonDiseases; https://github.com/github/dmca/blob/master/2025/10/2025-10-02-uk-biobank-2.md; https://github.com/chengluomilk/MetabolomicsCommonDiseases/blob/main/2_analysis/SupplFigure_SHAP_4_Individuals.ipynb; https://github.com/chengluomilk/MetabolomicsCommonDiseases; https://github.com/github/dmca/blob/master/2025/10/2025-10-02-uk-biobank-2.md; https://github.com/chengluomilk/MetabolomicsCommonDiseases/blob/main/2_analysis/SupplTable_CorrelationMatrix_NMRPANEL.ipynb; https://github.com/chengluomilk/MetabolomicsCommonDiseases; https://github.com/github/dmca/blob/master/2025/10/2025-10-02-uk-biobank-2.md; https://github.com/chengluomilk/MetabolomicsCommonDiseases/blob/main/2_analysis/SupplFigure_SHAP_3_Areas.ipynb; https://github.com/chengluomilk/MetabolomicsCommonDiseases; https://github.com/github/dmca/blob/master/2025/10/2025-10-02-uk-biobank.md; https://github.com/chengluomilk/MetabolomicsCommonDiseases/main/1_preparation/1_collect_logh_and_fit_coxph.ipynb; https://github.com/chengluomilk/MetabolomicsCommonDiseases; https://github.com/github/dmca/blob/master/2025/10/2025-10-02-uk-biobank.md; https://github.com/chengluomilk/MetabolomicsCommonDiseases/main/2_analysis/SupplFigure_APOE4_Dementia_2_fit_coxph.ipynb; https://github.com/chengluomilk/MetabolomicsCommonDiseases; https://github.com/github/dmca/blob/master/2025/10/2025-10-02-uk-biobank.md; https://github.com/chengluomilk/MetabolomicsCommonDiseases/main/2_analysis/SupplFigure_SHAP_4_Individuals.ipynb; https://github.com/chengluomilk/MetabolomicsCommonDiseases; https://github.com/github/dmca/blob/master/2025/10/2025-10-02-uk-biobank.md; https://github.com/chengluomilk/MetabolomicsCommonDiseases/blob/main/2_analysis/SupplTable_CorrelationMatrix_NMRPANEL.ipynb; https://github.com/chengluomilk/MetabolomicsCommonDiseases; https://github.com/github/dmca/blob/master/2025/10/2025-10-02-uk-biobank.md; https://github.com/chengluomilk/MetabolomicsCommonDiseases/blob/main/2_analysis/SupplFigure_SHAP_3_Areas.ipynb; https://github.com/chengluomilk/MetabolomicsCommonDiseases,true
lineage_chengyang317_jetbrainspatchkeygen,,,,,,unresolved,0,,,{},Evidence is too generic to assign an application.,https://github.com/github/dmca/blob/master/2015/2015-07-06-jetbrains.md; https://github.com/chengyang317/JetbrainsPatchKeygen,true
lineage_chenhq_notes,,,,,,unresolved,0,,,{},Evidence is too generic to assign an application.,https://github.com/github/dmca/blob/master/2015/2015-07-06-jetbrains.md; https://github.com/chenhq/notes/blob/master/license.md; https://github.com/chenhq/notes,true
lineage_cheshuai_jetbrainspatchkeygen,,,,,,unresolved,0,,,{},Evidence is too generic to assign an application.,https://github.com/github/dmca/blob/master/2015/2015-07-06-jetbrains.md; https://github.com/cheshuai/JetbrainsPatchKeygen,true
lineage_chilinh12003_font-awesome-pro,,,,,,unresolved,0,,,{},Evidence is too generic to assign an application.,https://github.com/github/dmca/blob/master/2024/05/2024-05-21-fonticons.md; https://github.com/chilinh12003/font-awesome-pro,true
lineage_chingsley_golangbooks,,,,,,unresolved,0,,,{},Evidence is too generic to assign an application.,https://github.com/github/dmca/blob/master/2025/05/2025-05-29-packt.md; https://github.com/chingsley/GoLangBooks,true
lineage_chuanjiabao1981_jetbrains-intellij-idea-key-generator,,,,,,unresolved,0,,,{},Evidence is too generic to assign an application.,https://github.com/github/dmca/blob/master/2015/2015-07-06-jetbrains.md; https://github.com/chuanjiabao1981/Jetbrains-IntelliJ-IDEA-Key-Generator,true
lineage_chuongnx_golangbooks,,,,,,unresolved,0,,,{},Evidence is too generic to assign an application.,https://github.com/github/dmca/blob/master/2025/05/2025-05-29-packt.md; https://github.com/chuongnx/GoLangBooks,true
lineage_cind_udip-vit,,,,,,unresolved,0,,,{},Evidence is too generic to assign an application.,https://github.com/github/dmca/blob/master/2025/11/2025-11-13-uk-biobank-3.md; https://github.com/cind/UDIP-ViT/blob/de24be37fcd6385ed77696c01efa0bc90fa5c972/data/T1_128_gwas.csv; https://github.com/cind/UDIP-ViT,true
lineage_ciprianspiridon_intellij-idea-14-keygen,,,,,,unresolved,0,,,{},Evidence is too generic to assign an application.,https://github.com/github/dmca/blob/master/2015/2015-07-06-jetbrains.md; https://github.com/CiprianSpiridon/IntelliJ-IDEA-14-keygen,true
lineage_cloudlander_jetbrainspatchkeygen,,,,,,unresolved,0,,,{},Evidence is too generic to assign an application.,https://github.com/github/dmca/blob/master/2015/2015-07-06-jetbrains.md; https://github.com/cloudlander/JetbrainsPatchKeygen,true
lineage_cndpzc_jetbrainspatchkeygen,,,,,,unresolved,0,,,{},Evidence is too generic to assign an application.,https://github.com/github/dmca/blob/master/2015/2015-07-06-jetbrains.md; https://github.com/cndpzc/JetbrainsPatchKeygen,true
lineage_cnopens_intellij-idea-14-keygen,,,,,,unresolved,0,,,{},Evidence is too generic to assign an application.,https://github.com/github/dmca/blob/master/2015/2015-07-06-jetbrains.md; https://github.com/cnopens/IntelliJ-IDEA-14-keygen,true
lineage_cnso_jetbrainspatchkeygen,,,,,,unresolved,0,,,{},Evidence is too generic to assign an application.,https://github.com/github/dmca/blob/master/2015/2015-07-06-jetbrains.md; https://github.com/cnso/JetbrainsPatchKeygen,true
lineage_cntoby_jetbrainspatchkeygen,,,,,,unresolved,0,,,{},Evidence is too generic to assign an application.,https://github.com/github/dmca/blob/master/2015/2015-07-06-jetbrains.md; https://github.com/cntoby/JetbrainsPatchKeygen,true
lineage_coderfleet_golangbooks,,,,,,unresolved,0,,,{},Evidence is too generic to assign an application.,https://github.com/github/dmca/blob/master/2025/05/2025-05-29-packt.md; https://github.com/CoderFleet/GoLangBooks,true
lineage_congnt185_jetbrains-intellij-idea-key-generator,,,,,,unresolved,0,,,{},Evidence is too generic to assign an application.,https://github.com/github/dmca/blob/master/2015/2015-07-06-jetbrains.md; https://github.com/congnt185/Jetbrains-IntelliJ-IDEA-Key-Generator,true
lineage_conor-mccullough_golangbooks,,,,,,unresolved,0,,,{},Evidence is too generic to assign an application.,https://github.com/github/dmca/blob/master/2025/05/2025-05-29-packt.md; https://github.com/conor-mccullough/GoLangBooks,true
lineage_coogleyou_jetbrainspatchkeygen,,,,,,unresolved,0,,,{},Evidence is too generic to assign an application.,https://github.com/github/dmca/blob/master/2015/2015-07-06-jetbrains.md; https://github.com/coogleyou/JetbrainsPatchKeygen,true
lineage_coyothebr_jetbrains-intellij-idea-key-generator,,,,,,unresolved,0,,,{},Evidence is too generic to assign an application.,https://github.com/github/dmca/blob/master/2015/2015-07-06-jetbrains.md; https://github.com/coyothebr/Jetbrains-IntelliJ-IDEA-Key-Generator,true
lineage_crab21_golangbooks,,,,,,unresolved,0,,,{},Evidence is too generic to assign an application.,https://github.com/github/dmca/blob/master/2025/05/2025-05-29-packt.md; https://github.com/crab21/GoLangBooks,true
lineage_craigcosmo_font-awesome-pro,,,,,,unresolved,0,,,{},Evidence is too generic to assign an application.,https://github.com/github/dmca/blob/master/2024/05/2024-05-21-fonticons.md; https://github.com/craigcosmo/font-awesome-pro,true
lineage_crealityeducation_golangbooks,,,,,,unresolved,0,,,{},Evidence is too generic to assign an application.,https://github.com/github/dmca/blob/master/2025/05/2025-05-29-packt.md; https://github.com/crealityeducation/GoLangBooks,true
lineage_cripet_aleluia,,,,,,unresolved,0,,,{},Evidence is too generic to assign an application.,https://github.com/github/dmca/blob/master/2015/2015-07-06-jetbrains.md; https://github.com/cripet/aleluia/blob/master/Desktop/New%20Text%20Document.txt; https://github.com/cripet/aleluia,true
lineage_crisdaless_golangbooks,,,,,,unresolved,0,,,{},Evidence is too generic to assign an application.,https://github.com/github/dmca/blob/master/2025/05/2025-05-29-packt.md; https://github.com/crisdaless/GoLangBooks,true
lineage_cristianarean_golangbooks,,,,,,unresolved,0,,,{},Evidence is too generic to assign an application.,https://github.com/github/dmca/blob/master/2025/05/2025-05-29-packt.md; https://github.com/CristianArean/GoLangBooks,true
lineage_cristianstanciu_golangbooks,,,,,,unresolved,0,,,{},Evidence is too generic to assign an application.,https://github.com/github/dmca/blob/master/2025/05/2025-05-29-packt.md; https://github.com/CristianStanciu/GoLangBooks,true
lineage_crkacer_golangbooks,,,,,,unresolved,0,,,{},Evidence is too generic to assign an application.,https://github.com/github/dmca/blob/master/2025/05/2025-05-29-packt.md; https://github.com/crkacer/GoLangBooks,true
lineage_crudbot_golangbooks,,,,,,unresolved,0,,,{},Evidence is too generic to assign an application.,https://github.com/github/dmca/blob/master/2025/05/2025-05-29-packt.md; https://github.com/crudbot/GoLangBooks,true
lineage_crvwxlf_nitrogen,,,,,,unresolved,0,,,{},Evidence is too generic to assign an application.,https://github.com/github/dmca/blob/master/2023/10/2023-10-12-discord.md; https://github.com/crvwxlf/NitroGen,true
lineage_csukuangfj_golangbooks,,,,,,unresolved,0,,,{},Evidence is too generic to assign an application.,https://github.com/github/dmca/blob/master/2025/05/2025-05-29-packt.md; https://github.com/csukuangfj/GoLangBooks,true
lineage_cuihuaxia_001,,,,,,unresolved,0,,,{},Evidence is too generic to assign an application.,https://github.com/github/dmca/blob/master/2025/11/2025-11-14-uk-biobank.md; https://github.com/CuihuaXia/001,true
lineage_cuihuaxia_ptrs-ukb,,,,,,unresolved,0,,,{},Evidence is too generic to assign an application.,https://github.com/github/dmca/blob/master/2025/11/2025-11-13-uk-biobank-7.md; https://github.com/CuihuaXia/ptrs-ukb/blob/master/notebook/first_attempt_on_hail.ipynb; https://github.com/CuihuaXia/ptrs-ukb; https://github.com/github/dmca/blob/master/2025/11/2025-11-13-uk-biobank-7.md; https://github.com/CuihuaXia/ptrs-ukb/blob/master/notebook/prepare_phenotype_and_run_gwas-with_variant_qc.ipynb; https://github.com/CuihuaXia/ptrs-ukb; https://github.com/github/dmca/blob/master/2025/11/2025-11-13-uk-biobank-7.md; https://github.com/CuihuaXia/ptrs-ukb/blob/master/notebook/side_try_pheno.ipynb; https://github.com/CuihuaXia/ptrs-ukb; https://github.com/github/dmca/blob/master/2025/11/2025-11-13-uk-biobank-7.md; https://github.com/CuihuaXia/ptrs-ukb/blob/master/notebook/first_look_at_prs.ipynb; https://github.com/CuihuaXia/ptrs-ukb,true
lineage_cuiyoutian_jetbrainspatchkeygen,,,,,,unresolved,0,,,{},Evidence is too generic to assign an application.,https://github.com/github/dmca/blob/master/2015/2015-07-06-jetbrains.md; https://github.com/cuiyoutian/JetbrainsPatchKeygen,true
lineage_cuongtop4598_golangbooks,,,,,,unresolved,0,,,{},Evidence is too generic to assign an application.,https://github.com/github/dmca/blob/master/2025/05/2025-05-29-packt.md; https://github.com/cuongtop4598/GoLangBooks,true
lineage_cutieque_discord-nitro-generator-checker,,,,,,unresolved,0,,,{},Evidence is too generic to assign an application.,https://github.com/github/dmca/blob/master/2023/10/2023-10-12-discord.md; https://github.com/cutieQue/Discord-Nitro-Generator-Checker,true
lineage_cyberpatriotx_jetbrains-intellij-idea-key-generator,,,,,,unresolved,0,,,{},Evidence is too generic to assign an application.,https://github.com/github/dmca/blob/master/2015/2015-07-06-jetbrains.md; https://github.com/Cyberpatriotx/Jetbrains-IntelliJ-IDEA-Key-Generator,true
lineage_cyuancai_font-awesome-pro,,,,,,unresolved,0,,,{},Evidence is too generic to assign an application.,https://github.com/github/dmca/blob/master/2024/05/2024-05-21-fonticons.md; https://github.com/Cyuancai/font-awesome-pro,true
lineage_czkiam_font-awesome-pro-6.5.1,,,,,,unresolved,0,,,{},Evidence is too generic to assign an application.,https://github.com/github/dmca/blob/master/2024/05/2024-05-21-fonticons.md; https://github.com/czkiam/font-awesome-pro-6.5.1,true
lineage_d0nezer0_note,,,,,,unresolved,0,,,{},Evidence is too generic to assign an application.,https://github.com/github/dmca/blob/master/2015/2015-07-06-jetbrains.md; https://github.com/d0nezer0/note/blob/master/desktop/ubuntu%20%E6%90%AD%E5%BB%BA%20env; https://github.com/d0nezer0/note,true
lineage_d1729_jetbrainspatchkeygen,,,,,,unresolved,0,,,{},Evidence is too generic to assign an application.,https://github.com/github/dmca/blob/master/2015/2015-07-06-jetbrains.md; https://github.com/d1729/JetbrainsPatchKeygen,true
lineage_daejungkim_golangbooks,,,,,,unresolved,0,,,{},Evidence is too generic to assign an application.,https://github.com/github/dmca/blob/master/2025/05/2025-05-29-packt.md; https://github.com/daejungkim/GoLangBooks,true
lineage_dailypips_jetbrainspatchkeygen,,,,,,unresolved,0,,,{},Evidence is too generic to assign an application.,https://github.com/github/dmca/blob/master/2015/2015-07-06-jetbrains.md; https://github.com/dailypips/JetbrainsPatchKeygen,true
lineage_daleqq_intellij-idea-13-keygen,,,,,,unresolved,0,,,{},Evidence is too generic to assign an application.,https://github.com/github/dmca/blob/master/2015/2015-07-06-jetbrains.md; https://github.com/daleqq/IntelliJ-IDEA-13-keygen,true
lineage_dangeezz_golangbooks,,,,,,unresolved,0,,,{},Evidence is too generic to assign an application.,https://github.com/github/dmca/blob/master/2025/05/2025-05-29-packt.md; https://github.com/dangeezz/GoLangBooks,true
lineage_danielrvt_jetbrains-intellij-idea-key-generator,,,,,,unresolved,0,,,{},Evidence is too generic to assign an application.,https://github.com/github/dmca/blob/master/2015/2015-07-06-jetbrains.md; https://github.com/danielrvt/Jetbrains-IntelliJ-IDEA-Key-Generator,true
lineage_danielweiv_jetbrainspatchkeygen,,,,,,unresolved,0,,,{},Evidence is too generic to assign an application.,https://github.com/github/dmca/blob/master/2015/2015-07-06-jetbrains.md; https://github.com/danielweiv/JetbrainsPatchKeygen,true
lineage_danilaydh_amml-disentangling-structure-from-detail,,,,,,unresolved,0,,,{},Evidence is too generic to assign an application.,https://github.com/github/dmca/blob/master/2026/04/2026-04-01-uk-biobank-5.md; https://github.com/danilayDH/AMML-Disentangling-Structure-from-Detail/blob/2269c046fdd87d343a9effe4faf72663ba670a24/src/ukbb_small.csv; https://github.com/danilayDH/AMML-Disentangling-Structure-from-Detail; https://github.com/github/dmca/blob/master/2026/04/2026-04-01-uk-biobank-5.md; https://github.com/danilayDH/AMML-Disentangling-Structure-from-Detail/blob/e6b4e4b8ec7f00bfc1119ad698a7cef0303a6af0/src/adni.csv; https://github.com/danilayDH/AMML-Disentangling-Structure-from-Detail; https://github.com/github/dmca/blob/master/2026/04/2026-04-01-uk-biobank-5.md; https://github.com/danilayDH/AMML-Disentangling-Structure-from-Detail/blob/e6b4e4b8ec7f00bfc1119ad698a7cef0303a6af0/src/adni_small.csv; https://github.com/danilayDH/AMML-Disentangling-Structure-from-Detail; https://github.com/github/dmca/blob/master/2026/04/2026-04-01-uk-biobank-5.md; https://raw.githubusercontent.com/danilayDH/AMML-Disentangling-Structure-from-Detail/c3453b40fe3e38cb528b07449736a66470d991ed/src/ukbb.csv; https://github.com/danilayDH/AMML-Disentangling-Structure-from-Detail,true
lineage_danleyb2_jetbrainspatchkeygen,,,,,,unresolved,0,,,{},Evidence is too generic to assign an application.,https://github.com/github/dmca/blob/master/2015/2015-07-06-jetbrains.md; https://github.com/danleyb2/JetbrainsPatchKeygen,true
lineage_dannythunder_jetbrains-intellij-idea-key-generator,,,,,,unresolved,0,,,{},Evidence is too generic to assign an application.,https://github.com/github/dmca/blob/master/2015/2015-07-06-jetbrains.md; https://github.com/dannythunder/Jetbrains-IntelliJ-IDEA-Key-Generator,true
lineage_danspotnytool_yang,,,,,,unresolved,0,,,{},Evidence is too generic to assign an application.,https://github.com/github/dmca/blob/master/2023/10/2023-10-12-discord.md; https://github.com/Danspotnytool/YANG,true
lineage_danstonebuilt_materials,,,,,,unresolved,0,,,{},Evidence is too generic to assign an application.,https://github.com/github/dmca/blob/master/2015/2015-07-06-jetbrains.md; https://github.com/danstonebuilt/materials/blob/master/license_key_webstorm.txt; https://github.com/danstonebuilt/materials,true
lineage_dantin_catalyst,,,,,,unresolved,0,,,{},Evidence is too generic to assign an application.,https://github.com/github/dmca/blob/master/2015/2015-07-06-jetbrains.md; https://github.com/dantin/catalyst/blob/master/source/_posts/pycharm-install.md; https://github.com/dantin/catalyst,true
lineage_daolq-2712_golangbooks,,,,,,unresolved,0,,,{},Evidence is too generic to assign an application.,https://github.com/github/dmca/blob/master/2025/05/2025-05-29-packt.md; https://github.com/daolq-2712/GoLangBooks,true
lineage_daoscorp_font-awesome-pro-v6.5.1,,,,,,unresolved,0,,,{},Evidence is too generic to assign an application.,https://github.com/github/dmca/blob/master/2024/05/2024-05-21-fonticons.md; https://github.com/daoscorp/font-awesome-pro-v6.5.1,true
lineage_databoyd_golangbooks,,,,,,unresolved,0,,,{},Evidence is too generic to assign an application.,https://github.com/github/dmca/blob/master/2025/05/2025-05-29-packt.md; https://github.com/DataBoyD/GoLangBooks,true
lineage_davidack2006_discord-nitro-generator,,,,,,unresolved,0,,,{},Evidence is too generic to assign an application.,https://github.com/github/dmca/blob/master/2023/10/2023-10-12-discord.md; https://github.com/DavidAck2006/Discord-Nitro-Generator,true
lineage_daxiong123_jetbrainspatchkeygen,,,,,,unresolved,0,,,{},Evidence is too generic to assign an application.,https://github.com/github/dmca/blob/master/2015/2015-07-06-jetbrains.md; https://github.com/daxiong123/JetbrainsPatchKeygen,true
lineage_dbluelikjj_golangbooks,,,,,,unresolved,0,,,{},Evidence is too generic to assign an application.,https://github.com/github/dmca/blob/master/2025/05/2025-05-29-packt.md; https://github.com/dbluelikjj/GoLangBooks,true
lineage_decohead_jetbrainspatchkeygen,,,,,,unresolved,0,,,{},Evidence is too generic to assign an application.,https://github.com/github/dmca/blob/master/2015/2015-07-06-jetbrains.md; https://github.com/decohead/JetbrainsPatchKeygen,true
lineage_dee-d-dev_golangbooks,,,,,,unresolved,0,,,{},Evidence is too generic to assign an application.,https://github.com/github/dmca/blob/master/2025/05/2025-05-29-packt.md; https://github.com/dee-d-dev/GoLangBooks,true
lineage_deep-learning-and-aging_main-pipeline-and-images-based-models-pipeline,,,,,,unresolved,0,,,{},Evidence is too generic to assign an application.,https://github.com/github/dmca/blob/master/2026/03/2026-03-25-uk-biobank.md; https://github.com/deep-learning-and-aging/main-pipeline-and-images-based-models-pipeline; https://github.com/github/dmca/blob/master/2026/03/2026-03-25-uk-biobank.md; https://github.com/deep-learning-and-aging/main-pipeline-and-images-based-models-pipeline/blob/13c306ec2dba70c4eeb6382cb1af24bd189bb36c/data/MI03A_Predictions_generate/short_Predictions_instances_Age_Abdomen_Pancreas_Contrast_InceptionResNetV2_1_1024_Adam_0.0001_0.1_0.5_1.0_test_0.csv; https://github.com/deep-learning-and-aging/main-pipeline-and-images-based-models-pipeline; https://github.com/github/dmca/blob/master/2026/03/2026-03-25-uk-biobank.md; https://github.com/deep-learning-and-aging/main-pipeline-and-images-based-models-pipeline/blob/13c306ec2dba70c4eeb6382cb1af24bd189bb36c/data/MI03A_Predictions_generate/short_Predictions_instances_Age_Abdomen_Pancreas_Contrast_InceptionResNetV2_1_1024_Adam_0.0001_0.1_0.5_1.0_train_4.csv; https://github.com/deep-learning-and-aging/main-pipeline-and-images-based-models-pipeline; https://github.com/github/dmca/blob/master/2026/03/2026-03-25-uk-biobank.md; https://github.com/deep-learning-and-aging/main-pipeline-and-images-based-models-pipeline/blob/13c306ec2dba70c4eeb6382cb1af24bd189bb36c/data/MI03A_Predictions_generate/short_Predictions_instances_Age_Abdomen_Pancreas_Contrast_InceptionResNetV2_1_1024_Adam_0.0001_0.1_0.5_1.0_val_9.csv; https://github.com/deep-learning-and-aging/main-pipeline-and-images-based-models-pipeline; https://github.com/github/dmca/blob/master/2026/03/2026-03-25-uk-biobank.md; https://github.com/deep-learning-and-aging/main-pipeline-and-images-based-models-pipeline/blob/7279463f1b044a59ad2f46452a910f43159ae476/data/FoldsAugmented/fake_data-features_Heart_20208_Augmented_Age_test_2.csv; https://github.com/deep-learning-and-aging/main-pipeline-and-images-based-models-pipeline; https://github.com/github/dmca/blob/master/2026/03/2026-03-25-uk-biobank.md; https://github.com/deep-learning-and-aging/main-pipeline-and-images-based-models-pipeline/blob/7279463f1b044a59ad2f46452a910f43159ae476/data/FoldsAugmented/fake_data-features_Heart_20208_Augmented_Age_train_0.csv; https://github.com/deep-learning-and-aging/main-pipeline-and-images-based-models-pipeline; https://github.com/github/dmca/blob/master/2026/03/2026-03-25-uk-biobank.md; https://github.com/deep-learning-and-aging/main-pipeline-and-images-based-models-pipeline/blob/7279463f1b044a59ad2f46452a910f43159ae476/data/FoldsAugmented/fake_data-features_Heart_20208_Augmented_Age_val_0.csv; https://github.com/deep-learning-and-aging/main-pipeline-and-images-based-models-pipeline; https://github.com/github/dmca/blob/master/2026/03/2026-03-25-uk-biobank.md; https://github.com/Deep-Learning-and-Aging/Main-pipeline-and-Images-based-models-pipeline/blob/b3aca1f7198d345b9a71aed33ae04c1a5cb00eac/bash/backupworking.err; https://github.com/Deep-Learning-and-Aging/Main-pipeline-and-Images-based-models-pipeline,true
lineage_deep2code_golangbooks,,,,,,unresolved,0,,,{},Evidence is too generic to assign an application.,https://github.com/github/dmca/blob/master/2025/05/2025-05-29-packt.md; https://github.com/deep2code/GoLangBooks,true
lineage_deepgohil_gogogpcr,,,,,,unresolved,0,,,{},Evidence is too generic to assign an application.,https://github.com/github/dmca/blob/master/2025/12/2025-12-08-uk-biobank.md; https://github.com/deepgohil/gogoGPCR/blob/c9df069580c277fe60d2bf67c9532201f056b887/notebooks/0_import_matrixtable.ipynb; https://github.com/deepgohil/gogoGPCR; https://github.com/github/dmca/blob/master/2025/12/2025-12-08-uk-biobank.md; https://github.com/deepgohil/gogoGPCR/blob/c2cb03d8ca76cd454688782f468867e170a7d798/notebooks/0_burden_files.ipynb; https://github.com/deepgohil/gogoGPCR; https://github.com/github/dmca/blob/master/2025/12/2025-12-08-uk-biobank.md; https://github.com/deepgohil/gogoGPCR/blob/0b3457853125a88ecb11bc1763c63ea7c8879aab/notebooks/1_burden_files.ipynb; https://github.com/deepgohil/gogoGPCR; https://github.com/github/dmca/blob/master/2025/12/2025-12-08-uk-biobank.md; https://github.com/deepgohil/gogoGPCR/blob/a3ba973a555acb8d23d5594be1969a105e9f324b/data/withdrawn_samples.csv; https://github.com/deepgohil/gogoGPCR; https://github.com/github/dmca/blob/master/2025/12/2025-12-08-uk-biobank.md; https://github.com/deepgohil/gogoGPCR/blob/daf3eb012558a373ff3e3534278c6be9786e8588/notebooks/04_fix_phesant_output.ipynb; https://github.com/deepgohil/gogoGPCR; https://github.com/github/dmca/blob/master/2025/12/2025-12-08-uk-biobank.md; https://github.com/deepgohil/gogoGPCR/blob/a06d7f313cba51625b28ef71e2e575180f5342f6/notebooks/02_covariates.ipynb; https://github.com/deepgohil/gogoGPCR; https://github.com/github/dmca/blob/master/2025/12/2025-12-08-uk-biobank.md; https://github.com/deepgohil/gogoGPCR/blob/173114a4ef37b99bca5010892053bbf904b43c22/notebooks/01_sample_hard_filter.ipynb; https://github.com/deepgohil/gogoGPCR; https://github.com/github/dmca/blob/master/2025/12/2025-12-08-uk-biobank.md; https://github.com/deepgohil/gogoGPCR/blob/8113a4e453f6fe6958e58eaab0258606d3630ba2/notebooks/1_sample_hard_filter.ipynb; https://github.com/deepgohil/gogoGPCR,true
lineage_demons-dev_yang,,,,,,unresolved,0,,,{},Evidence is too generic to assign an application.,https://github.com/github/dmca/blob/master/2023/10/2023-10-12-discord.md; https://github.com/Demons-dev/YANG,true
lineage_denisguliajev_golangbooks,,,,,,unresolved,0,,,{},Evidence is too generic to assign an application.,https://github.com/github/dmca/blob/master/2025/05/2025-05-29-packt.md; https://github.com/DenisGuliajev/GoLangBooks,true
lineage_denizeren0_golangbooks,,,,,,unresolved,0,,,{},Evidence is too generic to assign an application.,https://github.com/github/dmca/blob/master/2025/05/2025-05-29-packt.md; https://github.com/DenizEren0/GoLangBooks,true
lineage_depri11_golangbooks,,,,,,unresolved,0,,,{},Evidence is too generic to assign an application.,https://github.com/github/dmca/blob/master/2025/05/2025-05-29-packt.md; https://github.com/depri11/GoLangBooks,true
lineage_detrax_louxiaojian,,,,,,unresolved,0,,,{},Evidence is too generic to assign an application.,https://github.com/github/dmca/blob/master/2015/2015-07-06-jetbrains.md; https://github.com/detrax/louxiaojian/blob/master/notes/other/webstorm/webstorm-key.txt; https://github.com/detrax/louxiaojian,true
lineage_dev-saw99_golangbooks,,,,,,unresolved,0,,,{},Evidence is too generic to assign an application.,https://github.com/github/dmca/blob/master/2025/05/2025-05-29-packt.md; https://github.com/dev-saw99/GoLangBooks,true
lineage_dev-thalizao_intellij-idea-14-keygen,,,,,,unresolved,0,,,{},Evidence is too generic to assign an application.,https://github.com/github/dmca/blob/master/2015/2015-07-06-jetbrains.md; https://github.com/dev-thalizao/IntelliJ-IDEA-14-keygen,true
lineage_devsidnei_golangbooks,,,,,,unresolved,0,,,{},Evidence is too generic to assign an application.,https://github.com/github/dmca/blob/master/2025/05/2025-05-29-packt.md; https://github.com/devsidnei/GoLangBooks,true
lineage_devyansh3_golangbooks,,,,,,unresolved,0,,,{},Evidence is too generic to assign an application.,https://github.com/github/dmca/blob/master/2025/05/2025-05-29-packt.md; https://github.com/devyansh3/GoLangBooks,true
lineage_dhanushb2000_neuralcvd,,,,,,unresolved,0,,,{},Evidence is too generic to assign an application.,https://github.com/github/dmca/blob/master/2025/09/2025-09-16-ukbiobank.md; https://github.com/DhanushB2000/NeuralCVD/tree/a847dad9c29f8326859b54b6cd3913f75d4e61d4/neuralcvd/preprocessing/ukbb_tabular; https://github.com/DhanushB2000/NeuralCVD,true
lineage_dhieugo_intellij-idea-13-keygen,,,,,,unresolved,0,,,{},Evidence is too generic to assign an application.,https://github.com/github/dmca/blob/master/2015/2015-07-06-jetbrains.md; https://github.com/dhieugo/IntelliJ-IDEA-13-keygen,true
lineage_dibosh_jetbrains-keygen,,,,,,unresolved,0,,,{},Evidence is too generic to assign an application.,https://github.com/github/dmca/blob/master/2015/2015-07-06-jetbrains.md; https://github.com/dibosh/Jetbrains-KeyGen,true
lineage_dieptran43_golangbooks,,,,,,unresolved,0,,,{},Evidence is too generic to assign an application.,https://github.com/github/dmca/blob/master/2025/05/2025-05-29-packt.md; https://github.com/dieptran43/GoLangBooks,true
lineage_dinamic_intellij-idea-14-keygen,,,,,,unresolved,0,,,{},Evidence is too generic to assign an application.,https://github.com/github/dmca/blob/master/2015/2015-07-06-jetbrains.md; https://github.com/dinamic/IntelliJ-IDEA-14-keygen,true
lineage_dineshbhor_golangbooks,,,,,,unresolved,0,,,{},Evidence is too generic to assign an application.,https://github.com/github/dmca/blob/master/2025/05/2025-05-29-packt.md; https://github.com/dineshbhor/GoLangBooks,true
lineage_dipjyotimetia-anz_golangbooks,,,,,,unresolved,0,,,{},Evidence is too generic to assign an application.,https://github.com/github/dmca/blob/master/2025/05/2025-05-29-packt.md; https://github.com/dipjyotimetia-anz/GoLangBooks,true
lineage_diptomondal007_golangbooks,,,,,,unresolved,0,,,{},Evidence is too generic to assign an application.,https://github.com/github/dmca/blob/master/2025/05/2025-05-29-packt.md; https://github.com/diptomondal007/GoLangBooks/blob/master/GO_DESIGN_PATTERNS.pdf; https://github.com/diptomondal007/GoLangBooks; https://github.com/github/dmca/blob/master/2025/05/2025-05-29-packt.md; https://github.com/diptomondal007/GoLangBooks/blob/master/Hands-On%20RESTful%20Web%20Services%20with%20Go%20-%20Second%20Edition/HANDSON_RESTFUL_WEB_SERVICES_WITH_GO_SECOND_EDITION.pdf; https://github.com/diptomondal007/GoLangBooks; https://github.com/github/dmca/blob/master/2025/05/2025-05-29-packt.md; https://github.com/diptomondal007/GoLangBooks/blob/master/Go_Design_Patterns_for_Real_World_Projects/go-design-patterns-real-world-projects.pdf; https://github.com/diptomondal007/GoLangBooks; https://github.com/github/dmca/blob/master/2025/05/2025-05-29-packt.md; https://github.com/diptomondal007/GoLangBooks/blob/master/Learn%20Data%20Structures%20and%20Algorithms%20with%20Golang-%20Level%20up%20your%20Go%20programming%20skills%20to%20develop%20faster%20and%20more%20efficient%20code.pdf; https://github.com/diptomondal007/GoLangBooks; https://github.com/github/dmca/blob/master/2025/05/2025-05-29-packt.md; https://github.com/diptomondal007/GoLangBooks/blob/master/building-microservices-go.pdf; https://github.com/diptomondal007/GoLangBooks,true
lineage_dist-sys-dev_golangbooks,,,,,,unresolved,0,,,{},Evidence is too generic to assign an application.,https://github.com/github/dmca/blob/master/2025/05/2025-05-29-packt.md; https://github.com/dist-sys-dev/GoLangBooks,true
lineage_diwayou_jetbrainspatchkeygen,,,,,,unresolved,0,,,{},Evidence is too generic to assign an application.,https://github.com/github/dmca/blob/master/2015/2015-07-06-jetbrains.md; https://github.com/diwayou/JetbrainsPatchKeygen,true
lineage_dj-godev_golangbooks,,,,,,unresolved,0,,,{},Evidence is too generic to assign an application.,https://github.com/github/dmca/blob/master/2025/05/2025-05-29-packt.md; https://github.com/dj-godev/GoLangBooks,true
lineage_dmaina5054_golangbooks,,,,,,unresolved,0,,,{},Evidence is too generic to assign an application.,https://github.com/github/dmca/blob/master/2025/05/2025-05-29-packt.md; https://github.com/Dmaina5054/GoLangBooks,true
lineage_dmbk_golangbooks,,,,,,unresolved,0,,,{},Evidence is too generic to assign an application.,https://github.com/github/dmca/blob/master/2025/05/2025-05-29-packt.md; https://github.com/dmbk/GoLangBooks,true
lineage_dmitry331_font-awesome-pro,,,,,,unresolved,0,,,{},Evidence is too generic to assign an application.,https://github.com/github/dmca/blob/master/2024/05/2024-05-21-fonticons.md; https://github.com/Dmitry331/font-awesome-pro,true
lineage_dohai2105_golangbooks,,,,,,unresolved,0,,,{},Evidence is too generic to assign an application.,https://github.com/github/dmca/blob/master/2025/05/2025-05-29-packt.md; https://github.com/dohai2105/GoLangBooks,true
lineage_donhuvy_golangbooks,,,,,,unresolved,0,,,{},Evidence is too generic to assign an application.,https://github.com/github/dmca/blob/master/2025/05/2025-05-29-packt.md; https://github.com/donhuvy/GoLangBooks,true
lineage_donlaser_font-awesome-pro,,,,,,unresolved,0,,,{},Evidence is too generic to assign an application.,https://github.com/github/dmca/blob/master/2024/05/2024-05-21-fonticons.md; https://github.com/donlaser/font-awesome-pro,true
lineage_dotnet-reference_golangbooks,,,,,,unresolved,0,,,{},Evidence is too generic to assign an application.,https://github.com/github/dmca/blob/master/2025/05/2025-05-29-packt.md; https://github.com/dotnet-reference/GoLangBooks,true
lineage_doxrgithub_font-awesome,,,,,,unresolved,0,,,{},Evidence is too generic to assign an application.,https://github.com/github/dmca/blob/master/2024/05/2024-05-21-fonticons.md; https://github.com/DoxrGitHub/Font-Awesome,true
lineage_dpf-denilson_cannonarena,,,,,,unresolved,0,,,{},Evidence is too generic to assign an application.,https://github.com/github/dmca/blob/master/2015/2015-07-06-jetbrains.md; https://github.com/dpf-denilson/CannonArena/blob/master/webstorm-key.txt; https://github.com/dpf-denilson/CannonArena,true
lineage_dragonriser_biobank-read,,,,,,unresolved,0,,,{},Evidence is too generic to assign an application.,https://github.com/github/dmca/blob/master/2025/07/2025-07-18-ukbiobank.md; https://github.com/Dragonriser/biobank-read/blob/5093ff460740e1a998439a4d7287de3904798dc7/CVD_10035.csv; https://github.com/Dragonriser/biobank-read; https://github.com/github/dmca/blob/master/2025/07/2025-07-18-ukbiobank.md; https://github.com/Dragonriser/biobank-read/blob/b6b919af62b41671957ec02d1cb883d6e81f9c0c/test.csv; https://github.com/Dragonriser/biobank-read; https://github.com/github/dmca/blob/master/2025/07/2025-07-18-ukbiobank.md; https://github.com/Dragonriser/biobank-read/blob/9f9569d678f6951bbcd9275ca864f0965b867207/test.csv; https://github.com/Dragonriser/biobank-read; https://github.com/github/dmca/blob/master/2025/07/2025-07-18-ukbiobank.md; https://github.com/Dragonriser/biobank-read/blob/32b4450c732fc6c8f566f089469dea5c7b4f1d31/test.csv; https://github.com/Dragonriser/biobank-read; https://github.com/github/dmca/blob/master/2025/07/2025-07-18-ukbiobank.md; https://github.com/Dragonriser/biobank-read/blob/4b039b1f420006ce21e545170f1242dcb11e396b/test.csv; https://github.com/Dragonriser/biobank-read; https://github.com/github/dmca/blob/master/2025/07/2025-07-18-ukbiobank.md; https://github.com/Dragonriser/biobank-read/blob/d358b68ae7c68dfdd2c0f00a5a2b42edab29c30f/test.csv; https://github.com/Dragonriser/biobank-read; https://github.com/github/dmca/blob/master/2025/07/2025-07-18-ukbiobank.md; https://github.com/Dragonriser/biobank-read/blob/316087423db1b9d070ebb75386c9bb804d4e5147/test_hpc.csv; https://github.com/Dragonriser/biobank-read; https://github.com/github/dmca/blob/master/2025/07/2025-07-18-ukbiobank.md; https://github.com/Dragonriser/biobank-read/blob/b6b919af62b41671957ec02d1cb883d6e81f9c0c/testnew.csv; https://github.com/Dragonriser/biobank-read; https://github.com/github/dmca/blob/master/2025/07/2025-07-18-ukbiobank.md; https://github.com/Dragonriser/biobank-read/blob/b6b919af62b41671957ec02d1cb883d6e81f9c0c/testnewDEATH.csv; https://github.com/Dragonriser/biobank-read; https://github.com/github/dmca/blob/master/2025/07/2025-07-18-ukbiobank.md; https://github.com/Dragonriser/biobank-read/blob/a1307b9e70ed8bceda4c1cc2f4bd344645dab8fb/testnewVARpartial.csv; https://github.com/Dragonriser/biobank-read; https://github.com/github/dmca/blob/master/2025/07/2025-07-18-ukbiobank.md; https://github.com/Dragonriser/biobank-read/blob/fd988508f364c44dd1ac9531607504409bd4298a/testnewVARpartial_HES.csv; https://github.com/Dragonriser/biobank-read; https://github.com/github/dmca/blob/master/2025/07/2025-07-18-ukbiobank.md; https://github.com/Dragonriser/biobank-read/blob/fd988508f364c44dd1ac9531607504409bd4298a/testnewVARpartial_SR.csv; https://github.com/Dragonriser/biobank-read; https://github.com/github/dmca/blob/master/2025/07/2025-07-18-ukbiobank.md; https://github.com/Dragonriser/biobank-read/blob/fd988508f364c44dd1ac9531607504409bd4298a/testnewVARpartial_death.csv; https://github.com/Dragonriser/biobank-read; https://github.com/github/dmca/blob/master/2025/07/2025-07-18-ukbiobank.md; https://github.com/Dragonriser/biobank-read/blob/a1307b9e70ed8bceda4c1cc2f4bd344645dab8fb/testnewVARpartial_deaths.csv; https://github.com/Dragonriser/biobank-read; https://github.com/github/dmca/blob/master/2025/07/2025-07-18-ukbiobank.md; https://github.com/Dragonriser/biobank-read/blob/b6b919af62b41671957ec02d1cb883d6e81f9c0c/testorigDEATH.csv; https://github.com/Dragonriser/biobank-read,true
lineage_dramasamy_golangbooks,,,,,,unresolved,0,,,{},Evidence is too generic to assign an application.,https://github.com/github/dmca/blob/master/2025/05/2025-05-29-packt.md; https://github.com/dramasamy/GoLangBooks,true
lineage_dreamingpiggy_jetbrainspatchkeygen,,,,,,unresolved,0,,,{},Evidence is too generic to assign an application.,https://github.com/github/dmca/blob/master/2015/2015-07-06-jetbrains.md; https://github.com/DreamingPiggy/JetbrainsPatchKeygen,true
lineage_dreef3_intellij-idea-13-keygen,,,,,,unresolved,0,,,{},Evidence is too generic to assign an application.,https://github.com/github/dmca/blob/master/2015/2015-07-06-jetbrains.md; https://github.com/dreef3/IntelliJ-IDEA-13-keygen,true
lineage_dshuck_intellij-idea-14-keygen,,,,,,unresolved,0,,,{},Evidence is too generic to assign an application.,https://github.com/github/dmca/blob/master/2015/2015-07-06-jetbrains.md; https://github.com/dshuck/IntelliJ-IDEA-14-keygen,true
lineage_dskliarov-vio_golangbooks,,,,,,unresolved,0,,,{},Evidence is too generic to assign an application.,https://github.com/github/dmca/blob/master/2025/05/2025-05-29-packt.md; https://github.com/dskliarov-vio/GoLangBooks,true
lineage_dsky1990_dsky.github.io,,,,,,unresolved,0,,,{},Evidence is too generic to assign an application.,https://github.com/github/dmca/blob/master/2015/2015-07-06-jetbrains.md; https://github.com/dsky1990/dsky.github.io/blob/master/2014/11/10/somethings-about-webstorm/index.html; https://github.com/dsky1990/dsky.github.io,true
lineage_dts50_dts50.github.io,,,,,,unresolved,0,,,{},Evidence is too generic to assign an application.,https://github.com/github/dmca/blob/master/2023/02/2023-02-03-udacity.md; https://github.com/dts50/dts50.github.io; https://github.com/github/dmca/blob/master/2023/02/2023-02-03-udacity.md; https://github.com/dts50/dts50.github.io/blob/main/Data%20Scientist%20Nanodegree%20%20v5.0.0/Part%2001-Module%2001-Lesson%2001_Welcome%20to%20the%20Nanodegree%20Program/01.%20%E6%AC%A2%E8%BF%8E-SaSzn718doY.mp4; https://github.com/dts50/dts50.github.io; https://github.com/github/dmca/blob/master/2023/02/2023-02-03-udacity.md; https://github.com/dts50/dts50.github.io/blob/main/Data%20Scientist%20Nanodegree%20%20v5.0.0/Part%2001-Module%2001-Lesson%2001_Welcome%20to%20the%20Nanodegree%20Program/02.%20Meet%20The%20Instructors-XAU2Nf51vfU.mp4; https://github.com/dts50/dts50.github.io; https://github.com/github/dmca/blob/master/2023/02/2023-02-03-udacity.md; https://github.com/dts50/dts50.github.io/blob/main/Data%20Scientist%20Nanodegree%20%20v5.0.0/Part%2001-Module%2001-Lesson%2001_Welcome%20to%20the%20Nanodegree%20Program/03.%20Arvato%20Final%20Project-qBR6A0IQXEE.mp4; https://github.com/dts50/dts50.github.io; https://github.com/github/dmca/blob/master/2023/02/2023-02-03-udacity.md; https://github.com/dts50/dts50.github.io/blob/main/Data%20Scientist%20Nanodegree%20%20v5.0.0/Part%2001-Module%2001-Lesson%2001_Welcome%20to%20the%20Nanodegree%20Program/03.%20Build%20A%20Recommendation%20Engine%20IBM-A0rVwTbntf4.mp4; https://github.com/dts50/dts50.github.io; https://github.com/github/dmca/blob/master/2023/02/2023-02-03-udacity.md; https://github.com/dts50/dts50.github.io/blob/main/Data%20Scientist%20Nanodegree%20%20v5.0.0/Part%2001-Module%2001-Lesson%2001_Welcome%20to%20the%20Nanodegree%20Program/03.%20Figure%208%20Project-QbLVh5GTuJQ.mp4; https://github.com/dts50/dts50.github.io; https://github.com/github/dmca/blob/master/2023/02/2023-02-03-udacity.md; https://github.com/dts50/dts50.github.io/blob/main/Data%20Scientist%20Nanodegree%20%20v5.0.0/Part%2001-Module%2001-Lesson%2001_Welcome%20to%20the%20Nanodegree%20Program/03.%20Introduction%20to%20Blogging%20for%20Data%20Science-WrvGpRN5XQI.mp4; https://github.com/dts50/dts50.github.io; https://github.com/github/dmca/blob/master/2023/02/2023-02-03-udacity.md; https://github.com/dts50/dts50.github.io/blob/main/Data%20Scientist%20Nanodegree%20%20v5.0.0/Part%2001-Module%2001-Lesson%2001_Welcome%20to%20the%20Nanodegree%20Program/04.%20L1%2006%E5%AD%A6%E4%B9%A0%E5%BB%BA%E8%AE%AE-JRnZOZR97QQ.mp4; https://github.com/dts50/dts50.github.io; https://github.com/github/dmca/blob/master/2023/02/2023-02-03-udacity.md; https://github.com/dts50/dts50.github.io/blob/main/Data%20Scientist%20Nanodegree%20%20v5.0.0/Part%2001-Module%2001-Lesson%2001_Welcome%20to%20the%20Nanodegree%20Program/06.%20Parting%20Words%20Of%20Encouragement-sFF_WOnpsXM.mp4; https://github.com/dts50/dts50.github.io; https://github.com/github/dmca/blob/master/2023/02/2023-02-03-udacity.md; https://github.com/dts50/dts50.github.io/blob/main/Data%20Scientist%20Nanodegree%20%20v5.0.0/Part%2001-Module%2001-Lesson%2003_The%20Skills%20That%20Set%20You%20Apart/01.%20%E6%95%B0%E6%8D%AE%E7%A7%91%E5%AD%A6%E5%AE%B6%E5%88%B0%E5%BA%95%E9%83%BD%E5%9C%A8%E5%81%9A%E4%BB%80%E4%B9%88%EF%BC%9F-sN2DbIJUZmw.mp4; https://github.com/dts50/dts50.github.io; https://github.com/github/dmca/blob/master/2023/02/2023-02-03-udacity.md; https://github.com/dts50/dts50.github.io/blob/main/Data%20Scientist%20Nanodegree%20%20v5.0.0/Part%2001-Module%2001-Lesson%2003_The%20Skills%20That%20Set%20You%20Apart/02.%20What%20Do%20Data%20Scientists%20at%20AirBnB%20Do-q7sw9vc5o1U.mp4; https://github.com/dts50/dts50.github.io; https://github.com/github/dmca/blob/master/2023/02/2023-02-03-udacity.md; https://github.com/dts50/dts50.github.io/blob/main/Data%20Scientist%20Nanodegree%20%20v5.0.0/Part%2001-Module%2001-Lesson%2003_The%20Skills%20That%20Set%20You%20Apart/03.%20BMG%20Inspiration-ulMqa4YWbvc.mp4; https://github.com/dts50/dts50.github.io; https://github.com/github/dmca/blob/master/2023/02/2023-02-03-udacity.md; https://github.com/dts50/dts50.github.io/blob/main/Data%20Scientist%20Nanodegree%20%20v5.0.0/Part%2001-Module%2001-Lesson%2003_The%20Skills%20That%20Set%20You%20Apart/04.%20DSND%20T2%20Intro%20Dan%20Frank%20V4-rTCPmVQDsEw.mp4; https://github.com/dts50/dts50.github.io; https://github.com/github/dmca/blob/master/2023/02/2023-02-03-udacity.md; https://github.com/dts50/dts50.github.io/blob/main/Data%20Scientist%20Nanodegree%20%20v5.0.0/Part%2001-Module%2001-Lesson%2003_The%20Skills%20That%20Set%20You%20Apart/05.%20Richard%20Sharp%20Data%20Science-r0BCM6vhl0Q.mp4; https://github.com/dts50/dts50.github.io; https://github.com/github/dmca/blob/master/2023/02/2023-02-03-udacity.md; https://github.com/dts50/dts50.github.io/blob/main/Data%20Scientist%20Nanodegree%20%20v5.0.0/Part%2001-Module%2001-Lesson%2003_The%20Skills%20That%20Set%20You%20Apart/06.%20%E5%B0%8F%E7%BB%93-xj70jX9Moxs.mp4; https://github.com/dts50/dts50.github.io; https://github.com/github/dmca/blob/master/2023/02/2023-02-03-udacity.md; https://github.com/dts50/dts50.github.io/blob/main/Data%20Scientist%20Nanodegree%20%20v5.0.0/Part%2002-Module%2001-Lesson%2001_The%20Data%20Science%20Process/01.%20Introduction-VpxATYHhKM8.mp4; https://github.com/dts50/dts50.github.io; https://github.com/github/dmca/blob/master/2023/02/2023-02-03-udacity.md; https://github.com/dts50/dts50.github.io/blob/main/Data%20Scientist%20Nanodegree%20%20v5.0.0/Part%2002-Module%2001-Lesson%2001_The%20Data%20Science%20Process/02.%20CRISP-DM-PaVwnGcqlSE.mp4; https://github.com/dts50/dts50.github.io; https://github.com/github/dmca/blob/master/2023/02/2023-02-03-udacity.md; https://github.com/dts50/dts50.github.io/blob/main/Data%20Scientist%20Nanodegree%20%20v5.0.0/Part%2002-Module%2001-Lesson%2001_The%20Data%20Science%20Process/03.%20The%20Data%20Science%20Process%20Business%20And%20Data%20Understanding-eG_jKQezhc4.mp4; https://github.com/dts50/dts50.github.io; https://github.com/github/dmca/blob/master/2023/02/2023-02-03-udacity.md; https://github.com/dts50/dts50.github.io/blob/main/Data%20Scientist%20Nanodegree%20%20v5.0.0/Part%2002-Module%2001-Lesson%2001_The%20Data%20Science%20Process/04.%20Business%20And%20Data%20Understanding%20-%20Example-bXQTGS61BU8.mp4; https://github.com/dts50/dts50.github.io; https://github.com/github/dmca/blob/master/2023/02/2023-02-03-udacity.md; https://github.com/dts50/dts50.github.io/blob/main/Data%20Scientist%20Nanodegree%20%20v5.0.0/Part%2002-Module%2001-Lesson%2001_The%20Data%20Science%20Process/05.%20Using%20Workspaces-45N9NK6kQ0Y.mp4; https://github.com/dts50/dts50.github.io; https://github.com/github/dmca/blob/master/2023/02/2023-02-03-udacity.md; https://github.com/dts50/dts50.github.io/blob/main/Data%20Scientist%20Nanodegree%20%20v5.0.0/Part%2002-Module%2001-Lesson%2001_The%20Data%20Science%20Process/07.%20A%20Look%20at%20the%20Data-vPHVUYvCNGE.mp4; https://github.com/dts50/dts50.github.io; https://github.com/github/dmca/blob/master/2023/02/2023-02-03-udacity.md; https://github.com/dts50/dts50.github.io/blob/main/Data%20Scientist%20Nanodegree%20%20v5.0.0/Part%2002-Module%2001-Lesson%2001_The%20Data%20Science%20Process/09.%20Business%20And%20Data%20Understanding%20-%20Part%202-iInjuIgBWIo.mp4; https://github.com/dts50/dts50.github.io; https://github.com/github/dmca/blob/master/2023/02/2023-02-03-udacity.md; https://github.com/dts50/dts50.github.io/blob/main/Data%20Scientist%20Nanodegree%20%20v5.0.0/Part%2002-Module%2001-Lesson%2001_The%20Data%20Science%20Process/10.%20The%20Data%20Science%20Process%20Gathering%20And%20Wrangling-GvyfIiJUXWg.mp4; https://github.com/dts50/dts50.github.io; https://github.com/github/dmca/blob/master/2023/02/2023-02-03-udacity.md; https://github.com/dts50/dts50.github.io/blob/main/Data%20Scientist%20Nanodegree%20%20v5.0.0/Part%2002-Module%2001-Lesson%2001_The%20Data%20Science%20Process/11.%20How%20To%20Break%20Into%20The%20Field-0-Y39LZ80VE.mp4; https://github.com/dts50/dts50.github.io; https://github.com/github/dmca/blob/master/2023/02/2023-02-03-udacity.md; https://github.com/dts50/dts50.github.io/blob/main/Data%20Scientist%20Nanodegree%20%20v5.0.0/Part%2002-Module%2001-Lesson%2001_The%20Data%20Science%20Process/13.%20How%20to%20Break%20Into%20the%20Field%20Solution-Db_2Lmwo4EY.mp4; https://github.com/dts50/dts50.github.io; https://github.com/github/dmca/blob/master/2023/02/2023-02-03-udacity.md; https://github.com/dts50/dts50.github.io/blob/main/Data%20Scientist%20Nanodegree%20%20v5.0.0/Part%2002-Module%2001-Lesson%2001_The%20Data%20Science%20Process/14.%20Bootcamps-l2tYmee3kxo.mp4; https://github.com/dts50/dts50.github.io; https://github.com/github/dmca/blob/master/2023/02/2023-02-03-udacity.md; https://github.com/dts50/dts50.github.io/blob/main/Data%20Scientist%20Nanodegree%20%20v5.0.0/Part%2002-Module%2001-Lesson%2001_The%20Data%20Science%20Process/17.%20Job%20Satisfaction-OjCNMhWlYh8.mp4; https://github.com/dts50/dts50.github.io; https://github.com/github/dmca/blob/master/2023/02/2023-02-03-udacity.md; https://github.com/dts50/dts50.github.io/blob/main/Data%20Scientist%20Nanodegree%20%20v5.0.0/Part%2002-Module%2001-Lesson%2001_The%20Data%20Science%20Process/18.%20It%20Is%20Not%20Always%20About%20ML-ECqflypBU7M.mp4; https://github.com/dts50/dts50.github.io; https://github.com/github/dmca/blob/master/2023/02/2023-02-03-udacity.md; https://github.com/dts50/dts50.github.io/blob/main/Data%20Scientist%20Nanodegree%20%20v5.0.0/Part%2002-Module%2001-Lesson%2001_The%20Data%20Science%20Process/19.%20The%20Data%20Science%20Process%20Modeling-bzR6HQBn5CA.mp4; https://github.com/dts50/dts50.github.io; https://github.com/github/dmca/blob/master/2023/02/2023-02-03-udacity.md; https://github.com/dts50/dts50.github.io/blob/main/Data%20Scientist%20Nanodegree%20%20v5.0.0/Part%2002-Module%2001-Lesson%2001_The%20Data%20Science%20Process/20.%20Predicting%20Salary-g1ZAn02ETK4.mp4; https://github.com/dts50/dts50.github.io; https://github.com/github/dmca/blob/master/2023/02/2023-02-03-udacity.md; https://github.com/dts50/dts50.github.io/blob/main/Data%20Scientist%20Nanodegree%20%20v5.0.0/Part%2002-Module%2001-Lesson%2001_The%20Data%20Science%20Process/21.%20Predicting%20Salary-HTp4LA1MJh8.mp4; https://github.com/dts50/dts50.github.io; https://github.com/github/dmca/blob/master/2023/02/2023-02-03-udacity.md; https://github.com/dts50/dts50.github.io/blob/main/Data%20Scientist%20Nanodegree%20%20v5.0.0/Part%2002-Module%2001-Lesson%2001_The%20Data%20Science%20Process/23.%20What%20Happened-gLn6_Z3nwcc.mp4; https://github.com/dts50/dts50.github.io; https://github.com/github/dmca/blob/master/2023/02/2023-02-03-udacity.md; https://github.com/dts50/dts50.github.io/blob/main/Data%20Scientist%20Nanodegree%20%20v5.0.0/Part%2002-Module%2001-Lesson%2001_The%20Data%20Science%20Process/24.%20Working%20With%20Missing%20Values-mbAgYicmzqE.mp4; https://github.com/dts50/dts50.github.io; https://github.com/github/dmca/blob/master/2023/02/2023-02-03-udacity.md; https://github.com/dts50/dts50.github.io/blob/main/Data%20Scientist%20Nanodegree%20%20v5.0.0/Part%2002-Module%2001-Lesson%2001_The%20Data%20Science%20Process/25.%20Removing%20Data%20-%20Why%20Not-w3-5Z5mEzTM.mp4; https://github.com/dts50/dts50.github.io; https://github.com/github/dmca/blob/master/2023/02/2023-02-03-udacity.md; https://github.com/dts50/dts50.github.io/blob/main/Data%20Scientist%20Nanodegree%20%20v5.0.0/Part%2002-Module%2001-Lesson%2001_The%20Data%20Science%20Process/26.%20Removing%20Data%20-%20When%20Is%20It%20OK-oQhIPq5AccU.mp4; https://github.com/dts50/dts50.github.io; https://github.com/github/dmca/blob/master/2023/02/2023-02-03-udacity.md; https://github.com/dts50/dts50.github.io/blob/main/Data%20Scientist%20Nanodegree%20%20v5.0.0/Part%2002-Module%2001-Lesson%2001_The%20Data%20Science%20Process/27.%20Removing%20Data%20-%20Other%20Considerations-xrXk_Tvi0oQ.mp4; https://github.com/dts50/dts50.github.io; https://github.com/github/dmca/blob/master/2023/02/2023-02-03-udacity.md; https://github.com/dts50/dts50.github.io/blob/main/Data%20Scientist%20Nanodegree%20%20v5.0.0/Part%2002-Module%2001-Lesson%2001_The%20Data%20Science%20Process/30.%20Removing%20Data-97UTBiybYTs.mp4; https://github.com/dts50/dts50.github.io; https://github.com/github/dmca/blob/master/2023/02/2023-02-03-udacity.md; https://github.com/dts50/dts50.github.io/blob/main/Data%20Scientist%20Nanodegree%20%20v5.0.0/Part%2002-Module%2001-Lesson%2001_The%20Data%20Science%20Process/32.%20Removing%20Data%20Part%20II-lPl6-Z098Rs.mp4; https://github.com/dts50/dts50.github.io; https://github.com/github/dmca/blob/master/2023/02/2023-02-03-udacity.md; https://github.com/dts50/dts50.github.io/blob/main/Data%20Scientist%20Nanodegree%20%20v5.0.0/Part%2002-Module%2001-Lesson%2001_The%20Data%20Science%20Process/33.%20Imputing%20Missing%20Values-CEWIPjz_gCE.mp4; https://github.com/dts50/dts50.github.io; https://github.com/github/dmca/blob/master/2023/02/2023-02-03-udacity.md; https://github.com/dts50/dts50.github.io/blob/main/Data%20Scientist%20Nanodegree%20%20v5.0.0/Part%2002-Module%2001-Lesson%2001_The%20Data%20Science%20Process/35.%20Imputation%20Methods-OwEWSBitF-Q.mp4; https://github.com/dts50/dts50.github.io; https://github.com/github/dmca/blob/master/2023/02/2023-02-03-udacity.md; https://github.com/dts50/dts50.github.io/blob/main/Data%20Scientist%20Nanodegree%20%20v5.0.0/Part%2002-Module%2001-Lesson%2001_The%20Data%20Science%20Process/37.%20Imputing%20Values-nTM4HiDneeE.mp4; https://github.com/dts50/dts50.github.io; https://github.com/github/dmca/blob/master/2023/02/2023-02-03-udacity.md; https://github.com/dts50/dts50.github.io/blob/main/Data%20Scientist%20Nanodegree%20%20v5.0.0/Part%2002-Module%2001-Lesson%2001_The%20Data%20Science%20Process/38.%20Working%20With%20Categorical%20Variables-IoQOiuxsIZg.mp4; https://github.com/dts50/dts50.github.io; https://github.com/github/dmca/blob/master/2023/02/2023-02-03-udacity.md; https://github.com/dts50/dts50.github.io/blob/main/Data%20Scientist%20Nanodegree%20%20v5.0.0/Part%2002-Module%2001-Lesson%2001_The%20Data%20Science%20Process/40.%20Categorical%20Variables-p3gDUkBD9uM.mp4; https://github.com/dts50/dts50.github.io; https://github.com/github/dmca/blob/master/2023/02/2023-02-03-udacity.md; https://github.com/dts50/dts50.github.io/blob/main/Data%20Scientist%20Nanodegree%20%20v5.0.0/Part%2002-Module%2001-Lesson%2001_The%20Data%20Science%20Process/41.%20How%20To%20Fix%20This-IPQZ4pfRMRA.mp4; https://github.com/dts50/dts50.github.io; https://github.com/github/dmca/blob/master/2023/02/2023-02-03-udacity.md; https://github.com/dts50/dts50.github.io/blob/main/Data%20Scientist%20Nanodegree%20%20v5.0.0/Part%2002-Module%2001-Lesson%2001_The%20Data%20Science%20Process/43.%20Putting%20It%20All%20Together-3SX4dMZPNEI.mp4; https://github.com/dts50/dts50.github.io; https://github.com/github/dmca/blob/master/2023/02/2023-02-03-udacity.md; https://github.com/dts50/dts50.github.io/blob/main/Data%20Scientist%20Nanodegree%20%20v5.0.0/Part%2002-Module%2001-Lesson%2001_The%20Data%20Science%20Process/45.%20The%20Data%20Science%20Process%20Evaluate%20And%20Deploy-sxT43JlH_eM.mp4; https://github.com/dts50/dts50.github.io,true
lineage_duonghv1105_font-awesome-pro-clone,,,,,,unresolved,0,,,{},Evidence is too generic to assign an application.,https://github.com/github/dmca/blob/master/2024/05/2024-05-21-fonticons.md; https://github.com/duonghv1105/font-awesome-pro-clone,true
lineage_duongnvt2110_golangbooks,,,,,,unresolved,0,,,{},Evidence is too generic to assign an application.,https://github.com/github/dmca/blob/master/2025/05/2025-05-29-packt.md; https://github.com/duongnvt2110/GoLangBooks,true
lineage_duongvu89_jetbrains-intellij-idea-key-generator,,,,,,unresolved,0,,,{},Evidence is too generic to assign an application.,https://github.com/github/dmca/blob/master/2015/2015-07-06-jetbrains.md; https://github.com/duongvu89/Jetbrains-IntelliJ-IDEA-Key-Generator,true
lineage_dusong7_golangbooks,,,,,,unresolved,0,,,{},Evidence is too generic to assign an application.,https://github.com/github/dmca/blob/master/2025/05/2025-05-29-packt.md; https://github.com/dusong7/GoLangBooks,true
lineage_dyammarcano_golangbooks,,,,,,unresolved,0,,,{},Evidence is too generic to assign an application.,https://github.com/github/dmca/blob/master/2025/05/2025-05-29-packt.md; https://github.com/dyammarcano/GoLangBooks,true
lineage_dyygtfx_editorconfig,,,,,,unresolved,0,,,{},Evidence is too generic to assign an application.,https://github.com/github/dmca/blob/master/2015/2015-07-06-jetbrains.md; https://github.com/dyygtfx/EditorConfig/blob/master/README.md; https://github.com/dyygtfx/EditorConfig,true
lineage_eaglewu_jetbrainspatchkeygen,,,,,,unresolved,0,,,{},Evidence is too generic to assign an application.,https://github.com/github/dmca/blob/master/2015/2015-07-06-jetbrains.md; https://github.com/eaglewu/JetbrainsPatchKeygen,true
lineage_ebrahemmo_font-awesome-pro,,,,,,unresolved,0,,,{},Evidence is too generic to assign an application.,https://github.com/github/dmca/blob/master/2024/05/2024-05-21-fonticons.md; https://github.com/EbrahemMo/font-awesome-pro,true
lineage_eburtsev_jetbrains-intellij-idea-key-generator,,,,,,unresolved,0,,,{},Evidence is too generic to assign an application.,https://github.com/github/dmca/blob/master/2015/2015-07-06-jetbrains.md; https://github.com/eburtsev/Jetbrains-IntelliJ-IDEA-Key-Generator,true
lineage_eddahbihossine_tresor-go,,,,,,unresolved,0,,,{},Evidence is too generic to assign an application.,https://github.com/github/dmca/blob/master/2025/05/2025-05-29-packt.md; https://github.com/eddahbihossine/Tresor-Go,true
lineage_edwingeng_jetbrainspatchkeygen,,,,,,unresolved,0,,,{},Evidence is too generic to assign an application.,https://github.com/github/dmca/blob/master/2015/2015-07-06-jetbrains.md; https://github.com/edwingeng/JetbrainsPatchKeygen,true
lineage_eendroroy_jetbrainspatchkeygen,,,,,,unresolved,0,,,{},Evidence is too generic to assign an application.,https://github.com/github/dmca/blob/master/2015/2015-07-06-jetbrains.md; https://github.com/eendroroy/JetbrainsPatchKeygen,true
lineage_ekediala_golangbooks,,,,,,unresolved,0,,,{},Evidence is too generic to assign an application.,https://github.com/github/dmca/blob/master/2025/05/2025-05-29-packt.md; https://github.com/ekediala/GoLangBooks,true
lineage_ekkapx_golangbooks,,,,,,unresolved,0,,,{},Evidence is too generic to assign an application.,https://github.com/github/dmca/blob/master/2025/05/2025-05-29-packt.md; https://github.com/ekkapX/GoLangBooks,true
lineage_elakovnick24_golangbooks,,,,,,unresolved,0,,,{},Evidence is too generic to assign an application.,https://github.com/github/dmca/blob/master/2025/05/2025-05-29-packt.md; https://github.com/elakovnick24/GoLangBooks,true
lineage_elijahadade_golangbooks,,,,,,unresolved,0,,,{},Evidence is too generic to assign an application.,https://github.com/github/dmca/blob/master/2025/05/2025-05-29-packt.md; https://github.com/elijahadade/GoLangBooks,true
lineage_eliukblau_jetbrainspatchkeygen,,,,,,unresolved,0,,,{},Evidence is too generic to assign an application.,https://github.com/github/dmca/blob/master/2015/2015-07-06-jetbrains.md; https://github.com/eliukblau/JetbrainsPatchKeygen,true
lineage_eliyantosarage_font-awesome-pro,,,,,,unresolved,0,,,{},Evidence is too generic to assign an application.,https://github.com/github/dmca/blob/master/2024/05/2024-05-21-fonticons.md; https://github.com/eliyantosarage/font-awesome-pro,true
lineage_ellementa_myconf,,,,,,unresolved,0,,,{},Evidence is too generic to assign an application.,https://github.com/github/dmca/blob/master/2015/2015-07-06-jetbrains.md; https://github.com/ellementA/myconf/blob/master/phpstorm; https://github.com/ellementA/myconf,true
lineage_elpouletto_nitrogen,,,,,,unresolved,0,,,{},Evidence is too generic to assign an application.,https://github.com/github/dmca/blob/master/2023/10/2023-10-12-discord.md; https://github.com/Elpouletto/nitrogen,true
lineage_emadjumaah_golangbooks,,,,,,unresolved,0,,,{},Evidence is too generic to assign an application.,https://github.com/github/dmca/blob/master/2025/05/2025-05-29-packt.md; https://github.com/emadjumaah/GoLangBooks,true
lineage_emekaadirije_golangbooks,,,,,,unresolved,0,,,{},Evidence is too generic to assign an application.,https://github.com/github/dmca/blob/master/2025/05/2025-05-29-packt.md; https://github.com/emekaadirije/GoLangBooks,true
lineage_emon-nadim_need-to-remember,,,,,,unresolved,0,,,{},Evidence is too generic to assign an application.,https://github.com/github/dmca/blob/master/2015/2015-07-06-jetbrains.md; https://github.com/emon-nadim/Need-to-remember/blob/master/crack.txt; https://github.com/emon-nadim/Need-to-remember,true
lineage_emranahmed_jetbrainspatchkeygen,,,,,,unresolved,0,,,{},Evidence is too generic to assign an application.,https://github.com/github/dmca/blob/master/2015/2015-07-06-jetbrains.md; https://github.com/EmranAhmed/JetbrainsPatchKeygen,true
lineage_emyanuthomas_ptrs-ukb,,,,,,unresolved,0,,,{},Evidence is too generic to assign an application.,https://github.com/github/dmca/blob/master/2025/11/2025-11-13-uk-biobank-7.md; https://github.com/emyanuthomas/ptrs-ukb/blob/master/notebook/first_attempt_on_hail.ipynb; https://github.com/emyanuthomas/ptrs-ukb; https://github.com/github/dmca/blob/master/2025/11/2025-11-13-uk-biobank-7.md; https://github.com/emyanuthomas/ptrs-ukb/blob/master/notebook/hail_reml.ipynb; https://github.com/emyanuthomas/ptrs-ukb; https://github.com/github/dmca/blob/master/2025/11/2025-11-13-uk-biobank-7.md; https://github.com/emyanuthomas/ptrs-ukb/blob/master/notebook/first_look_at_prs.ipynb; https://github.com/emyanuthomas/ptrs-ukb; https://github.com/github/dmca/blob/master/2025/11/2025-11-13-uk-biobank-7.md; https://github.com/emyanuthomas/ptrs-ukb/blob/master/notebook/side_try_pheno.ipynb; https://github.com/emyanuthomas/ptrs-ukb; https://github.com/github/dmca/blob/master/2025/11/2025-11-13-uk-biobank-7.md; https://github.com/emyanuthomas/ptrs-ukb/blob/master/notebook/prepare_phenotype_and_run_gwas-with_variant_qc.ipynb; https://github.com/emyanuthomas/ptrs-ukb,true
lineage_encapsulate_jetbrains-intellij-idea-key-generator,,,,,,unresolved,0,,,{},Evidence is too generic to assign an application.,https://github.com/github/dmca/blob/master/2015/2015-07-06-jetbrains.md; https://github.com/Encapsulate/Jetbrains-IntelliJ-IDEA-Key-Generator,true
lineage_enginhu_golangbooks,,,,,,unresolved,0,,,{},Evidence is too generic to assign an application.,https://github.com/github/dmca/blob/master/2025/05/2025-05-29-packt.md; https://github.com/enginhu/GoLangBooks,true
lineage_erdldncr_golangbooks,,,,,,unresolved,0,,,{},Evidence is too generic to assign an application.,https://github.com/github/dmca/blob/master/2025/05/2025-05-29-packt.md; https://github.com/erdldncr/GoLangBooks,true
lineage_ericaimhigh1_font-awesome-pro,,,,,,unresolved,0,,,{},Evidence is too generic to assign an application.,https://github.com/github/dmca/blob/master/2024/05/2024-05-21-fonticons.md; https://github.com/ericaimhigh1/font-awesome-pro,true
lineage_erikwco_jetbrainspatchkeygen,,,,,,unresolved,0,,,{},Evidence is too generic to assign an application.,https://github.com/github/dmca/blob/master/2015/2015-07-06-jetbrains.md; https://github.com/erikwco/JetbrainsPatchKeygen,true
lineage_ertclee_golangbooks,,,,,,unresolved,0,,,{},Evidence is too generic to assign an application.,https://github.com/github/dmca/blob/master/2025/05/2025-05-29-packt.md; https://github.com/ertclee/GoLangBooks,true
lineage_ertos12_jetbrainspatchkeygen,,,,,,unresolved,0,,,{},Evidence is too generic to assign an application.,https://github.com/github/dmca/blob/master/2015/2015-07-06-jetbrains.md; https://github.com/ertos12/JetbrainsPatchKeygen,true
lineage_esme971_golangbooks,,,,,,unresolved,0,,,{},Evidence is too generic to assign an application.,https://github.com/github/dmca/blob/master/2025/05/2025-05-29-packt.md; https://github.com/Esme971/GoLangBooks,true
lineage_esparis_jetbrainspatchkeygen,,,,,,unresolved,0,,,{},Evidence is too generic to assign an application.,https://github.com/github/dmca/blob/master/2015/2015-07-06-jetbrains.md; https://github.com/ESPARIS/JetbrainsPatchKeygen,true
lineage_etaws_jetbrainspatchkeygen,,,,,,unresolved,0,,,{},Evidence is too generic to assign an application.,https://github.com/github/dmca/blob/master/2015/2015-07-06-jetbrains.md; https://github.com/etaws/JetbrainsPatchKeygen,true
lineage_eterline_golangbooks,,,,,,unresolved,0,,,{},Evidence is too generic to assign an application.,https://github.com/github/dmca/blob/master/2025/05/2025-05-29-packt.md; https://github.com/eterline/GoLangBooks,true
lineage_etolfort_golangbooks,,,,,,unresolved,0,,,{},Evidence is too generic to assign an application.,https://github.com/github/dmca/blob/master/2025/05/2025-05-29-packt.md; https://github.com/etolfort/GoLangBooks,true
lineage_etsrepo_intellij-idea-14-keygen,,,,,,unresolved,0,,,{},Evidence is too generic to assign an application.,https://github.com/github/dmca/blob/master/2015/2015-07-06-jetbrains.md; https://github.com/etsrepo/IntelliJ-IDEA-14-keygen,true
lineage_eugene-xyhe_biomarkers,,,,,,unresolved,0,,,{},Evidence is too generic to assign an application.,https://github.com/github/dmca/blob/master/2025/08/2025-08-22-uk-biobank.md; https://github.com/Eugene-xyHe/biomarkers/blob/1c0da07a271784cdcb890e5a7e4a97f03547e82b/clumping/clumped/GLOBAL_Alanine_aminotransferase.hh; https://github.com/Eugene-xyHe/biomarkers; https://github.com/github/dmca/blob/master/2025/08/2025-08-22-uk-biobank.md; https://github.com/Eugene-xyHe/biomarkers/blob/1c0da07a271784cdcb890e5a7e4a97f03547e82b/clumping/clumped/GLOBAL_Albumin.hh; https://github.com/Eugene-xyHe/biomarkers; https://github.com/github/dmca/blob/master/2025/08/2025-08-22-uk-biobank.md; https://github.com/Eugene-xyHe/biomarkers/blob/1c0da07a271784cdcb890e5a7e4a97f03547e82b/clumping/clumped/GLOBAL_Alkaline_phosphatase.hh; https://github.com/Eugene-xyHe/biomarkers; https://github.com/github/dmca/blob/master/2025/08/2025-08-22-uk-biobank.md; https://github.com/Eugene-xyHe/biomarkers/blob/1c0da07a271784cdcb890e5a7e4a97f03547e82b/clumping/clumped/GLOBAL_Apolipoprotein_A.hh; https://github.com/Eugene-xyHe/biomarkers; https://github.com/github/dmca/blob/master/2025/08/2025-08-22-uk-biobank.md; https://github.com/Eugene-xyHe/biomarkers/blob/1c0da07a271784cdcb890e5a7e4a97f03547e82b/clumping/clumped/GLOBAL_Apolipoprotein_B.hh; https://github.com/Eugene-xyHe/biomarkers; https://github.com/github/dmca/blob/master/2025/08/2025-08-22-uk-biobank.md; https://github.com/Eugene-xyHe/biomarkers/blob/1c0da07a271784cdcb890e5a7e4a97f03547e82b/clumping/clumped/GLOBAL_Apolipoprotein_B_adjstatins.hh; https://github.com/Eugene-xyHe/biomarkers; https://github.com/github/dmca/blob/master/2025/08/2025-08-22-uk-biobank.md; https://github.com/Eugene-xyHe/biomarkers/blob/1c0da07a271784cdcb890e5a7e4a97f03547e82b/clumping/clumped/GLOBAL_Aspartate_aminotransferase.hh; https://github.com/Eugene-xyHe/biomarkers; https://github.com/github/dmca/blob/master/2025/08/2025-08-22-uk-biobank.md; https://github.com/Eugene-xyHe/biomarkers/blob/1c0da07a271784cdcb890e5a7e4a97f03547e82b/clumping/clumped/GLOBAL_AST_ALT_ratio.hh; https://github.com/Eugene-xyHe/biomarkers; https://github.com/github/dmca/blob/master/2025/08/2025-08-22-uk-biobank.md; https://github.com/Eugene-xyHe/biomarkers/blob/1c0da07a271784cdcb890e5a7e4a97f03547e82b/clumping/clumped/GLOBAL_C_reactive_protein.hh; https://github.com/Eugene-xyHe/biomarkers; https://github.com/github/dmca/blob/master/2025/08/2025-08-22-uk-biobank.md; https://github.com/Eugene-xyHe/biomarkers/blob/1c0da07a271784cdcb890e5a7e4a97f03547e82b/clumping/clumped/GLOBAL_Calcium.hh; https://github.com/Eugene-xyHe/biomarkers; https://github.com/github/dmca/blob/master/2025/08/2025-08-22-uk-biobank.md; https://github.com/Eugene-xyHe/biomarkers/blob/1c0da07a271784cdcb890e5a7e4a97f03547e82b/clumping/clumped/GLOBAL_Cholesterol.hh; https://github.com/Eugene-xyHe/biomarkers; https://github.com/github/dmca/blob/master/2025/08/2025-08-22-uk-biobank.md; https://github.com/Eugene-xyHe/biomarkers/blob/1c0da07a271784cdcb890e5a7e4a97f03547e82b/clumping/clumped/GLOBAL_Cholesterol_adjstatins.hh; https://github.com/Eugene-xyHe/biomarkers; https://github.com/github/dmca/blob/master/2025/08/2025-08-22-uk-biobank.md; https://github.com/Eugene-xyHe/biomarkers/blob/1c0da07a271784cdcb890e5a7e4a97f03547e82b/clumping/clumped/GLOBAL_Creatinine.hh; https://github.com/Eugene-xyHe/biomarkers; https://github.com/github/dmca/blob/master/2025/08/2025-08-22-uk-biobank.md; https://github.com/Eugene-xyHe/biomarkers/blob/1c0da07a271784cdcb890e5a7e4a97f03547e82b/clumping/clumped/GLOBAL_Creatinine_in_urine.hh; https://github.com/Eugene-xyHe/biomarkers; https://github.com/github/dmca/blob/master/2025/08/2025-08-22-uk-biobank.md; https://github.com/Eugene-xyHe/biomarkers/blob/1c0da07a271784cdcb890e5a7e4a97f03547e82b/clumping/clumped/GLOBAL_Cystatin_C.hh; https://github.com/Eugene-xyHe/biomarkers; https://github.com/github/dmca/blob/master/2025/08/2025-08-22-uk-biobank.md; https://github.com/Eugene-xyHe/biomarkers/blob/1c0da07a271784cdcb890e5a7e4a97f03547e82b/clumping/clumped/GLOBAL_Direct_bilirubin.hh; https://github.com/Eugene-xyHe/biomarkers; https://github.com/github/dmca/blob/master/2025/08/2025-08-22-uk-biobank.md; https://github.com/Eugene-xyHe/biomarkers/blob/1c0da07a271784cdcb890e5a7e4a97f03547e82b/clumping/clumped/GLOBAL_eGFR.hh; https://github.com/Eugene-xyHe/biomarkers; https://github.com/github/dmca/blob/master/2025/08/2025-08-22-uk-biobank.md; https://github.com/Eugene-xyHe/biomarkers/blob/1c0da07a271784cdcb890e5a7e4a97f03547e82b/clumping/clumped/GLOBAL_Fasting_glucose.hh; https://github.com/Eugene-xyHe/biomarkers; https://github.com/github/dmca/blob/master/2025/08/2025-08-22-uk-biobank.md; https://github.com/Eugene-xyHe/biomarkers/blob/1c0da07a271784cdcb890e5a7e4a97f03547e82b/clumping/clumped/GLOBAL_Gamma_glutamyltransferase.hh; https://github.com/Eugene-xyHe/biomarkers; https://github.com/github/dmca/blob/master/2025/08/2025-08-22-uk-biobank.md; https://github.com/Eugene-xyHe/biomarkers/blob/1c0da07a271784cdcb890e5a7e4a97f03547e82b/clumping/clumped/GLOBAL_Glucose.hh; https://github.com/Eugene-xyHe/biomarkers; https://github.com/github/dmca/blob/master/2025/08/2025-08-22-uk-biobank.md; https://github.com/Eugene-xyHe/biomarkers/blob/1c0da07a271784cdcb890e5a7e4a97f03547e82b/clumping/clumped/GLOBAL_Glycated_haemoglobin_HbA1c.hh; https://github.com/Eugene-xyHe/biomarkers; https://github.com/github/dmca/blob/master/2025/08/2025-08-22-uk-biobank.md; https://github.com/Eugene-xyHe/biomarkers/blob/1c0da07a271784cdcb890e5a7e4a97f03547e82b/clumping/clumped/GLOBAL_HbA1c.hh; https://github.com/Eugene-xyHe/biomarkers; https://github.com/github/dmca/blob/master/2025/08/2025-08-22-uk-biobank.md; https://github.com/Eugene-xyHe/biomarkers/blob/1c0da07a271784cdcb890e5a7e4a97f03547e82b/clumping/clumped/GLOBAL_HDL.hh; https://github.com/Eugene-xyHe/biomarkers; https://github.com/github/dmca/blob/master/2025/08/2025-08-22-uk-biobank.md; https://github.com/Eugene-xyHe/biomarkers/blob/1c0da07a271784cdcb890e5a7e4a97f03547e82b/clumping/clumped/GLOBAL_HDL_cholesterol.hh; https://github.com/Eugene-xyHe/biomarkers; https://github.com/github/dmca/blob/master/2025/08/2025-08-22-uk-biobank.md; https://github.com/Eugene-xyHe/biomarkers/blob/1c0da07a271784cdcb890e5a7e4a97f03547e82b/clumping/clumped/GLOBAL_IGF_1.hh; https://github.com/Eugene-xyHe/biomarkers; https://github.com/github/dmca/blob/master/2025/08/2025-08-22-uk-biobank.md; https://github.com/Eugene-xyHe/biomarkers/blob/1c0da07a271784cdcb890e5a7e4a97f03547e82b/clumping/clumped/GLOBAL_LDL.hh; https://github.com/Eugene-xyHe/biomarkers; https://github.com/github/dmca/blob/master/2025/08/2025-08-22-uk-biobank.md; https://github.com/Eugene-xyHe/biomarkers/blob/1c0da07a271784cdcb890e5a7e4a97f03547e82b/clumping/clumped/GLOBAL_LDL_adjstatins.hh; https://github.com/Eugene-xyHe/biomarkers; https://github.com/github/dmca/blob/master/2025/08/2025-08-22-uk-biobank.md; https://github.com/Eugene-xyHe/biomarkers/blob/1c0da07a271784cdcb890e5a7e4a97f03547e82b/clumping/clumped/GLOBAL_LDL_direct.hh; https://github.com/Eugene-xyHe/biomarkers; https://github.com/github/dmca/blob/master/2025/08/2025-08-22-uk-biobank.md; https://github.com/Eugene-xyHe/biomarkers/blob/1c0da07a271784cdcb890e5a7e4a97f03547e82b/clumping/clumped/GLOBAL_LDL_direct_adjstatins.hh; https://github.com/Eugene-xyHe/biomarkers; https://github.com/github/dmca/blob/master/2025/08/2025-08-22-uk-biobank.md; https://github.com/Eugene-xyHe/biomarkers/blob/1c0da07a271784cdcb890e5a7e4a97f03547e82b/clumping/clumped/GLOBAL_Lipoprotein_A.hh; https://github.com/Eugene-xyHe/biomarkers; https://github.com/github/dmca/blob/master/2025/08/2025-08-22-uk-biobank.md; https://github.com/Eugene-xyHe/biomarkers/blob/1c0da07a271784cdcb890e5a7e4a97f03547e82b/clumping/clumped/GLOBAL_Microalbumin_in_urine.hh; https://github.com/Eugene-xyHe/biomarkers; https://github.com/github/dmca/blob/master/2025/08/2025-08-22-uk-biobank.md; https://github.com/Eugene-xyHe/biomarkers/blob/1c0da07a271784cdcb890e5a7e4a97f03547e82b/clumping/clumped/GLOBAL_Non_albumin_protein.hh; https://github.com/Eugene-xyHe/biomarkers; https://github.com/github/dmca/blob/master/2025/08/2025-08-22-uk-biobank.md; https://github.com/Eugene-xyHe/biomarkers/blob/1c0da07a271784cdcb890e5a7e4a97f03547e82b/clumping/clumped/GLOBAL_Oestradiol.hh; https://github.com/Eugene-xyHe/biomarkers; https://github.com/github/dmca/blob/master/2025/08/2025-08-22-uk-biobank.md; https://github.com/Eugene-xyHe/biomarkers/blob/1c0da07a271784cdcb890e5a7e4a97f03547e82b/clumping/clumped/GLOBAL_Phosphate.hh; https://github.com/Eugene-xyHe/biomarkers; https://github.com/github/dmca/blob/master/2025/08/2025-08-22-uk-biobank.md; https://github.com/Eugene-xyHe/biomarkers/blob/1c0da07a271784cdcb890e5a7e4a97f03547e82b/clumping/clumped/GLOBAL_Potassium_in_urine.hh; https://github.com/Eugene-xyHe/biomarkers; https://github.com/github/dmca/blob/master/2025/08/2025-08-22-uk-biobank.md; https://github.com/Eugene-xyHe/biomarkers/blob/1c0da07a271784cdcb890e5a7e4a97f03547e82b/clumping/clumped/GLOBAL_Rheumatoid_factor.hh; https://github.com/Eugene-xyHe/biomarkers; https://github.com/github/dmca/blob/master/2025/08/2025-08-22-uk-biobank.md; https://github.com/Eugene-xyHe/biomarkers/blob/1c0da07a271784cdcb890e5a7e4a97f03547e82b/clumping/clumped/GLOBAL_SHBG.hh; https://github.com/Eugene-xyHe/biomarkers; https://github.com/github/dmca/blob/master/2025/08/2025-08-22-uk-biobank.md; https://github.com/Eugene-xyHe/biomarkers/blob/1c0da07a271784cdcb890e5a7e4a97f03547e82b/clumping/clumped/GLOBAL_Sodium_in_urine.hh; https://github.com/Eugene-xyHe/biomarkers; https://github.com/github/dmca/blob/master/2025/08/2025-08-22-uk-biobank.md; https://github.com/Eugene-xyHe/biomarkers/blob/1c0da07a271784cdcb890e5a7e4a97f03547e82b/clumping/clumped/GLOBAL_Testosterone.hh; https://github.com/Eugene-xyHe/biomarkers; https://github.com/github/dmca/blob/master/2025/08/2025-08-22-uk-biobank.md; https://github.com/Eugene-xyHe/biomarkers/blob/1c0da07a271784cdcb890e5a7e4a97f03547e82b/clumping/clumped/GLOBAL_Total_bilirubin.hh; https://github.com/Eugene-xyHe/biomarkers; https://github.com/github/dmca/blob/master/2025/08/2025-08-22-uk-biobank.md; https://github.com/Eugene-xyHe/biomarkers/blob/1c0da07a271784cdcb890e5a7e4a97f03547e82b/clumping/clumped/GLOBAL_Total_protein.hh; https://github.com/Eugene-xyHe/biomarkers; https://github.com/github/dmca/blob/master/2025/08/2025-08-22-uk-biobank.md; https://github.com/Eugene-xyHe/biomarkers/blob/1c0da07a271784cdcb890e5a7e4a97f03547e82b/clumping/clumped/GLOBAL_Triglycerides.hh; https://github.com/Eugene-xyHe/biomarkers; https://github.com/github/dmca/blob/master/2025/08/2025-08-22-uk-biobank.md; https://github.com/Eugene-xyHe/biomarkers/blob/1c0da07a271784cdcb890e5a7e4a97f03547e82b/clumping/clumped/GLOBAL_Urate.hh; https://github.com/Eugene-xyHe/biomarkers; https://github.com/github/dmca/blob/master/2025/08/2025-08-22-uk-biobank.md; https://github.com/Eugene-xyHe/biomarkers/blob/1c0da07a271784cdcb890e5a7e4a97f03547e82b/clumping/clumped/GLOBAL_Urea.hh; https://github.com/Eugene-xyHe/biomarkers; https://github.com/github/dmca/blob/master/2025/08/2025-08-22-uk-biobank.md; https://github.com/Eugene-xyHe/biomarkers/blob/1c0da07a271784cdcb890e5a7e4a97f03547e82b/clumping/clumped/GLOBAL_Vitamin_D.hh; https://github.com/Eugene-xyHe/biomarkers,true
lineage_euriion_jetbrainspatchkeygen,,,,,,unresolved,0,,,{},Evidence is too generic to assign an application.,https://github.com/github/dmca/blob/master/2015/2015-07-06-jetbrains.md; https://github.com/euriion/JetbrainsPatchKeygen,true
lineage_euskal-oxcitas-biotek_ukb-gen-clocks,,,,,,unresolved,0,,,{},Evidence is too generic to assign an application.,https://github.com/github/dmca/blob/master/2025/09/2025-09-19-uk-biobank.md; https://github.com/Euskal-Oxcitas-Biotek/UKB-gen-clocks/blob/0b5a3ce01bcc3f0d658b9432d0e86c7e3d4288a7/ML-approach/fastsurfer_stats_legacy_vox1_harmonized_demographics_filtered_machine_type_death_record_last_follow_up.csv; https://github.com/Euskal-Oxcitas-Biotek/UKB-gen-clocks,true
lineage_ewolfox_golangbooks,,,,,,unresolved,0,,,{},Evidence is too generic to assign an application.,https://github.com/github/dmca/blob/master/2025/05/2025-05-29-packt.md; https://github.com/ewolfox/GoLangBooks,true
lineage_f-tiger_golangbooks,,,,,,unresolved,0,,,{},Evidence is too generic to assign an application.,https://github.com/github/dmca/blob/master/2025/05/2025-05-29-packt.md; https://github.com/f-tiger/GoLangBooks,true
lineage_fadelm2_golangbooks,,,,,,unresolved,0,,,{},Evidence is too generic to assign an application.,https://github.com/github/dmca/blob/master/2025/05/2025-05-29-packt.md; https://github.com/fadelm2/GoLangBooks,true
lineage_falkensmazedev_font-awesome-pro,,,,,,unresolved,0,,,{},Evidence is too generic to assign an application.,https://github.com/github/dmca/blob/master/2024/05/2024-05-21-fonticons.md; https://github.com/FalkensMazeDev/font-awesome-pro,true
lineage_faniman_golangbooks,,,,,,unresolved,0,,,{},Evidence is too generic to assign an application.,https://github.com/github/dmca/blob/master/2025/05/2025-05-29-packt.md; https://github.com/FANIMAN/GoLangBooks,true
lineage_fanseethemes_font-awesome-pro,,,,,,unresolved,0,,,{},Evidence is too generic to assign an application.,https://github.com/github/dmca/blob/master/2024/05/2024-05-21-fonticons.md; https://github.com/fanseethemes/font-awesome-pro,true
lineage_farida-ali_t2dm_ukb_predictions,,,,,,unresolved,0,,,{},Evidence is too generic to assign an application.,https://github.com/github/dmca/blob/master/2025/10/2025-10-14-uk-biobank.md; https://github.com/Farida-Ali/T2DM_UKB_predictions,true
lineage_fastbpmn_golangbooks,,,,,,unresolved,0,,,{},Evidence is too generic to assign an application.,https://github.com/github/dmca/blob/master/2025/05/2025-05-29-packt.md; https://github.com/fastbpmn/GoLangBooks,true
lineage_felconca_font-awesome-pro,,,,,,unresolved,0,,,{},Evidence is too generic to assign an application.,https://github.com/github/dmca/blob/master/2024/05/2024-05-21-fonticons.md; https://github.com/felconca/font-awesome-pro,true
lineage_felipefernand3s_gobooks,,,,,,unresolved,0,,,{},Evidence is too generic to assign an application.,https://github.com/github/dmca/blob/master/2025/05/2025-05-29-packt.md; https://github.com/felipefernand3s/GoBooks,true
lineage_fengchuichui_jetbrainspatchkeygen,,,,,,unresolved,0,,,{},Evidence is too generic to assign an application.,https://github.com/github/dmca/blob/master/2015/2015-07-06-jetbrains.md; https://github.com/fengchuichui/JetbrainsPatchKeygen,true
lineage_fenghou1st_jetbrainspatchkeygen,,,,,,unresolved,0,,,{},Evidence is too generic to assign an application.,https://github.com/github/dmca/blob/master/2015/2015-07-06-jetbrains.md; https://github.com/fenghou1st/JetbrainsPatchKeygen,true
lineage_ferronrsmith_jetbrainspatchkeygen,,,,,,unresolved,0,,,{},Evidence is too generic to assign an application.,https://github.com/github/dmca/blob/master/2015/2015-07-06-jetbrains.md; https://github.com/ferronrsmith/JetbrainsPatchKeygen,true
lineage_fingul_jetbrainspatchkeygen,,,,,,unresolved,0,,,{},Evidence is too generic to assign an application.,https://github.com/github/dmca/blob/master/2015/2015-07-06-jetbrains.md; https://github.com/fingul/JetbrainsPatchKeygen,true
lineage_finicu212_golangbooks,,,,,,unresolved,0,,,{},Evidence is too generic to assign an application.,https://github.com/github/dmca/blob/master/2025/05/2025-05-29-packt.md; https://github.com/finicu212/GoLangBooks,true
lineage_flapypan_font-awesome-pro,,,,,,unresolved,0,,,{},Evidence is too generic to assign an application.,https://github.com/github/dmca/blob/master/2024/05/2024-05-21-fonticons.md; https://github.com/FlapyPan/font-awesome-pro,true
lineage_flufshinoa_font-awesome-pro,,,,,,unresolved,0,,,{},Evidence is too generic to assign an application.,https://github.com/github/dmca/blob/master/2024/05/2024-05-21-fonticons.md; https://github.com/FluFShinoA/font-awesome-pro,true
lineage_fmerella_proteomics_ukbb,,,,,,unresolved,0,,,{},Evidence is too generic to assign an application.,https://github.com/github/dmca/blob/master/2025/11/2025-11-25-uk-biobank.md; https://github.com/Fmerella/Proteomics_UKBB-/blob/7d856888cb5ef83c41f7b9ecbe8e380ff6b3eb10/Compute_NA%20with_lowest_value_%26_proteomic_expression.R; https://github.com/Fmerella/Proteomics_UKBB-,true
lineage_followyourheart_jetbrainspatchkeygen,,,,,,unresolved,0,,,{},Evidence is too generic to assign an application.,https://github.com/github/dmca/blob/master/2015/2015-07-06-jetbrains.md; https://github.com/followyourheart/JetbrainsPatchKeygen,true
lineage_fontom71_nitrovalidator,,,,,,unresolved,0,,,{},Evidence is too generic to assign an application.,https://github.com/github/dmca/blob/master/2023/10/2023-10-12-discord.md; https://github.com/Fontom71/NitroValidator,true
lineage_forhadsustbd_jetbrainspatchkeygen,,,,,,unresolved,0,,,{},Evidence is too generic to assign an application.,https://github.com/github/dmca/blob/master/2015/2015-07-06-jetbrains.md; https://github.com/forhadsustbd/JetbrainsPatchKeygen,true
lineage_forjustice_font-awesome-pro-6,,,,,,unresolved,0,,,{},Evidence is too generic to assign an application.,https://github.com/github/dmca/blob/master/2024/05/2024-05-21-fonticons.md; https://github.com/forjustice/font-awesome-pro-6,true
lineage_forks-from_golangbooks,,,,,,unresolved,0,,,{},Evidence is too generic to assign an application.,https://github.com/github/dmca/blob/master/2025/05/2025-05-29-packt.md; https://github.com/forks-from/GoLangBooks,true
lineage_frank-hqz_pain_proteomics,,,,,,unresolved,0,,,{},Evidence is too generic to assign an application.,https://github.com/github/dmca/blob/master/2025/10/2025-10-15-uk-biobank-3.md; https://github.com/Frank-HQZ/Pain_Proteomics/blob/9fd0e44d1aaf79be74dbcd1a43887909081ac79f/Predication%20of%20pain%20occurrence/pain_1.ipynb; https://github.com/Frank-HQZ/Pain_Proteomics,true
lineage_freepoint24_golangbooks,,,,,,unresolved,0,,,{},Evidence is too generic to assign an application.,https://github.com/github/dmca/blob/master/2025/05/2025-05-29-packt.md; https://github.com/Freepoint24/GoLangBooks,true
lineage_freshpassport_jetbrainspatchkeygen,,,,,,unresolved,0,,,{},Evidence is too generic to assign an application.,https://github.com/github/dmca/blob/master/2015/2015-07-06-jetbrains.md; https://github.com/freshpassport/JetbrainsPatchKeygen,true
lineage_futurologist_ukbiobank-table-conversion,,,,,,unresolved,0,,,{},Evidence is too generic to assign an application.,https://github.com/github/dmca/blob/master/2025/12/2025-12-09-uk-biobank.md; https://github.com/futurologist/UKBiobank-Table-Conversion/blob/ef88907514c72072a9a78140a3d51c83d17cec92/INTRO_and_INSTRUCTIONS.pdf; https://github.com/futurologist/UKBiobank-Table-Conversion,true
lineage_fx773d_jetbrainspatchkeygen,,,,,,unresolved,0,,,{},Evidence is too generic to assign an application.,https://github.com/github/dmca/blob/master/2015/2015-07-06-jetbrains.md; https://github.com/fx773d/JetbrainsPatchKeygen,true
lineage_gabrielpeereira_golangbooks,,,,,,unresolved,0,,,{},Evidence is too generic to assign an application.,https://github.com/github/dmca/blob/master/2025/05/2025-05-29-packt.md; https://github.com/gabrielpeereira/GoLangBooks,true
lineage_gaconkzk_jetbrains-intellij-idea-key-generator,,,,,,unresolved,0,,,{},Evidence is too generic to assign an application.,https://github.com/github/dmca/blob/master/2015/2015-07-06-jetbrains.md; https://github.com/gaconkzk/Jetbrains-IntelliJ-IDEA-Key-Generator,true
lineage_gaoyufeng_jetbrainspatchkeygen,,,,,,unresolved,0,,,{},Evidence is too generic to assign an application.,https://github.com/github/dmca/blob/master/2015/2015-07-06-jetbrains.md; https://github.com/gaoyufeng/JetbrainsPatchKeygen,true
lineage_gbelcheva_telerikacademy,,,,,,unresolved,0,,,{},Evidence is too generic to assign an application.,https://github.com/github/dmca/blob/master/2015/2015-07-06-jetbrains.md; https://github.com/gbelcheva/TelerikAcademy/blob/master/GitShellCommit.txt; https://github.com/gbelcheva/TelerikAcademy,true
lineage_geneticresources_cnv-ukb,,,,,,unresolved,0,,,{},Evidence is too generic to assign an application.,https://github.com/github/dmca/blob/master/2025/10/2025-10-02-uk-biobank-4.md; https://github.com/GeneticResources/cnv-ukb/blob/master/genotypes/ukb_cnv_reference.tsv.gz; https://github.com/GeneticResources/cnv-ukb,true
lineage_geraldoandradee_jetbrainspatchkeygen,,,,,,unresolved,0,,,{},Evidence is too generic to assign an application.,https://github.com/github/dmca/blob/master/2015/2015-07-06-jetbrains.md; https://github.com/geraldoandradee/JetbrainsPatchKeygen,true
lineage_germayneng_golangbooks,,,,,,unresolved,0,,,{},Evidence is too generic to assign an application.,https://github.com/github/dmca/blob/master/2025/05/2025-05-29-packt.md; https://github.com/germayneng/GoLangBooks,true
lineage_gerstung-lab_cancerrisk,,,,,,unresolved,0,,,{},Evidence is too generic to assign an application.,https://github.com/github/dmca/blob/master/2025/11/2025-11-25-uk-biobank-6.md; https://github.com/gerstung-lab/CancerRisk/blob/d89f782a20acc8a80b60ba5b85f37269bf2b0228/main/UKB/scripts/00_qrisk_pred.py; https://github.com/gerstung-lab/CancerRisk; https://github.com/github/dmca/blob/master/2025/11/2025-11-25-uk-biobank-6.md; https://github.com/gerstung-lab/CancerRisk/blob/0f496ae2aaf37d17ee81fb60746cc354ee2e4567/main/UKB/scripts/00_dcode_frequency.py; https://github.com/gerstung-lab/CancerRisk; https://github.com/github/dmca/blob/master/2025/11/2025-11-25-uk-biobank-6.md; https://github.com/gerstung-lab/CancerRisk/blob/0f496ae2aaf37d17ee81fb60746cc354ee2e4567/main/UKB/scripts/00_ukb_pred.py; https://github.com/gerstung-lab/CancerRisk,true
lineage_gerstung-lab_uk_biobank_survival,,,,,,unresolved,0,,,{},Evidence is too generic to assign an application.,https://github.com/github/dmca/blob/master/2025/11/2025-11-04-uk-biobank-2.md; https://github.com/gerstung-lab/uk_biobank_survival/blob/main/scripts/00_ukb_to_hdf5.py; https://github.com/gerstung-lab/uk_biobank_survival; https://github.com/github/dmca/blob/master/2025/11/2025-11-04-uk-biobank-2.md; https://github.com/gerstung-lab/uk_biobank_survival/blob/77c5883b70551ea480dfcc291d3fd412f7e23dd8/scripts/.ipynb_checkpoints/00_ukb_to_hdf5-checkpoint.py; https://github.com/gerstung-lab/uk_biobank_survival,true
lineage_ghm17_epi-prs,,,,,,unresolved,0,,,{},Evidence is too generic to assign an application.,https://github.com/github/dmca/blob/master/2025/12/2025-12-08-uk-biobank-4.md; https://github.com/ghm17/Epi-PRS/blob/e9493d5ac61e4dee3a8189731bc870ba91139426/breast/breast_test_case_id.txt; https://github.com/ghm17/Epi-PRS; https://github.com/github/dmca/blob/master/2025/12/2025-12-08-uk-biobank-4.md; https://github.com/ghm17/Epi-PRS/blob/e9493d5ac61e4dee3a8189731bc870ba91139426/breast/breast_test_control_id.txt; https://github.com/ghm17/Epi-PRS; https://github.com/github/dmca/blob/master/2025/12/2025-12-08-uk-biobank-4.md; https://github.com/ghm17/Epi-PRS/blob/e9493d5ac61e4dee3a8189731bc870ba91139426/breast/breast_train_case_id.txt; https://github.com/ghm17/Epi-PRS; https://github.com/github/dmca/blob/master/2025/12/2025-12-08-uk-biobank-4.md; https://github.com/ghm17/Epi-PRS/blob/e9493d5ac61e4dee3a8189731bc870ba91139426/breast/breast_train_control_id.txt; https://github.com/ghm17/Epi-PRS; https://github.com/github/dmca/blob/master/2025/12/2025-12-08-uk-biobank-4.md; https://github.com/ghm17/Epi-PRS/blob/e9493d5ac61e4dee3a8189731bc870ba91139426/diabetes/diabetes_test_case_id.txt; https://github.com/ghm17/Epi-PRS; https://github.com/github/dmca/blob/master/2025/12/2025-12-08-uk-biobank-4.md; https://github.com/ghm17/Epi-PRS/blob/e9493d5ac61e4dee3a8189731bc870ba91139426/diabetes/diabetes_test_control_id.txt; https://github.com/ghm17/Epi-PRS; https://github.com/github/dmca/blob/master/2025/12/2025-12-08-uk-biobank-4.md; https://github.com/ghm17/Epi-PRS/blob/e9493d5ac61e4dee3a8189731bc870ba91139426/diabetes/diabetes_train_case_id.txt; https://github.com/ghm17/Epi-PRS; https://github.com/github/dmca/blob/master/2025/12/2025-12-08-uk-biobank-4.md; https://github.com/ghm17/Epi-PRS/blob/e9493d5ac61e4dee3a8189731bc870ba91139426/diabetes/diabetes_train_control_id.txt; https://github.com/ghm17/Epi-PRS,true
lineage_ghost-man001_fastnitrosniper,,,,,,unresolved,0,,,{},Evidence is too generic to assign an application.,https://github.com/github/dmca/blob/master/2023/10/2023-10-12-discord.md; https://github.com/Ghost-Man001/FastNitroSniper,true
lineage_ghost-man001_nitrogenerator00,,,,,,unresolved,0,,,{},Evidence is too generic to assign an application.,https://github.com/github/dmca/blob/master/2023/10/2023-10-12-discord.md; https://github.com/Ghost-Man001/NitroGenerator00,true
lineage_giapdangle_intellij-idea-13-keygen,,,,,,unresolved,0,,,{},Evidence is too generic to assign an application.,https://github.com/github/dmca/blob/master/2015/2015-07-06-jetbrains.md; https://github.com/giapdangle/IntelliJ-IDEA-13-keygen,true
lineage_gilsonrochasilva_jetbrains-intellij-idea-key-generator,,,,,,unresolved,0,,,{},Evidence is too generic to assign an application.,https://github.com/github/dmca/blob/master/2015/2015-07-06-jetbrains.md; https://github.com/gilsonrochasilva/Jetbrains-IntelliJ-IDEA-Key-Generator,true
lineage_gitgitcode_golangbooks,,,,,,unresolved,0,,,{},Evidence is too generic to assign an application.,https://github.com/github/dmca/blob/master/2025/05/2025-05-29-packt.md; https://github.com/gitgitcode/GoLangBooks,true
lineage_githubbadguy_golangbooks,,,,,,unresolved,0,,,{},Evidence is too generic to assign an application.,https://github.com/github/dmca/blob/master/2025/05/2025-05-29-packt.md; https://github.com/githubbadguy/GoLangBooks,true
lineage_gizie_jetbrainspatchkeygen,,,,,,unresolved,0,,,{},Evidence is too generic to assign an application.,https://github.com/github/dmca/blob/master/2015/2015-07-06-jetbrains.md; https://github.com/gizie/JetbrainsPatchKeygen,true
lineage_gkpani97_golangbooks,,,,,,unresolved,0,,,{},Evidence is too generic to assign an application.,https://github.com/github/dmca/blob/master/2025/05/2025-05-29-packt.md; https://github.com/gkpani97/GoLangBooks,true
lineage_gladcow_golangbooks,,,,,,unresolved,0,,,{},Evidence is too generic to assign an application.,https://github.com/github/dmca/blob/master/2025/05/2025-05-29-packt.md; https://github.com/gladcow/GoLangBooks,true
lineage_gleision_golangbooks,,,,,,unresolved,0,,,{},Evidence is too generic to assign an application.,https://github.com/github/dmca/blob/master/2025/05/2025-05-29-packt.md; https://github.com/gleision/GoLangBooks,true
lineage_gloomysundayy_jetbrainspatchkeygen,,,,,,unresolved,0,,,{},Evidence is too generic to assign an application.,https://github.com/github/dmca/blob/master/2015/2015-07-06-jetbrains.md; https://github.com/gloomysundayy/JetbrainsPatchKeygen,true
lineage_gnimit_golangbooks,,,,,,unresolved,0,,,{},Evidence is too generic to assign an application.,https://github.com/github/dmca/blob/master/2025/05/2025-05-29-packt.md; https://github.com/gNimit/GoLangBooks,true
lineage_gnurub_golangbooks,,,,,,unresolved,0,,,{},Evidence is too generic to assign an application.,https://github.com/github/dmca/blob/master/2025/05/2025-05-29-packt.md; https://github.com/GNURub/GoLangBooks,true
lineage_godsonsakawa_golangbooks,,,,,,unresolved,0,,,{},Evidence is too generic to assign an application.,https://github.com/github/dmca/blob/master/2025/05/2025-05-29-packt.md; https://github.com/godsonsakawa/GoLangBooks,true
lineage_godwyll_font-awesome-pro,,,,,,unresolved,0,,,{},Evidence is too generic to assign an application.,https://github.com/github/dmca/blob/master/2024/05/2024-05-21-fonticons.md; https://github.com/Godwyll/font-awesome-pro,true
lineage_goggxi_golangbooks,,,,,,unresolved,0,,,{},Evidence is too generic to assign an application.,https://github.com/github/dmca/blob/master/2025/05/2025-05-29-packt.md; https://github.com/Goggxi/GoLangBooks,true
lineage_gollum23_jetbrainspatchkeygen,,,,,,unresolved,0,,,{},Evidence is too generic to assign an application.,https://github.com/github/dmca/blob/master/2015/2015-07-06-jetbrains.md; https://github.com/gollum23/JetbrainsPatchKeygen,true
lineage_gomi1992_jetbrainspatchkeygen,,,,,,unresolved,0,,,{},Evidence is too generic to assign an application.,https://github.com/github/dmca/blob/master/2015/2015-07-06-jetbrains.md; https://github.com/gomi1992/JetbrainsPatchKeygen,true
lineage_gongxufan_jetbrainspatchkeygen,,,,,,unresolved,0,,,{},Evidence is too generic to assign an application.,https://github.com/github/dmca/blob/master/2015/2015-07-06-jetbrains.md; https://github.com/gongxufan/JetbrainsPatchKeygen,true
lineage_goooooooood_golangbooks,,,,,,unresolved,0,,,{},Evidence is too generic to assign an application.,https://github.com/github/dmca/blob/master/2025/05/2025-05-29-packt.md; https://github.com/goooooooood/GoLangBooks,true
lineage_gopikrishna7_golangbooks,,,,,,unresolved,0,,,{},Evidence is too generic to assign an application.,https://github.com/github/dmca/blob/master/2025/05/2025-05-29-packt.md; https://github.com/gopikrishna7/GoLangBooks,true
lineage_gorjay_golangbooks,,,,,,unresolved,0,,,{},Evidence is too generic to assign an application.,https://github.com/github/dmca/blob/master/2025/05/2025-05-29-packt.md; https://github.com/gorjay/GoLangBooks,true
lineage_gprasanthkumar_golangbooks,,,,,,unresolved,0,,,{},Evidence is too generic to assign an application.,https://github.com/github/dmca/blob/master/2025/05/2025-05-29-packt.md; https://github.com/gprasanthkumar/GoLangBooks,true
lineage_gprathi_golangbooks,,,,,,unresolved,0,,,{},Evidence is too generic to assign an application.,https://github.com/github/dmca/blob/master/2025/05/2025-05-29-packt.md; https://github.com/gprathi/GoLangBooks,true
lineage_grasimu_jetbrains-intellij-idea-key-generator,,,,,,unresolved,0,,,{},Evidence is too generic to assign an application.,https://github.com/github/dmca/blob/master/2015/2015-07-06-jetbrains.md; https://github.com/grasimu/Jetbrains-IntelliJ-IDEA-Key-Generator,true
lineage_greatraksin_font-awesome-pro,,,,,,unresolved,0,,,{},Evidence is too generic to assign an application.,https://github.com/github/dmca/blob/master/2024/05/2024-05-21-fonticons.md; https://github.com/GreatRaksin/font-awesome-pro,true
lineage_grundic_intellij-idea-14-keygen,,,,,,unresolved,0,,,{},Evidence is too generic to assign an application.,https://github.com/github/dmca/blob/master/2015/2015-07-06-jetbrains.md; https://github.com/grundic/IntelliJ-IDEA-14-keygen,true
lineage_gsriram-sharath_golangbooks,,,,,,unresolved,0,,,{},Evidence is too generic to assign an application.,https://github.com/github/dmca/blob/master/2025/05/2025-05-29-packt.md; https://github.com/gsriram-sharath/GoLangBooks,true
lineage_gtelots_font-awesome-pro,,,,,,unresolved,0,,,{},Evidence is too generic to assign an application.,https://github.com/github/dmca/blob/master/2024/05/2024-05-21-fonticons.md; https://github.com/gtelots/font-awesome-pro,true
lineage_gtrdblt_intellij-idea-14-keygen,,,,,,unresolved,0,,,{},Evidence is too generic to assign an application.,https://github.com/github/dmca/blob/master/2015/2015-07-06-jetbrains.md; https://github.com/gtrdblt/IntelliJ-IDEA-14-keygen,true
lineage_gusta-fontoura_golangbooks,,,,,,unresolved,0,,,{},Evidence is too generic to assign an application.,https://github.com/github/dmca/blob/master/2025/05/2025-05-29-packt.md; https://github.com/gusta-fontoura/GoLangBooks,true
lineage_h4ck4life_jetbrains-intellij-idea-key-generator,,,,,,unresolved,0,,,{},Evidence is too generic to assign an application.,https://github.com/github/dmca/blob/master/2015/2015-07-06-jetbrains.md; https://github.com/h4ck4life/Jetbrains-IntelliJ-IDEA-Key-Generator,true
lineage_habib-wahid_golangbooks,,,,,,unresolved,0,,,{},Evidence is too generic to assign an application.,https://github.com/github/dmca/blob/master/2025/05/2025-05-29-packt.md; https://github.com/habib-wahid/GoLangBooks,true
lineage_hackerwin7_jetbrainspatchkeygen,,,,,,unresolved,0,,,{},Evidence is too generic to assign an application.,https://github.com/github/dmca/blob/master/2015/2015-07-06-jetbrains.md; https://github.com/hackerwin7/JetbrainsPatchKeygen,true
lineage_hahagioi998_golangbooks,,,,,,unresolved,0,,,{},Evidence is too generic to assign an application.,https://github.com/github/dmca/blob/master/2025/05/2025-05-29-packt.md; https://github.com/hahagioi998/GoLangBooks,true
lineage_haibinli0817_neuralcvd,,,,,,unresolved,0,,,{},Evidence is too generic to assign an application.,https://github.com/github/dmca/blob/master/2025/09/2025-09-16-ukbiobank.md; https://github.com/HaibinLi0817/NeuralCVD/tree/a847dad9c29f8326859b54b6cd3913f75d4e61d4/neuralcvd/preprocessing/ukbb_tabular; https://github.com/HaibinLi0817/NeuralCVD,true
lineage_haileygu99_diabetes_prediction,,,,,,unresolved,0,,,{},Evidence is too generic to assign an application.,https://github.com/github/dmca/blob/master/2026/03/2026-03-25-uk-biobank-3.md; https://github.com/Haileygu99/diabetes_prediction/blob/8cb7e6735f601e720f89f9e51578675365d6f4a1/train_imp.ipynb; https://github.com/Haileygu99/diabetes_prediction; https://github.com/github/dmca/blob/master/2026/03/2026-03-25-uk-biobank-3.md; https://github.com/Haileygu99/diabetes_prediction/blob/1c76a27182f38a07497f034b4abfa73390e334b9/test_imp.ipynb; https://github.com/Haileygu99/diabetes_prediction,true
lineage_hakyimlab_ptrs-ukb,,,,,,unresolved,0,,,{},Evidence is too generic to assign an application.,https://github.com/github/dmca/blob/master/2025/11/2025-11-13-uk-biobank-7.md; https://github.com/hakyimlab/ptrs-ukb/blob/master/notebook/first_attempt_on_hail.ipynb; https://github.com/hakyimlab/ptrs-ukb; https://github.com/github/dmca/blob/master/2025/11/2025-11-13-uk-biobank-7.md; https://github.com/hakyimlab/ptrs-ukb/blob/master/notebook/first_look_at_prs.ipynb; https://github.com/hakyimlab/ptrs-ukb; https://github.com/github/dmca/blob/master/2025/11/2025-11-13-uk-biobank-7.md; https://github.com/hakyimlab/ptrs-ukb/blob/master/notebook/hail_reml.ipynb; https://github.com/hakyimlab/ptrs-ukb; https://github.com/github/dmca/blob/master/2025/11/2025-11-13-uk-biobank-7.md; https://github.com/hakyimlab/ptrs-ukb/blob/master/notebook/prepare_phenotype_and_run_gwas-with_variant_qc.ipynb; https://github.com/hakyimlab/ptrs-ukb; https://github.com/github/dmca/blob/master/2025/11/2025-11-13-uk-biobank-7.md; https://github.com/hakyimlab/ptrs-ukb/blob/master/notebook/side_try_pheno.ipynb; https://github.com/hakyimlab/ptrs-ukb,true
lineage_hamidabdulmalik_golangbooks,,,,,,unresolved,0,,,{},Evidence is too generic to assign an application.,https://github.com/github/dmca/blob/master/2025/05/2025-05-29-packt.md; https://github.com/hamidabdulmalik/GoLangBooks,true
lineage_hamlim_golangbooks,,,,,,unresolved,0,,,{},Evidence is too generic to assign an application.,https://github.com/github/dmca/blob/master/2025/05/2025-05-29-packt.md; https://github.com/hamlim/GoLangBooks,true
lineage_hankkamark_bis620.2022,,,,,,unresolved,0,,,{},Evidence is too generic to assign an application.,https://github.com/github/dmca/blob/master/2026/03/2026-03-27-uk-biobank-5.md; https://github.com/HankkaMark/bis620.2022/blob/ea182d4a9f8fcbce2ceae17ede54e2658252968b/data-raw/accel.rds; https://github.com/HankkaMark/bis620.2022; https://github.com/github/dmca/blob/master/2026/03/2026-03-27-uk-biobank-5.md; https://github.com/HankkaMark/bis620.2022/blob/ea182d4a9f8fcbce2ceae17ede54e2658252968b/data/ukb_accel.rda; https://github.com/HankkaMark/bis620.2022,true
lineage_hanxiao123_font-awesome-pro,,,,,,unresolved,0,,,{},Evidence is too generic to assign an application.,https://github.com/github/dmca/blob/master/2024/05/2024-05-21-fonticons.md; https://github.com/hanxiao123/font-awesome-pro,true
lineage_haoyu2_golangbooks,,,,,,unresolved,0,,,{},Evidence is too generic to assign an application.,https://github.com/github/dmca/blob/master/2025/05/2025-05-29-packt.md; https://github.com/Haoyu2/GoLangBooks,true
lineage_hardikm9850_golangbooks,,,,,,unresolved,0,,,{},Evidence is too generic to assign an application.,https://github.com/github/dmca/blob/master/2025/05/2025-05-29-packt.md; https://github.com/hardikm9850/GoLangBooks,true
lineage_harpak-lab_gxsex,,,,,,unresolved,0,,,{},Evidence is too generic to assign an application.,https://github.com/github/dmca/blob/master/2026/03/2026-03-31-uk-biobank-4.md; https://raw.githubusercontent.com/harpak-lab/GxSex/02f6cfef28b065fcbafb19731c051f7dbcb3d5c3/Phenotypes/pheno_waist_circ.txt; https://github.com/harpak-lab/GxSex; https://github.com/github/dmca/blob/master/2026/03/2026-03-31-uk-biobank-4.md; https://raw.githubusercontent.com/harpak-lab/GxSex/02f6cfef28b065fcbafb19731c051f7dbcb3d5c3/Phenotypes/pheno_hip_circ.txt; https://github.com/harpak-lab/GxSex; https://github.com/github/dmca/blob/master/2026/03/2026-03-31-uk-biobank-4.md; https://raw.githubusercontent.com/harpak-lab/GxSex/02f6cfef28b065fcbafb19731c051f7dbcb3d5c3/Phenotypes/pheno_waist_to_hip.txt; https://github.com/harpak-lab/GxSex; https://github.com/github/dmca/blob/master/2026/03/2026-03-31-uk-biobank-4.md; https://raw.githubusercontent.com/harpak-lab/GxSex/02f6cfef28b065fcbafb19731c051f7dbcb3d5c3/Phenotypes/pheno_height.txt; https://github.com/harpak-lab/GxSex; https://github.com/github/dmca/blob/master/2026/03/2026-03-31-uk-biobank-4.md; https://raw.githubusercontent.com/harpak-lab/GxSex/02f6cfef28b065fcbafb19731c051f7dbcb3d5c3/Phenotypes/pheno_weight.txt; https://github.com/harpak-lab/GxSex; https://github.com/github/dmca/blob/master/2026/03/2026-03-31-uk-biobank-4.md; https://raw.githubusercontent.com/harpak-lab/GxSex/02f6cfef28b065fcbafb19731c051f7dbcb3d5c3/Phenotypes/pheno_bmi.txt; https://github.com/harpak-lab/GxSex; https://github.com/github/dmca/blob/master/2026/03/2026-03-31-uk-biobank-4.md; https://raw.githubusercontent.com/harpak-lab/GxSex/02f6cfef28b065fcbafb19731c051f7dbcb3d5c3/Phenotypes/pheno_wth_bmi_adj.txt; https://github.com/harpak-lab/GxSex; https://github.com/github/dmca/blob/master/2026/03/2026-03-31-uk-biobank-4.md; https://raw.githubusercontent.com/harpak-lab/GxSex/02f6cfef28b065fcbafb19731c051f7dbcb3d5c3/Phenotypes/pheno_arm_fatfree_mass_R.txt; https://github.com/harpak-lab/GxSex; https://github.com/github/dmca/blob/master/2026/03/2026-03-31-uk-biobank-4.md; https://raw.githubusercontent.com/harpak-lab/GxSex/02f6cfef28b065fcbafb19731c051f7dbcb3d5c3/Phenotypes/pheno_arm_fatfree_mass_L.txt; https://github.com/harpak-lab/GxSex; https://github.com/github/dmca/blob/master/2026/03/2026-03-31-uk-biobank-4.md; https://raw.githubusercontent.com/harpak-lab/GxSex/02f6cfef28b065fcbafb19731c051f7dbcb3d5c3/Phenotypes/pheno_whole_body_fat_mass.txt; https://github.com/harpak-lab/GxSex; https://github.com/github/dmca/blob/master/2026/03/2026-03-31-uk-biobank-4.md; https://raw.githubusercontent.com/harpak-lab/GxSex/02f6cfef28b065fcbafb19731c051f7dbcb3d5c3/Phenotypes/covariates.txt; https://github.com/harpak-lab/GxSex; https://github.com/github/dmca/blob/master/2026/03/2026-03-31-uk-biobank-4.md; https://raw.githubusercontent.com/harpak-lab/GxSex/02f6cfef28b065fcbafb19731c051f7dbcb3d5c3/Phenotypes/pheno_RBC_count.txt; https://github.com/harpak-lab/GxSex; https://github.com/github/dmca/blob/master/2026/03/2026-03-31-uk-biobank-4.md; https://raw.githubusercontent.com/harpak-lab/GxSex/02f6cfef28b065fcbafb19731c051f7dbcb3d5c3/Phenotypes/pheno_eosinophil_perc.txt; https://github.com/harpak-lab/GxSex; https://github.com/github/dmca/blob/master/2026/03/2026-03-31-uk-biobank-4.md; https://raw.githubusercontent.com/harpak-lab/GxSex/02f6cfef28b065fcbafb19731c051f7dbcb3d5c3/Phenotypes/pheno_lymphocyte_perc.txt; https://github.com/harpak-lab/GxSex; https://github.com/github/dmca/blob/master/2026/03/2026-03-31-uk-biobank-4.md; https://raw.githubusercontent.com/harpak-lab/GxSex/02f6cfef28b065fcbafb19731c051f7dbcb3d5c3/Phenotypes/pheno_creatinine.txt; https://github.com/harpak-lab/GxSex; https://github.com/github/dmca/blob/master/2026/03/2026-03-31-uk-biobank-4.md; https://raw.githubusercontent.com/harpak-lab/GxSex/02f6cfef28b065fcbafb19731c051f7dbcb3d5c3/Phenotypes/pheno_urea.txt; https://github.com/harpak-lab/GxSex; https://github.com/github/dmca/blob/master/2026/03/2026-03-31-uk-biobank-4.md; https://raw.githubusercontent.com/harpak-lab/GxSex/02f6cfef28b065fcbafb19731c051f7dbcb3d5c3/Phenotypes/pheno_urate.txt; https://github.com/harpak-lab/GxSex; https://github.com/github/dmca/blob/master/2026/03/2026-03-31-uk-biobank-4.md; https://raw.githubusercontent.com/harpak-lab/GxSex/02f6cfef28b065fcbafb19731c051f7dbcb3d5c3/Phenotypes/pheno_diastolicBP_auto.txt; https://github.com/harpak-lab/GxSex; https://github.com/github/dmca/blob/master/2026/03/2026-03-31-uk-biobank-4.md; https://raw.githubusercontent.com/harpak-lab/GxSex/02f6cfef28b065fcbafb19731c051f7dbcb3d5c3/Phenotypes/pheno_pulse_rate.txt; https://github.com/harpak-lab/GxSex; https://github.com/github/dmca/blob/master/2026/03/2026-03-31-uk-biobank-4.md; https://raw.githubusercontent.com/harpak-lab/GxSex/02f6cfef28b065fcbafb19731c051f7dbcb3d5c3/Phenotypes/pheno_systolicBP_auto.txt; https://github.com/harpak-lab/GxSex; https://github.com/github/dmca/blob/master/2026/03/2026-03-31-uk-biobank-4.md; https://raw.githubusercontent.com/harpak-lab/GxSex/02f6cfef28b065fcbafb19731c051f7dbcb3d5c3/Phenotypes/pheno_IGF1.txt; https://github.com/harpak-lab/GxSex; https://github.com/github/dmca/blob/master/2026/03/2026-03-31-uk-biobank-4.md; https://raw.githubusercontent.com/harpak-lab/GxSex/02f6cfef28b065fcbafb19731c051f7dbcb3d5c3/Phenotypes/pheno_HbA1c.txt; https://github.com/harpak-lab/GxSex; https://github.com/github/dmca/blob/master/2026/03/2026-03-31-uk-biobank-4.md; https://raw.githubusercontent.com/harpak-lab/GxSex/02f6cfef28b065fcbafb19731c051f7dbcb3d5c3/Phenotypes/pheno_albumin.txt; https://github.com/harpak-lab/GxSex; https://github.com/github/dmca/blob/master/2026/03/2026-03-31-uk-biobank-4.md; https://raw.githubusercontent.com/harpak-lab/GxSex/02f6cfef28b065fcbafb19731c051f7dbcb3d5c3/Phenotypes/pheno_calcium.txt; https://github.com/harpak-lab/GxSex; https://github.com/github/dmca/blob/master/2026/03/2026-03-31-uk-biobank-4.md; https://raw.githubusercontent.com/harpak-lab/GxSex/02f6cfef28b065fcbafb19731c051f7dbcb3d5c3/Phenotypes/pheno_protein_total.txt; https://github.com/harpak-lab/GxSex; https://github.com/github/dmca/blob/master/2026/03/2026-03-31-uk-biobank-4.md; https://raw.githubusercontent.com/harpak-lab/GxSex/02f6cfef28b065fcbafb19731c051f7dbcb3d5c3/Phenotypes/pheno_SHBG.txt; https://github.com/harpak-lab/GxSex; https://github.com/github/dmca/blob/master/2026/03/2026-03-31-uk-biobank-4.md; https://raw.githubusercontent.com/harpak-lab/GxSex/02f6cfef28b065fcbafb19731c051f7dbcb3d5c3/Phenotypes/pheno_testosterone.txt; https://github.com/harpak-lab/GxSex; https://github.com/github/dmca/blob/master/2026/03/2026-03-31-uk-biobank-4.md; https://raw.githubusercontent.com/harpak-lab/GxSex/02f6cfef28b065fcbafb19731c051f7dbcb3d5c3/Phenotypes/pheno_FVC_best.txt; https://github.com/harpak-lab/GxSex; https://github.com/github/dmca/blob/master/2026/03/2026-03-31-uk-biobank-4.md; https://raw.githubusercontent.com/harpak-lab/GxSex/02f6cfef28b065fcbafb19731c051f7dbcb3d5c3/Phenotypes/sex_ids.txt; https://github.com/harpak-lab/GxSex; https://github.com/github/dmca/blob/master/2026/03/2026-03-31-uk-biobank-4.md; https://raw.githubusercontent.com/harpak-lab/GxSex/91cfcd71d03089eff059bbb513abdfa0caaf2f20/Final_scripts/Intermediate; https://github.com/harpak-lab/GxSex; https://github.com/github/dmca/blob/master/2026/03/2026-03-31-uk-biobank-4.md; https://raw.githubusercontent.com/harpak-lab/GxSex/0c411d8b74b9921b33de82e7344d50a0c8c66dfe/GWAS_Results/FVC_best/female_mash_FVC_best.1.profile; https://github.com/harpak-lab/GxSex; https://github.com/github/dmca/blob/master/2026/03/2026-03-31-uk-biobank-4.md; https://raw.githubusercontent.com/harpak-lab/GxSex/0c411d8b74b9921b33de82e7344d50a0c8c66dfe/GWAS_Results/FVC_best/male_mash_FVC_best.1.profile; https://github.com/harpak-lab/GxSex; https://github.com/github/dmca/blob/master/2026/03/2026-03-31-uk-biobank-4.md; https://raw.githubusercontent.com/harpak-lab/GxSex/3bd6831a85cb9dc12094c7fd66e1edd59db18fea/GWAS_Results/arm_fatfree_mass_R/female_mash_arm_fatfree_mass_R.1.profile; https://github.com/harpak-lab/GxSex; https://github.com/github/dmca/blob/master/2026/03/2026-03-31-uk-biobank-4.md; https://raw.githubusercontent.com/harpak-lab/GxSex/3bd6831a85cb9dc12094c7fd66e1edd59db18fea/GWAS_Results/bmi/female_mash_bmi.1.profile; https://github.com/harpak-lab/GxSex; https://github.com/github/dmca/blob/master/2026/03/2026-03-31-uk-biobank-4.md; https://raw.githubusercontent.com/harpak-lab/GxSex/3bd6831a85cb9dc12094c7fd66e1edd59db18fea/GWAS_Results/creatinine/female_mash_creatinine.1.profile; https://github.com/harpak-lab/GxSex; https://github.com/github/dmca/blob/master/2026/03/2026-03-31-uk-biobank-4.md; https://raw.githubusercontent.com/harpak-lab/GxSex/3bd6831a85cb9dc12094c7fd66e1edd59db18fea/GWAS_Results/creatinine/male_additive_creatinine.1.profile; https://github.com/harpak-lab/GxSex; https://github.com/github/dmca/blob/master/2026/03/2026-03-31-uk-biobank-4.md; https://raw.githubusercontent.com/harpak-lab/GxSex/3bd6831a85cb9dc12094c7fd66e1edd59db18fea/GWAS_Results/creatinine/male_mash_creatinine.1.profile; https://github.com/harpak-lab/GxSex; https://github.com/github/dmca/blob/master/2026/03/2026-03-31-uk-biobank-4.md; https://raw.githubusercontent.com/harpak-lab/GxSex/3bd6831a85cb9dc12094c7fd66e1edd59db18fea/GWAS_Results/diastolicBP_auto/female_mash_diastolicBP_auto.1.profile; https://github.com/harpak-lab/GxSex,true
lineage_hasirciogli_font-awesome-pro,,,,,,unresolved,0,,,{},Evidence is too generic to assign an application.,https://github.com/github/dmca/blob/master/2024/05/2024-05-21-fonticons.md; https://github.com/hasirciogli/font-awesome-pro,true
lineage_hasithadkr7_golangbooks,,,,,,unresolved,0,,,{},Evidence is too generic to assign an application.,https://github.com/github/dmca/blob/master/2025/05/2025-05-29-packt.md; https://github.com/hasithadkr7/GoLangBooks,true
lineage_helloimalemur_golangbooks,,,,,,unresolved,0,,,{},Evidence is too generic to assign an application.,https://github.com/github/dmca/blob/master/2025/05/2025-05-29-packt.md; https://github.com/helloimalemur/GoLangBooks,true
lineage_henrytran9x_phpstorm-licence-key,,,,,,unresolved,0,,,{},Evidence is too generic to assign an application.,https://github.com/github/dmca/blob/master/2015/2015-07-06-jetbrains.md; https://github.com/henrytran9x/PhpStorm-Licence-Key/blob/master/Licence.txt; https://github.com/henrytran9x/PhpStorm-Licence-Key,true
lineage_henrytranvan_golangbooks,,,,,,unresolved,0,,,{},Evidence is too generic to assign an application.,https://github.com/github/dmca/blob/master/2025/05/2025-05-29-packt.md; https://github.com/henrytranvan/GoLangBooks,true
lineage_hermandev_golangbooks,,,,,,unresolved,0,,,{},Evidence is too generic to assign an application.,https://github.com/github/dmca/blob/master/2025/05/2025-05-29-packt.md; https://github.com/hermandev/GoLangBooks,true
lineage_herosea_jetbrains-intellij-idea-key-generator,,,,,,unresolved,0,,,{},Evidence is too generic to assign an application.,https://github.com/github/dmca/blob/master/2015/2015-07-06-jetbrains.md; https://github.com/HeroSea/Jetbrains-IntelliJ-IDEA-Key-Generator,true
lineage_hewramanwaran_retinapd,,,,,,unresolved,0,,,{},Evidence is too generic to assign an application.,https://github.com/github/dmca/blob/master/2025/12/2025-12-08-uk-biobank-6.md; https://github.com/hewramanwaran/RetinaPD/blob/7cd9699e0eca60b539270a3fcbe6ef0d7c1d85f1/csv/subject_images_ids.xlsx; https://github.com/hewramanwaran/RetinaPD; https://github.com/github/dmca/blob/master/2025/12/2025-12-08-uk-biobank-6.md; https://github.com/hewramanwaran/RetinaPD/blob/6b449daf69eb0a0dbcb7241a348adf04aaca294e/RetinaPD_Project_Code.ipynb; https://github.com/hewramanwaran/RetinaPD; https://github.com/github/dmca/blob/master/2025/12/2025-12-08-uk-biobank-6.md; https://github.com/hewramanwaran/RetinaPD/blob/2439718471b9022c75b4b494e999c2f303406982/code/CSV_Population_Characteristics.ipynb; https://github.com/hewramanwaran/RetinaPD; https://github.com/github/dmca/blob/master/2025/12/2025-12-08-uk-biobank-6.md; https://github.com/hewramanwaran/RetinaPD/blob/913a01fd19985b1b630a932e4981f26b7dd426dc/CSV_Population_Characteristics.ipynb; https://github.com/hewramanwaran/RetinaPD,true
lineage_heyskidee_discord-nitro-codes-generator,,,,,,unresolved,0,,,{},Evidence is too generic to assign an application.,https://github.com/github/dmca/blob/master/2023/10/2023-10-12-discord.md; https://github.com/HeySkidee/Discord-Nitro-Codes-Generator,true
lineage_hiahir_golangbooks,,,,,,unresolved,0,,,{},Evidence is too generic to assign an application.,https://github.com/github/dmca/blob/master/2025/05/2025-05-29-packt.md; https://github.com/hiahir/GoLangBooks,true
lineage_hidding-dev_golangbooks,,,,,,unresolved,0,,,{},Evidence is too generic to assign an application.,https://github.com/github/dmca/blob/master/2025/05/2025-05-29-packt.md; https://github.com/hidding-dev/GoLangBooks,true
lineage_hinna0818_ukbanalytica,,,,,,unresolved,0,,,{},Evidence is too generic to assign an application.,https://github.com/github/dmca/blob/master/2026/04/2026-04-14-uk-biobank.md; https://github.com/Hinna0818/UKBAnalytica/blob/d6facb23a147b51a335223a9bb12141b5cbfd32a/tests/testthat/testdata/raw_demo.csv; https://github.com/Hinna0818/UKBAnalytica,true
lineage_hiyjeain_jetbrainspatchkeygen,,,,,,unresolved,0,,,{},Evidence is too generic to assign an application.,https://github.com/github/dmca/blob/master/2015/2015-07-06-jetbrains.md; https://github.com/hiyjeain/JetbrainsPatchKeygen,true
lineage_hoffman2_ukbphenotyping,,,,,,unresolved,0,,,{},Evidence is too generic to assign an application.,https://github.com/github/dmca/blob/master/2025/12/2025-12-01-uk-biobank.md; https://github.com/hoffman2/ukbPhenotyping/blob/de6556b4515e9222c438699946b8115741c7065c/workingCode_phenotyping_v5.R; https://github.com/hoffman2/ukbPhenotyping; https://github.com/github/dmca/blob/master/2025/12/2025-12-01-uk-biobank.md; https://github.com/hoffman2/ukbPhenotyping/blob/3b811bbb2562e87bfd51b7dd19e2286347dd89b7/workingPhenotype_v%25; https://github.com/hoffman2/ukbPhenotyping; https://github.com/github/dmca/blob/master/2025/12/2025-12-01-uk-biobank.md; https://github.com/hoffman2/ukbPhenotyping/blob/0e9ff651fcb24108990060136823f957d7300305/workingPhenotype_v5; https://github.com/hoffman2/ukbPhenotyping; https://github.com/github/dmca/blob/master/2025/12/2025-12-01-uk-biobank.md; https://github.com/hoffman2/ukbPhenotyping/blob/e0c2f760a27422de94a3463432ac4ce7522c50bf/working_code_v6; https://github.com/hoffman2/ukbPhenotyping; https://github.com/github/dmca/blob/master/2025/12/2025-12-01-uk-biobank.md; https://github.com/hoffman2/ukbPhenotyping/blob/f062c5a91d07716b8b37dd405e9cdc901104783e/working_code_final; https://github.com/hoffman2/ukbPhenotyping; https://github.com/github/dmca/blob/master/2025/12/2025-12-01-uk-biobank.md; https://github.com/hoffman2/ukbPhenotyping/blob/4f74bbd33cc85d0de96a5280b9173e967363051f/working_code_v5; https://github.com/hoffman2/ukbPhenotyping; https://github.com/github/dmca/blob/master/2025/12/2025-12-01-uk-biobank.md; https://github.com/hoffman2/ukbPhenotyping/blob/ce6582219861a7933af241b924da71c51d1a9887/working_code_v1; https://github.com/hoffman2/ukbPhenotyping; https://github.com/github/dmca/blob/master/2025/12/2025-12-01-uk-biobank.md; https://github.com/hoffman2/ukbPhenotyping/blob/0716665233c58e4f5ed6943151152449a7daff1a/working_code_v0.9; https://github.com/hoffman2/ukbPhenotyping; https://github.com/github/dmca/blob/master/2025/12/2025-12-01-uk-biobank.md; https://github.com/hoffman2/ukbPhenotyping/blob/c7f777cfe6240ebb1c7ce44a8334fbe15da494e7/workingCode_phenotyping_v0.01; https://github.com/hoffman2/ukbPhenotyping; https://github.com/github/dmca/blob/master/2025/12/2025-12-01-uk-biobank.md; https://github.com/hoffman2/ukbPhenotyping/blob/1ce5213d17cda6dfd20ebb460c12892e5e3fdf16/workingCode_phenotyping_v3.R; https://github.com/hoffman2/ukbPhenotyping; https://github.com/github/dmca/blob/master/2025/12/2025-12-01-uk-biobank.md; https://github.com/hoffman2/ukbPhenotyping/blob/0d21e1bc5973edf78d4f072a9d4453fb463a5254/working_code_v0.08; https://github.com/hoffman2/ukbPhenotyping; https://github.com/github/dmca/blob/master/2025/12/2025-12-01-uk-biobank.md; https://github.com/hoffman2/ukbPhenotyping/blob/668b3e88555ae9b617a1cbba3ab502966ea151d3/working_code_v0.07; https://github.com/hoffman2/ukbPhenotyping; https://github.com/github/dmca/blob/master/2025/12/2025-12-01-uk-biobank.md; https://github.com/hoffman2/ukbPhenotyping/blob/74eb7681e80155254d9da5a5e7455f727989924f/working_code_v0.06; https://github.com/hoffman2/ukbPhenotyping; https://github.com/github/dmca/blob/master/2025/12/2025-12-01-uk-biobank.md; https://github.com/hoffman2/ukbPhenotyping/blob/9e5ea1be0be71db79ef453ccb23644c37e5cb3c4/working_code_v0.05; https://github.com/hoffman2/ukbPhenotyping; https://github.com/github/dmca/blob/master/2025/12/2025-12-01-uk-biobank.md; https://github.com/hoffman2/ukbPhenotyping/blob/9155703ba4c274030f58e59d97b2a07b31590853/working_code_v0.04; https://github.com/hoffman2/ukbPhenotyping; https://github.com/github/dmca/blob/master/2025/12/2025-12-01-uk-biobank.md; https://github.com/hoffman2/ukbPhenotyping/blob/a64dbced223c0194a4f739bd096c6c7515cc69fc/working_code_v0.03; https://github.com/hoffman2/ukbPhenotyping; https://github.com/github/dmca/blob/master/2025/12/2025-12-01-uk-biobank.md; https://github.com/hoffman2/ukbPhenotyping/blob/392f1fa53bc2b0660b515ca263717069c5b3cd7c/working_code_v0.02; https://github.com/hoffman2/ukbPhenotyping; https://github.com/github/dmca/blob/master/2025/12/2025-12-01-uk-biobank.md; https://github.com/hoffman2/ukbPhenotyping/blob/ee1cc5f2d3c740f58f7fed926ec016adf291696f/working_code_update; https://github.com/hoffman2/ukbPhenotyping; https://github.com/github/dmca/blob/master/2025/12/2025-12-01-uk-biobank.md; https://github.com/hoffman2/ukbPhenotyping/blob/caee128ecc3e5a3fa45f4f3a8ef84ecf7da1a77f/phenotyping_v3; https://github.com/hoffman2/ukbPhenotyping; https://github.com/github/dmca/blob/master/2025/12/2025-12-01-uk-biobank.md; https://github.com/hoffman2/ukbPhenotyping/blob/877a47e4813a8e3795f8782dd1fe70050df9e2d7/hesCodeTabulation.R; https://github.com/hoffman2/ukbPhenotyping,true
lineage_honestqidong_jetbrainspatchkeygen,,,,,,unresolved,0,,,{},Evidence is too generic to assign an application.,https://github.com/github/dmca/blob/master/2015/2015-07-06-jetbrains.md; https://github.com/HonestQiDong/JetbrainsPatchKeygen,true
lineage_hongyuanwu_ukbb-1,,,,,,unresolved,0,,,{},Evidence is too generic to assign an application.,https://github.com/github/dmca/blob/master/2025/09/2025-09-25-ukbiobank.md; https://github.com/HongyuanWu/ukbb-1/blob/master/anna_code%2Facclerometry_download%2Fto_download.accel.txt; https://github.com/HongyuanWu/ukbb-1; https://github.com/github/dmca/blob/master/2025/09/2025-09-25-ukbiobank.md; https://github.com/HongyuanWu/ukbb-1/blob/anna/anna_code%2Facclerometry_download%2Fto_download.accel.txt; https://github.com/HongyuanWu/ukbb-1,true
lineage_horidream_pastebook,,,,,,unresolved,0,,,{},Evidence is too generic to assign an application.,https://github.com/github/dmca/blob/master/2015/2015-07-06-jetbrains.md; https://github.com/horidream/PasteBook/blob/master/markdown/Tools.md; https://github.com/horidream/PasteBook; https://github.com/github/dmca/blob/master/2015/2015-07-06-jetbrains.md; https://github.com/horidream/PasteBook/blob/master/markdown/%E5%9B%BD%E5%AD%A6.md; https://github.com/horidream/PasteBook,true
lineage_hrizvi_jetbrains-intellij-idea-key-generator,,,,,,unresolved,0,,,{},Evidence is too generic to assign an application.,https://github.com/github/dmca/blob/master/2015/2015-07-06-jetbrains.md; https://github.com/hrizvi/Jetbrains-IntelliJ-IDEA-Key-Generator,true
lineage_hrodriguezimagina_font-awesome-pro,,,,,,unresolved,0,,,{},Evidence is too generic to assign an application.,https://github.com/github/dmca/blob/master/2024/05/2024-05-21-fonticons.md; https://github.com/hrodriguezimagina/font-awesome-pro,true
lineage_hsr167_yang,,,,,,unresolved,0,,,{},Evidence is too generic to assign an application.,https://github.com/github/dmca/blob/master/2023/10/2023-10-12-discord.md; https://github.com/Hsr167/YANG,true
lineage_huangcheng_jetbrains-intellij-idea-key-generator,,,,,,unresolved,0,,,{},Evidence is too generic to assign an application.,https://github.com/github/dmca/blob/master/2015/2015-07-06-jetbrains.md; https://github.com/huangcheng/Jetbrains-IntelliJ-IDEA-Key-Generator,true
lineage_huangcheng_jetbrainspatchkeygen,,,,,,unresolved,0,,,{},Evidence is too generic to assign an application.,https://github.com/github/dmca/blob/master/2015/2015-07-06-jetbrains.md; https://github.com/huangcheng/JetbrainsPatchKeygen,true
lineage_huangjiu_jetbrainspatchkeygen,,,,,,unresolved,0,,,{},Evidence is too generic to assign an application.,https://github.com/github/dmca/blob/master/2015/2015-07-06-jetbrains.md; https://github.com/huangjiu/JetbrainsPatchKeygen,true
lineage_huangliujing_golangbooks,,,,,,unresolved,0,,,{},Evidence is too generic to assign an application.,https://github.com/github/dmca/blob/master/2025/05/2025-05-29-packt.md; https://github.com/huangliujing/GoLangBooks,true
lineage_huangwenhuan0_jetbrainspatchkeygen,,,,,,unresolved,0,,,{},Evidence is too generic to assign an application.,https://github.com/github/dmca/blob/master/2015/2015-07-06-jetbrains.md; https://github.com/HuangWenhuan0/JetbrainsPatchKeygen,true
lineage_huangyidegit_golangbooks,,,,,,unresolved,0,,,{},Evidence is too generic to assign an application.,https://github.com/github/dmca/blob/master/2025/05/2025-05-29-packt.md; https://github.com/huangyidegit/GoLangBooks,true
lineage_huanle0610_linux_php,,,,,,unresolved,0,,,{},Evidence is too generic to assign an application.,https://github.com/github/dmca/blob/master/2015/2015-07-06-jetbrains.md; https://github.com/huanle0610/linux_php/blob/master/blog/phpstorm_usage.txt; https://github.com/huanle0610/linux_php,true
lineage_huantt_golang-books,,,,,,unresolved,0,,,{},Evidence is too generic to assign an application.,https://github.com/github/dmca/blob/master/2025/05/2025-05-29-packt.md; https://github.com/huantt/golang-books,true
lineage_huhu_jetbrainspatchkeygen,,,,,,unresolved,0,,,{},Evidence is too generic to assign an application.,https://github.com/github/dmca/blob/master/2015/2015-07-06-jetbrains.md; https://github.com/huhu/JetbrainsPatchKeygen,true
lineage_huipingchen_jetbrainspatchkeygen,,,,,,unresolved,0,,,{},Evidence is too generic to assign an application.,https://github.com/github/dmca/blob/master/2015/2015-07-06-jetbrains.md; https://github.com/huipingchen/JetbrainsPatchKeygen,true
lineage_hujiles_discord-nitro-generator,,,,,,unresolved,0,,,{},Evidence is too generic to assign an application.,https://github.com/github/dmca/blob/master/2023/10/2023-10-12-discord.md; https://github.com/hujiles/Discord-Nitro-Generator,true
lineage_hungnv1411_golangbooks,,,,,,unresolved,0,,,{},Evidence is too generic to assign an application.,https://github.com/github/dmca/blob/master/2025/05/2025-05-29-packt.md; https://github.com/hungnv1411/GoLangBooks,true
lineage_hungtd-hblab_golangbooks,,,,,,unresolved,0,,,{},Evidence is too generic to assign an application.,https://github.com/github/dmca/blob/master/2025/05/2025-05-29-packt.md; https://github.com/hungtd-hblab/GoLangBooks,true
lineage_hungtrd_golangbooks,,,,,,unresolved,0,,,{},Evidence is too generic to assign an application.,https://github.com/github/dmca/blob/master/2025/05/2025-05-29-packt.md; https://github.com/hungtrd/GoLangBooks,true
lineage_huyna_public,,,,,,unresolved,0,,,{},Evidence is too generic to assign an application.,https://github.com/github/dmca/blob/master/2015/2015-07-06-jetbrains.md; https://github.com/huyna/public/blob/master/webstorm10_jey; https://github.com/huyna/public,true
lineage_huynhbaoking112_golangbooks,,,,,,unresolved,0,,,{},Evidence is too generic to assign an application.,https://github.com/github/dmca/blob/master/2025/05/2025-05-29-packt.md; https://github.com/huynhbaoking112/GoLangBooks,true
lineage_huytrain42_latinos-in-ukbb,,,,,,unresolved,0,,,{},Evidence is too generic to assign an application.,https://github.com/github/dmca/blob/master/2025/10/2025-10-17-uk-biobank-2.md; https://github.com/huytrain42/Latinos-in-UKBB/blob/main/OR.ipynb; https://github.com/huytrain42/Latinos-in-UKBB,true
lineage_hwl-java_jetbrainspatchkeygen,,,,,,unresolved,0,,,{},Evidence is too generic to assign an application.,https://github.com/github/dmca/blob/master/2015/2015-07-06-jetbrains.md; https://github.com/hwl-java/JetbrainsPatchKeygen,true
lineage_hxangel_jetbrainspatchkeygen,,,,,,unresolved,0,,,{},Evidence is too generic to assign an application.,https://github.com/github/dmca/blob/master/2015/2015-07-06-jetbrains.md; https://github.com/hxangel/JetbrainsPatchKeygen,true
lineage_hxf0801_jetbrainspatchkeygen,,,,,,unresolved,0,,,{},Evidence is too generic to assign an application.,https://github.com/github/dmca/blob/master/2015/2015-07-06-jetbrains.md; https://github.com/hxf0801/JetbrainsPatchKeygen,true
lineage_hxy0107_jetbrainspatchkeygen,,,,,,unresolved,0,,,{},Evidence is too generic to assign an application.,https://github.com/github/dmca/blob/master/2015/2015-07-06-jetbrains.md; https://github.com/hxy0107/JetbrainsPatchKeygen,true
lineage_hzy87email_jetbrainspatchkeygen,,,,,,unresolved,0,,,{},Evidence is too generic to assign an application.,https://github.com/github/dmca/blob/master/2015/2015-07-06-jetbrains.md; https://github.com/hzy87email/JetbrainsPatchKeygen,true
lineage_i2rys_discord-nitro-generator-checker,,,,,,unresolved,0,,,{},Evidence is too generic to assign an application.,https://github.com/github/dmca/blob/master/2023/10/2023-10-12-discord.md; https://github.com/I2rys/Discord-Nitro-Generator-Checker,true
lineage_i358_fontawesome-fork,,,,,,unresolved,0,,,{},Evidence is too generic to assign an application.,https://github.com/github/dmca/blob/master/2024/05/2024-05-21-fonticons.md; https://github.com/i358/fontawesome-fork,true
lineage_i5ting_awesome-mac-practice,,,,,,unresolved,0,,,{},Evidence is too generic to assign an application.,https://github.com/github/dmca/blob/master/2015/2015-07-06-jetbrains.md; https://github.com/i5ting/awesome-mac-practice/blob/master/README.md; https://github.com/i5ting/awesome-mac-practice,true
lineage_iabdelmageed_golangbooks,,,,,,unresolved,0,,,{},Evidence is too generic to assign an application.,https://github.com/github/dmca/blob/master/2025/05/2025-05-29-packt.md; https://github.com/iabdelmageed/GoLangBooks,true
lineage_iamitabh_golangbooks,,,,,,unresolved,0,,,{},Evidence is too generic to assign an application.,https://github.com/github/dmca/blob/master/2025/05/2025-05-29-packt.md; https://github.com/iamitabh/GoLangBooks,true
lineage_iamleson98_golangbooks,,,,,,unresolved,0,,,{},Evidence is too generic to assign an application.,https://github.com/github/dmca/blob/master/2025/05/2025-05-29-packt.md; https://github.com/iamleson98/GoLangBooks,true
lineage_iamshubha_golangbooks,,,,,,unresolved,0,,,{},Evidence is too generic to assign an application.,https://github.com/github/dmca/blob/master/2025/05/2025-05-29-packt.md; https://github.com/iamshubha/GoLangBooks,true
lineage_ibogom_fcd2,,,,,,unresolved,0,,,{},Evidence is too generic to assign an application.,https://github.com/github/dmca/blob/master/2015/2015-07-06-jetbrains.md; https://github.com/ibogom/FCD2/blob/master/README.md; https://github.com/ibogom/FCD2,true
lineage_ibrahim-mestadi_golang,,,,,,unresolved,0,,,{},Evidence is too generic to assign an application.,https://github.com/github/dmca/blob/master/2025/05/2025-05-29-packt.md; https://github.com/ibrahim-mestadi/GoLang,true
lineage_idrisakintobi_golangbooks,,,,,,unresolved,0,,,{},Evidence is too generic to assign an application.,https://github.com/github/dmca/blob/master/2025/05/2025-05-29-packt.md; https://github.com/IdrisAkintobi/GoLangBooks,true
lineage_ifcheung2012_archdiary,,,,,,unresolved,0,,,{},Evidence is too generic to assign an application.,https://github.com/github/dmca/blob/master/2015/2015-07-06-jetbrains.md; https://github.com/ifcheung2012/archdiary/blob/master/Notes/php.txt; https://github.com/ifcheung2012/archdiary,true
lineage_ifcheung_myarch_env,,,,,,unresolved,0,,,{},Evidence is too generic to assign an application.,https://github.com/github/dmca/blob/master/2015/2015-07-06-jetbrains.md; https://github.com/ifcheung/myarch_env/blob/master/Notes/php.txt; https://github.com/ifcheung/myarch_env,true
lineage_iff-0303_001,,,,,,unresolved,0,,,{},Evidence is too generic to assign an application.,https://github.com/github/dmca/blob/master/2025/11/2025-11-14-uk-biobank.md; https://github.com/IFF-0303/001,true
lineage_iff-0303_biobank-read,,,,,,unresolved,0,,,{},Evidence is too generic to assign an application.,https://github.com/github/dmca/blob/master/2025/07/2025-07-18-ukbiobank.md; https://github.com/IFF-0303/biobank-read/blob/5093ff460740e1a998439a4d7287de3904798dc7/CVD_10035.csv; https://github.com/IFF-0303/biobank-read; https://github.com/github/dmca/blob/master/2025/07/2025-07-18-ukbiobank.md; https://github.com/IFF-0303/biobank-read/blob/b6b919af62b41671957ec02d1cb883d6e81f9c0c/test.csv; https://github.com/IFF-0303/biobank-read; https://github.com/github/dmca/blob/master/2025/07/2025-07-18-ukbiobank.md; https://github.com/IFF-0303/biobank-read/blob/9f9569d678f6951bbcd9275ca864f0965b867207/test.csv; https://github.com/IFF-0303/biobank-read; https://github.com/github/dmca/blob/master/2025/07/2025-07-18-ukbiobank.md; https://github.com/IFF-0303/biobank-read/blob/32b4450c732fc6c8f566f089469dea5c7b4f1d31/test.csv; https://github.com/IFF-0303/biobank-read; https://github.com/github/dmca/blob/master/2025/07/2025-07-18-ukbiobank.md; https://github.com/IFF-0303/biobank-read/blob/4b039b1f420006ce21e545170f1242dcb11e396b/test.csv; https://github.com/IFF-0303/biobank-read; https://github.com/github/dmca/blob/master/2025/07/2025-07-18-ukbiobank.md; https://github.com/IFF-0303/biobank-read/blob/d358b68ae7c68dfdd2c0f00a5a2b42edab29c30f/test.csv; https://github.com/IFF-0303/biobank-read; https://github.com/github/dmca/blob/master/2025/07/2025-07-18-ukbiobank.md; https://github.com/IFF-0303/biobank-read/blob/316087423db1b9d070ebb75386c9bb804d4e5147/test_hpc.csv; https://github.com/IFF-0303/biobank-read; https://github.com/github/dmca/blob/master/2025/07/2025-07-18-ukbiobank.md; https://github.com/IFF-0303/biobank-read/blob/b6b919af62b41671957ec02d1cb883d6e81f9c0c/testnew.csv; https://github.com/IFF-0303/biobank-read; https://github.com/github/dmca/blob/master/2025/07/2025-07-18-ukbiobank.md; https://github.com/IFF-0303/biobank-read/blob/b6b919af62b41671957ec02d1cb883d6e81f9c0c/testnewDEATH.csv; https://github.com/IFF-0303/biobank-read; https://github.com/github/dmca/blob/master/2025/07/2025-07-18-ukbiobank.md; https://github.com/IFF-0303/biobank-read/blob/a1307b9e70ed8bceda4c1cc2f4bd344645dab8fb/testnewVARpartial.csv; https://github.com/IFF-0303/biobank-read; https://github.com/github/dmca/blob/master/2025/07/2025-07-18-ukbiobank.md; https://github.com/IFF-0303/biobank-read/blob/fd988508f364c44dd1ac9531607504409bd4298a/testnewVARpartial_HES.csv; https://github.com/IFF-0303/biobank-read; https://github.com/github/dmca/blob/master/2025/07/2025-07-18-ukbiobank.md; https://github.com/IFF-0303/biobank-read/blob/fd988508f364c44dd1ac9531607504409bd4298a/testnewVARpartial_SR.csv; https://github.com/IFF-0303/biobank-read; https://github.com/github/dmca/blob/master/2025/07/2025-07-18-ukbiobank.md; https://github.com/IFF-0303/biobank-read/blob/fd988508f364c44dd1ac9531607504409bd4298a/testnewVARpartial_death.csv; https://github.com/IFF-0303/biobank-read; https://github.com/github/dmca/blob/master/2025/07/2025-07-18-ukbiobank.md; https://github.com/IFF-0303/biobank-read/blob/a1307b9e70ed8bceda4c1cc2f4bd344645dab8fb/testnewVARpartial_deaths.csv; https://github.com/IFF-0303/biobank-read; https://github.com/github/dmca/blob/master/2025/07/2025-07-18-ukbiobank.md; https://github.com/IFF-0303/biobank-read/blob/b6b919af62b41671957ec02d1cb883d6e81f9c0c/testorigDEATH.csv; https://github.com/IFF-0303/biobank-read,true
lineage_iff-0303_biomarkers,,,,,,unresolved,0,,,{},Evidence is too generic to assign an application.,https://github.com/github/dmca/blob/master/2025/08/2025-08-22-uk-biobank.md; https://github.com/IFF-0303/biomarkers/blob/1c0da07a271784cdcb890e5a7e4a97f03547e82b/clumping/clumped/GLOBAL_Alanine_aminotransferase.hh; https://github.com/IFF-0303/biomarkers; https://github.com/github/dmca/blob/master/2025/08/2025-08-22-uk-biobank.md; https://github.com/IFF-0303/biomarkers/blob/1c0da07a271784cdcb890e5a7e4a97f03547e82b/clumping/clumped/GLOBAL_Albumin.hh; https://github.com/IFF-0303/biomarkers; https://github.com/github/dmca/blob/master/2025/08/2025-08-22-uk-biobank.md; https://github.com/IFF-0303/biomarkers/blob/1c0da07a271784cdcb890e5a7e4a97f03547e82b/clumping/clumped/GLOBAL_Alkaline_phosphatase.hh; https://github.com/IFF-0303/biomarkers; https://github.com/github/dmca/blob/master/2025/08/2025-08-22-uk-biobank.md; https://github.com/IFF-0303/biomarkers/blob/1c0da07a271784cdcb890e5a7e4a97f03547e82b/clumping/clumped/GLOBAL_Apolipoprotein_A.hh; https://github.com/IFF-0303/biomarkers; https://github.com/github/dmca/blob/master/2025/08/2025-08-22-uk-biobank.md; https://github.com/IFF-0303/biomarkers/blob/1c0da07a271784cdcb890e5a7e4a97f03547e82b/clumping/clumped/GLOBAL_Apolipoprotein_B.hh; https://github.com/IFF-0303/biomarkers; https://github.com/github/dmca/blob/master/2025/08/2025-08-22-uk-biobank.md; https://github.com/IFF-0303/biomarkers/blob/1c0da07a271784cdcb890e5a7e4a97f03547e82b/clumping/clumped/GLOBAL_Apolipoprotein_B_adjstatins.hh; https://github.com/IFF-0303/biomarkers; https://github.com/github/dmca/blob/master/2025/08/2025-08-22-uk-biobank.md; https://github.com/IFF-0303/biomarkers/blob/1c0da07a271784cdcb890e5a7e4a97f03547e82b/clumping/clumped/GLOBAL_Aspartate_aminotransferase.hh; https://github.com/IFF-0303/biomarkers; https://github.com/github/dmca/blob/master/2025/08/2025-08-22-uk-biobank.md; https://github.com/IFF-0303/biomarkers/blob/1c0da07a271784cdcb890e5a7e4a97f03547e82b/clumping/clumped/GLOBAL_AST_ALT_ratio.hh; https://github.com/IFF-0303/biomarkers; https://github.com/github/dmca/blob/master/2025/08/2025-08-22-uk-biobank.md; https://github.com/IFF-0303/biomarkers/blob/1c0da07a271784cdcb890e5a7e4a97f03547e82b/clumping/clumped/GLOBAL_C_reactive_protein.hh; https://github.com/IFF-0303/biomarkers; https://github.com/github/dmca/blob/master/2025/08/2025-08-22-uk-biobank.md; https://github.com/IFF-0303/biomarkers/blob/1c0da07a271784cdcb890e5a7e4a97f03547e82b/clumping/clumped/GLOBAL_Calcium.hh; https://github.com/IFF-0303/biomarkers; https://github.com/github/dmca/blob/master/2025/08/2025-08-22-uk-biobank.md; https://github.com/IFF-0303/biomarkers/blob/1c0da07a271784cdcb890e5a7e4a97f03547e82b/clumping/clumped/GLOBAL_Cholesterol.hh; https://github.com/IFF-0303/biomarkers; https://github.com/github/dmca/blob/master/2025/08/2025-08-22-uk-biobank.md; https://github.com/IFF-0303/biomarkers/blob/1c0da07a271784cdcb890e5a7e4a97f03547e82b/clumping/clumped/GLOBAL_Cholesterol_adjstatins.hh; https://github.com/IFF-0303/biomarkers; https://github.com/github/dmca/blob/master/2025/08/2025-08-22-uk-biobank.md; https://github.com/IFF-0303/biomarkers/blob/1c0da07a271784cdcb890e5a7e4a97f03547e82b/clumping/clumped/GLOBAL_Creatinine.hh; https://github.com/IFF-0303/biomarkers; https://github.com/github/dmca/blob/master/2025/08/2025-08-22-uk-biobank.md; https://github.com/IFF-0303/biomarkers/blob/1c0da07a271784cdcb890e5a7e4a97f03547e82b/clumping/clumped/GLOBAL_Creatinine_in_urine.hh; https://github.com/IFF-0303/biomarkers; https://github.com/github/dmca/blob/master/2025/08/2025-08-22-uk-biobank.md; https://github.com/IFF-0303/biomarkers/blob/1c0da07a271784cdcb890e5a7e4a97f03547e82b/clumping/clumped/GLOBAL_Cystatin_C.hh; https://github.com/IFF-0303/biomarkers; https://github.com/github/dmca/blob/master/2025/08/2025-08-22-uk-biobank.md; https://github.com/IFF-0303/biomarkers/blob/1c0da07a271784cdcb890e5a7e4a97f03547e82b/clumping/clumped/GLOBAL_Direct_bilirubin.hh; https://github.com/IFF-0303/biomarkers; https://github.com/github/dmca/blob/master/2025/08/2025-08-22-uk-biobank.md; https://github.com/IFF-0303/biomarkers/blob/1c0da07a271784cdcb890e5a7e4a97f03547e82b/clumping/clumped/GLOBAL_eGFR.hh; https://github.com/IFF-0303/biomarkers; https://github.com/github/dmca/blob/master/2025/08/2025-08-22-uk-biobank.md; https://github.com/IFF-0303/biomarkers/blob/1c0da07a271784cdcb890e5a7e4a97f03547e82b/clumping/clumped/GLOBAL_Fasting_glucose.hh; https://github.com/IFF-0303/biomarkers; https://github.com/github/dmca/blob/master/2025/08/2025-08-22-uk-biobank.md; https://github.com/IFF-0303/biomarkers/blob/1c0da07a271784cdcb890e5a7e4a97f03547e82b/clumping/clumped/GLOBAL_Gamma_glutamyltransferase.hh; https://github.com/IFF-0303/biomarkers; https://github.com/github/dmca/blob/master/2025/08/2025-08-22-uk-biobank.md; https://github.com/IFF-0303/biomarkers/blob/1c0da07a271784cdcb890e5a7e4a97f03547e82b/clumping/clumped/GLOBAL_Glucose.hh; https://github.com/IFF-0303/biomarkers; https://github.com/github/dmca/blob/master/2025/08/2025-08-22-uk-biobank.md; https://github.com/IFF-0303/biomarkers/blob/1c0da07a271784cdcb890e5a7e4a97f03547e82b/clumping/clumped/GLOBAL_Glycated_haemoglobin_HbA1c.hh; https://github.com/IFF-0303/biomarkers; https://github.com/github/dmca/blob/master/2025/08/2025-08-22-uk-biobank.md; https://github.com/IFF-0303/biomarkers/blob/1c0da07a271784cdcb890e5a7e4a97f03547e82b/clumping/clumped/GLOBAL_HbA1c.hh; https://github.com/IFF-0303/biomarkers; https://github.com/github/dmca/blob/master/2025/08/2025-08-22-uk-biobank.md; https://github.com/IFF-0303/biomarkers/blob/1c0da07a271784cdcb890e5a7e4a97f03547e82b/clumping/clumped/GLOBAL_HDL.hh; https://github.com/IFF-0303/biomarkers; https://github.com/github/dmca/blob/master/2025/08/2025-08-22-uk-biobank.md; https://github.com/IFF-0303/biomarkers/blob/1c0da07a271784cdcb890e5a7e4a97f03547e82b/clumping/clumped/GLOBAL_HDL_cholesterol.hh; https://github.com/IFF-0303/biomarkers; https://github.com/github/dmca/blob/master/2025/08/2025-08-22-uk-biobank.md; https://github.com/IFF-0303/biomarkers/blob/1c0da07a271784cdcb890e5a7e4a97f03547e82b/clumping/clumped/GLOBAL_IGF_1.hh; https://github.com/IFF-0303/biomarkers; https://github.com/github/dmca/blob/master/2025/08/2025-08-22-uk-biobank.md; https://github.com/IFF-0303/biomarkers/blob/1c0da07a271784cdcb890e5a7e4a97f03547e82b/clumping/clumped/GLOBAL_LDL.hh; https://github.com/IFF-0303/biomarkers; https://github.com/github/dmca/blob/master/2025/08/2025-08-22-uk-biobank.md; https://github.com/IFF-0303/biomarkers/blob/1c0da07a271784cdcb890e5a7e4a97f03547e82b/clumping/clumped/GLOBAL_LDL_adjstatins.hh; https://github.com/IFF-0303/biomarkers; https://github.com/github/dmca/blob/master/2025/08/2025-08-22-uk-biobank.md; https://github.com/IFF-0303/biomarkers/blob/1c0da07a271784cdcb890e5a7e4a97f03547e82b/clumping/clumped/GLOBAL_LDL_direct.hh; https://github.com/IFF-0303/biomarkers; https://github.com/github/dmca/blob/master/2025/08/2025-08-22-uk-biobank.md; https://github.com/IFF-0303/biomarkers/blob/1c0da07a271784cdcb890e5a7e4a97f03547e82b/clumping/clumped/GLOBAL_LDL_direct_adjstatins.hh; https://github.com/IFF-0303/biomarkers; https://github.com/github/dmca/blob/master/2025/08/2025-08-22-uk-biobank.md; https://github.com/IFF-0303/biomarkers/blob/1c0da07a271784cdcb890e5a7e4a97f03547e82b/clumping/clumped/GLOBAL_Lipoprotein_A.hh; https://github.com/IFF-0303/biomarkers; https://github.com/github/dmca/blob/master/2025/08/2025-08-22-uk-biobank.md; https://github.com/IFF-0303/biomarkers/blob/1c0da07a271784cdcb890e5a7e4a97f03547e82b/clumping/clumped/GLOBAL_Microalbumin_in_urine.hh; https://github.com/IFF-0303/biomarkers; https://github.com/github/dmca/blob/master/2025/08/2025-08-22-uk-biobank.md; https://github.com/IFF-0303/biomarkers/blob/1c0da07a271784cdcb890e5a7e4a97f03547e82b/clumping/clumped/GLOBAL_Non_albumin_protein.hh; https://github.com/IFF-0303/biomarkers; https://github.com/github/dmca/blob/master/2025/08/2025-08-22-uk-biobank.md; https://github.com/IFF-0303/biomarkers/blob/1c0da07a271784cdcb890e5a7e4a97f03547e82b/clumping/clumped/GLOBAL_Oestradiol.hh; https://github.com/IFF-0303/biomarkers; https://github.com/github/dmca/blob/master/2025/08/2025-08-22-uk-biobank.md; https://github.com/IFF-0303/biomarkers/blob/1c0da07a271784cdcb890e5a7e4a97f03547e82b/clumping/clumped/GLOBAL_Phosphate.hh; https://github.com/IFF-0303/biomarkers; https://github.com/github/dmca/blob/master/2025/08/2025-08-22-uk-biobank.md; https://github.com/IFF-0303/biomarkers/blob/1c0da07a271784cdcb890e5a7e4a97f03547e82b/clumping/clumped/GLOBAL_Potassium_in_urine.hh; https://github.com/IFF-0303/biomarkers; https://github.com/github/dmca/blob/master/2025/08/2025-08-22-uk-biobank.md; https://github.com/IFF-0303/biomarkers/blob/1c0da07a271784cdcb890e5a7e4a97f03547e82b/clumping/clumped/GLOBAL_Rheumatoid_factor.hh; https://github.com/IFF-0303/biomarkers; https://github.com/github/dmca/blob/master/2025/08/2025-08-22-uk-biobank.md; https://github.com/IFF-0303/biomarkers/blob/1c0da07a271784cdcb890e5a7e4a97f03547e82b/clumping/clumped/GLOBAL_SHBG.hh; https://github.com/IFF-0303/biomarkers; https://github.com/github/dmca/blob/master/2025/08/2025-08-22-uk-biobank.md; https://github.com/IFF-0303/biomarkers/blob/1c0da07a271784cdcb890e5a7e4a97f03547e82b/clumping/clumped/GLOBAL_Sodium_in_urine.hh; https://github.com/IFF-0303/biomarkers; https://github.com/github/dmca/blob/master/2025/08/2025-08-22-uk-biobank.md; https://github.com/IFF-0303/biomarkers/blob/1c0da07a271784cdcb890e5a7e4a97f03547e82b/clumping/clumped/GLOBAL_Testosterone.hh; https://github.com/IFF-0303/biomarkers; https://github.com/github/dmca/blob/master/2025/08/2025-08-22-uk-biobank.md; https://github.com/IFF-0303/biomarkers/blob/1c0da07a271784cdcb890e5a7e4a97f03547e82b/clumping/clumped/GLOBAL_Total_bilirubin.hh; https://github.com/IFF-0303/biomarkers; https://github.com/github/dmca/blob/master/2025/08/2025-08-22-uk-biobank.md; https://github.com/IFF-0303/biomarkers/blob/1c0da07a271784cdcb890e5a7e4a97f03547e82b/clumping/clumped/GLOBAL_Total_protein.hh; https://github.com/IFF-0303/biomarkers; https://github.com/github/dmca/blob/master/2025/08/2025-08-22-uk-biobank.md; https://github.com/IFF-0303/biomarkers/blob/1c0da07a271784cdcb890e5a7e4a97f03547e82b/clumping/clumped/GLOBAL_Triglycerides.hh; https://github.com/IFF-0303/biomarkers; https://github.com/github/dmca/blob/master/2025/08/2025-08-22-uk-biobank.md; https://github.com/IFF-0303/biomarkers/blob/1c0da07a271784cdcb890e5a7e4a97f03547e82b/clumping/clumped/GLOBAL_Urate.hh; https://github.com/IFF-0303/biomarkers; https://github.com/github/dmca/blob/master/2025/08/2025-08-22-uk-biobank.md; https://github.com/IFF-0303/biomarkers/blob/1c0da07a271784cdcb890e5a7e4a97f03547e82b/clumping/clumped/GLOBAL_Urea.hh; https://github.com/IFF-0303/biomarkers; https://github.com/github/dmca/blob/master/2025/08/2025-08-22-uk-biobank.md; https://github.com/IFF-0303/biomarkers/blob/1c0da07a271784cdcb890e5a7e4a97f03547e82b/clumping/clumped/GLOBAL_Vitamin_D.hh; https://github.com/IFF-0303/biomarkers,true
lineage_iff-0303_predict_cahd_by_ecg_on_uk_biobank,,,,,,unresolved,0,,,{},Evidence is too generic to assign an application.,https://github.com/github/dmca/blob/master/2025/08/2025-08-11-ukbiobank-2.md; https://github.com/IFF-0303/Predict_CAHD_by_ECG_on_UK_Biobank/blob/12bc11164130d9c492d6f42977fd16a178084d95/CAHD_manual_feature.csv; https://github.com/IFF-0303/Predict_CAHD_by_ECG_on_UK_Biobank; https://github.com/github/dmca/blob/master/2025/08/2025-08-11-ukbiobank-2.md; https://github.com/IFF-0303/Predict_CAHD_by_ECG_on_UK_Biobank/blob/main/CAHD_Sample_info.csv; https://github.com/IFF-0303/Predict_CAHD_by_ECG_on_UK_Biobank; https://github.com/github/dmca/blob/master/2025/08/2025-08-11-ukbiobank-2.md; https://github.com/IFF-0303/Predict_CAHD_by_ECG_on_UK_Biobank/blob/c077d50fbd99108e63f218f116828f649ac398ab/CAHD_Sample_info.csv; https://github.com/IFF-0303/Predict_CAHD_by_ECG_on_UK_Biobank,true
lineage_iff-0303_ukb_download_and_prep_template,,,,,,unresolved,0,,,{},Evidence is too generic to assign an application.,https://github.com/github/dmca/blob/master/2025/11/2025-11-04-uk-biobank.md; https://github.com/IFF-0303/ukb_download_and_prep_template/blob/846d7af61368e112d6a9b929e777a3f53094f168/README.md; https://github.com/IFF-0303/ukb_download_and_prep_template; https://github.com/github/dmca/blob/master/2025/11/2025-11-04-uk-biobank.md; https://github.com/IFF-0303/ukb_download_and_prep_template/blob/d578363811a5fa1f9b8227857b5aad36835a0e19/docs/core.rst; https://github.com/IFF-0303/ukb_download_and_prep_template; https://github.com/github/dmca/blob/master/2025/11/2025-11-04-uk-biobank.md; https://github.com/IFF-0303/ukb_download_and_prep_template/blob/9842d21710c6bed01b59c0e9822f51cce4e33124/docs/relabel.rst; https://github.com/IFF-0303/ukb_download_and_prep_template; https://github.com/github/dmca/blob/master/2025/11/2025-11-04-uk-biobank.md; https://github.com/IFF-0303/ukb_download_and_prep_template/blob/9842d21710c6bed01b59c0e9822f51cce4e33124/docs/_build/html/_sources/relabel.rst.txt; https://github.com/IFF-0303/ukb_download_and_prep_template; https://github.com/github/dmca/blob/master/2025/11/2025-11-04-uk-biobank.md; https://github.com/IFF-0303/ukb_download_and_prep_template/blob/17b001a98ff621d5609a7974095fdcbaec221773/docs/_build/html/_sources/core.rst.txt; https://github.com/IFF-0303/ukb_download_and_prep_template,true
lineage_iff-0303_ukbb_risk,,,,,,unresolved,0,,,{},Evidence is too generic to assign an application.,https://github.com/github/dmca/blob/master/2025/12/2025-12-02-uk-biobank.md; https://github.com/IFF-0303/ukbb_risk/blob/0f63774a07eee849cfa9e9b18a7550270fcf30df/analysisNumericFeatures/total_radiomics.ipynb; https://github.com/IFF-0303/ukbb_risk; https://github.com/github/dmca/blob/master/2025/12/2025-12-02-uk-biobank.md; https://github.com/IFF-0303/ukbb_risk/blob/0f63774a07eee849cfa9e9b18a7550270fcf30df/analysisNumericFeatures/analysisNumericFeaturesTogether.ipynb; https://github.com/IFF-0303/ukbb_risk,true
lineage_igrass_jetbrainspatchkeygen,,,,,,unresolved,0,,,{},Evidence is too generic to assign an application.,https://github.com/github/dmca/blob/master/2015/2015-07-06-jetbrains.md; https://github.com/igrass/JetbrainsPatchKeygen,true
lineage_ikezhenxu_jetbrainspatchkeygen,,,,,,unresolved,0,,,{},Evidence is too generic to assign an application.,https://github.com/github/dmca/blob/master/2015/2015-07-06-jetbrains.md; https://github.com/ikezhenxu/JetbrainsPatchKeygen,true
lineage_ikonglong_golangbooks,,,,,,unresolved,0,,,{},Evidence is too generic to assign an application.,https://github.com/github/dmca/blob/master/2025/05/2025-05-29-packt.md; https://github.com/ikonglong/GoLangBooks,true
lineage_ikram-c_multi_outcome,,,,,,unresolved,0,,,{},Evidence is too generic to assign an application.,https://github.com/github/dmca/blob/master/2026/04/2026-04-10-uk-biobank.md; https://raw.githubusercontent.com/Ikram-c/multi_outcome/6bf35e4e3cd7d5d7530dd15e5d928a2d58633c2e/data_process/mapped_data.csv; https://github.com/Ikram-c/multi_outcome; https://github.com/github/dmca/blob/master/2026/04/2026-04-10-uk-biobank.md; https://raw.githubusercontent.com/Ikram-c/multi_outcome/a4c6a01f06aab1890b6363700976cc0dad85877b/backend/temp/ukb_8_outcomes_data.csv; https://github.com/Ikram-c/multi_outcome; https://github.com/github/dmca/blob/master/2026/04/2026-04-10-uk-biobank.md; https://raw.githubusercontent.com/Ikram-c/multi_outcome/f2587e9e0ce9a27c05333fd67c562458ef3efcc2/backend/myApp/ukb_8_outcomes_data.csv; https://github.com/Ikram-c/multi_outcome; https://github.com/github/dmca/blob/master/2026/04/2026-04-10-uk-biobank.md; https://raw.githubusercontent.com/Ikram-c/multi_outcome/fceb80e110e5688ce02f994de024e5bdb7acdee9/data_process/ukb_8outcomes_data.csv; https://github.com/Ikram-c/multi_outcome; https://github.com/github/dmca/blob/master/2026/04/2026-04-10-uk-biobank.md; https://raw.githubusercontent.com/Ikram-c/multi_outcome/6bf35e4e3cd7d5d7530dd15e5d928a2d58633c2e/data_process/IntrOutcData_varName_mannual.csv; https://github.com/Ikram-c/multi_outcome,true
lineage_ilsyaa_font-awesome-pro,,,,,,unresolved,0,,,{},Evidence is too generic to assign an application.,https://github.com/github/dmca/blob/master/2024/05/2024-05-21-fonticons.md; https://github.com/ilsyaa/font-awesome-pro,true
lineage_im6h_golangbooks,,,,,,unresolved,0,,,{},Evidence is too generic to assign an application.,https://github.com/github/dmca/blob/master/2025/05/2025-05-29-packt.md; https://github.com/im6h/GoLangBooks,true
lineage_imoreapps_font-awesome-pro,,,,,,unresolved,0,,,{},Evidence is too generic to assign an application.,https://github.com/github/dmca/blob/master/2024/05/2024-05-21-fonticons.md; https://github.com/imoreapps/font-awesome-pro,true
lineage_imrellx_golangbooks,,,,,,unresolved,0,,,{},Evidence is too generic to assign an application.,https://github.com/github/dmca/blob/master/2025/05/2025-05-29-packt.md; https://github.com/imrellx/GoLangBooks,true
lineage_imskyer_jetbrainspatchkeygen,,,,,,unresolved,0,,,{},Evidence is too generic to assign an application.,https://github.com/github/dmca/blob/master/2015/2015-07-06-jetbrains.md; https://github.com/imskyer/JetbrainsPatchKeygen,true
lineage_inking_jetbrainspatchkeygen,,,,,,unresolved,0,,,{},Evidence is too generic to assign an application.,https://github.com/github/dmca/blob/master/2015/2015-07-06-jetbrains.md; https://github.com/inking/JetbrainsPatchKeygen,true
lineage_iotspace_golangbooks,,,,,,unresolved,0,,,{},Evidence is too generic to assign an application.,https://github.com/github/dmca/blob/master/2025/05/2025-05-29-packt.md; https://github.com/iotspace/GoLangBooks,true
lineage_is00hcw_jetbrainspatchkeygen,,,,,,unresolved,0,,,{},Evidence is too generic to assign an application.,https://github.com/github/dmca/blob/master/2015/2015-07-06-jetbrains.md; https://github.com/is00hcw/JetbrainsPatchKeygen,true
lineage_is00hcw_workspace,,,,,,unresolved,0,,,{},Evidence is too generic to assign an application.,https://github.com/github/dmca/blob/master/2015/2015-07-06-jetbrains.md; https://github.com/is00hcw/workspace/blob/master/install/sn.txt; https://github.com/is00hcw/workspace; https://github.com/github/dmca/blob/master/2015/2015-07-06-jetbrains.md; https://github.com/is00hcw/workspace/blob/master/install/php.txt; https://github.com/is00hcw/workspace,true
lineage_ishara_keygen,,,,,,unresolved,0,,,{},Evidence is too generic to assign an application.,https://github.com/github/dmca/blob/master/2015/2015-07-06-jetbrains.md; https://github.com/ishara/keygen,true
lineage_ismailqau_jetbrainspatchkeygen,,,,,,unresolved,0,,,{},Evidence is too generic to assign an application.,https://github.com/github/dmca/blob/master/2015/2015-07-06-jetbrains.md; https://github.com/ismailqau/JetbrainsPatchKeygen,true
lineage_israel-albino_font-awesome-pro,,,,,,unresolved,0,,,{},Evidence is too generic to assign an application.,https://github.com/github/dmca/blob/master/2024/05/2024-05-21-fonticons.md; https://github.com/israel-albino/font-awesome-pro,true
lineage_istar_istar.github.io,,,,,,unresolved,0,,,{},Evidence is too generic to assign an application.,https://github.com/github/dmca/blob/master/2015/2015-07-06-jetbrains.md; https://github.com/istar/istar.github.io/blob/master/blog/156645/index.html; https://github.com/istar/istar.github.io,true
lineage_it-engineer-pro_golangbooks,,,,,,unresolved,0,,,{},Evidence is too generic to assign an application.,https://github.com/github/dmca/blob/master/2025/05/2025-05-29-packt.md; https://github.com/it-engineer-pro/GoLangBooks,true
lineage_itachi04199_jetbrains-intellij-idea-key-generator,,,,,,unresolved,0,,,{},Evidence is too generic to assign an application.,https://github.com/github/dmca/blob/master/2015/2015-07-06-jetbrains.md; https://github.com/itachi04199/Jetbrains-IntelliJ-IDEA-Key-Generator,true
lineage_itssname_yang,,,,,,unresolved,0,,,{},Evidence is too generic to assign an application.,https://github.com/github/dmca/blob/master/2023/10/2023-10-12-discord.md; https://github.com/ItssName/YANG,true
lineage_itssobhan_discord-nitro-generator,,,,,,unresolved,0,,,{},Evidence is too generic to assign an application.,https://github.com/github/dmca/blob/master/2023/10/2023-10-12-discord.md; https://github.com/iTsSobhan/Discord-Nitro-Generator,true
lineage_iv4n-ga6l_golangbooks,,,,,,unresolved,0,,,{},Evidence is too generic to assign an application.,https://github.com/github/dmca/blob/master/2025/05/2025-05-29-packt.md; https://github.com/iv4n-ga6l/GoLangBooks,true
lineage_ivewang_ivewang.github.io,,,,,,unresolved,0,,,{},Evidence is too generic to assign an application.,https://github.com/github/dmca/blob/master/2015/2015-07-06-jetbrains.md; https://github.com/IveWang/ivewang.github.io/blob/master/_posts/2015-4-18-jetbrain%E5%BC%80%E5%8F%91%E5%B7%A5%E5%85%B7%E6%B3%A8%E5%86%8C%E7%A0%81(webstorm+phpstorm+rubymine+pycharm; https://github.com/IveWang/ivewang.github.io,true
lineage_ivivisoft_jetbrainspatchkeygen,,,,,,unresolved,0,,,{},Evidence is too generic to assign an application.,https://github.com/github/dmca/blob/master/2015/2015-07-06-jetbrains.md; https://github.com/ivivisoft/JetbrainsPatchKeygen,true
lineage_jackiedabekar_golangbooks,,,,,,unresolved,0,,,{},Evidence is too generic to assign an application.,https://github.com/github/dmca/blob/master/2025/05/2025-05-29-packt.md; https://github.com/jackiedabekar/GoLangBooks,true
lineage_jackw7777_sophia_cross_sectional,,,,,,unresolved,0,,,{},Evidence is too generic to assign an application.,https://github.com/github/dmca/blob/master/2025/11/2025-11-25-uk-biobank-5.md; https://github.com/JackW7777/SOPHIA_Cross_Sectional/blob/095c8dd13b635e54889beddd15e9481b5edd8464/Guideline.ipynb; https://github.com/JackW7777/SOPHIA_Cross_Sectional,true
lineage_jacob-x_ukb_download_and_prep_template,,,,,,unresolved,0,,,{},Evidence is too generic to assign an application.,https://github.com/github/dmca/blob/master/2025/11/2025-11-04-uk-biobank.md; https://github.com/Jacob-X/ukb_download_and_prep_template/blob/main/README.md; https://github.com/Jacob-X/ukb_download_and_prep_template; https://github.com/github/dmca/blob/master/2025/11/2025-11-04-uk-biobank.md; https://github.com/Jacob-X/ukb_download_and_prep_template/blob/main/docs/core.rst; https://github.com/Jacob-X/ukb_download_and_prep_template; https://github.com/github/dmca/blob/master/2025/11/2025-11-04-uk-biobank.md; https://github.com/Jacob-X/ukb_download_and_prep_template/blob/2c657bdea3c0bbf0df6b8f21a3a3f8431134e8ac/docs/_build/html/_sources/core.rst.txt; https://github.com/Jacob-X/ukb_download_and_prep_template; https://github.com/github/dmca/blob/master/2025/11/2025-11-04-uk-biobank.md; https://github.com/Jacob-X/ukb_download_and_prep_template/blob/9842d21710c6bed01b59c0e9822f51cce4e33124/docs/relabel.rst; https://github.com/Jacob-X/ukb_download_and_prep_template; https://github.com/github/dmca/blob/master/2025/11/2025-11-04-uk-biobank.md; https://github.com/Jacob-X/ukb_download_and_prep_template/blob/9842d21710c6bed01b59c0e9822f51cce4e33124/docs/_build/html/_sources/relabel.rst.txt; https://github.com/Jacob-X/ukb_download_and_prep_template,true
lineage_jagd_jetbrainspatchkeygen,,,,,,unresolved,0,,,{},Evidence is too generic to assign an application.,https://github.com/github/dmca/blob/master/2015/2015-07-06-jetbrains.md; https://github.com/jagd/JetbrainsPatchKeygen,true
lineage_jahroots_intellij-idea-14-keygen,,,,,,unresolved,0,,,{},Evidence is too generic to assign an application.,https://github.com/github/dmca/blob/master/2015/2015-07-06-jetbrains.md; https://github.com/Jahroots/IntelliJ-IDEA-14-keygen,true
lineage_jairoandre_intellij-idea-14-keygen,,,,,,unresolved,0,,,{},Evidence is too generic to assign an application.,https://github.com/github/dmca/blob/master/2015/2015-07-06-jetbrains.md; https://github.com/jairoandre/IntelliJ-IDEA-14-keygen,true
lineage_jakee8718_discord-nitro-generator-and-checker,,,,,,unresolved,0,,,{},Evidence is too generic to assign an application.,https://github.com/github/dmca/blob/master/2023/10/2023-10-12-discord.md; https://github.com/Jakee8718/Discord-Nitro-Generator-and-Checker,true
lineage_jamesliandroid_intellij-idea-14-keygen,,,,,,unresolved,0,,,{},Evidence is too generic to assign an application.,https://github.com/github/dmca/blob/master/2015/2015-07-06-jetbrains.md; https://github.com/JamesLiAndroid/IntelliJ-IDEA-14-keygen,true
lineage_jancarlo123_jetbrains-intellij-idea-key-generator,,,,,,unresolved,0,,,{},Evidence is too generic to assign an application.,https://github.com/github/dmca/blob/master/2015/2015-07-06-jetbrains.md; https://github.com/JANCARLO123/Jetbrains-IntelliJ-IDEA-Key-Generator,true
lineage_janpfajfr_intellij-idea-14-keygen,,,,,,unresolved,0,,,{},Evidence is too generic to assign an application.,https://github.com/github/dmca/blob/master/2015/2015-07-06-jetbrains.md; https://github.com/janpfajfr/IntelliJ-IDEA-14-keygen,true
lineage_japharr_intellij-idea-14-keygen,,,,,,unresolved,0,,,{},Evidence is too generic to assign an application.,https://github.com/github/dmca/blob/master/2015/2015-07-06-jetbrains.md; https://github.com/japharr/IntelliJ-IDEA-14-keygen,true
lineage_jason-peterson_golangbooks,,,,,,unresolved,0,,,{},Evidence is too generic to assign an application.,https://github.com/github/dmca/blob/master/2025/05/2025-05-29-packt.md; https://github.com/Jason-Peterson/GoLangBooks,true
lineage_jasonix_jetbrainspatchkeygen,,,,,,unresolved,0,,,{},Evidence is too generic to assign an application.,https://github.com/github/dmca/blob/master/2015/2015-07-06-jetbrains.md; https://github.com/Jasonix/JetbrainsPatchKeygen,true
lineage_jasonpang_jetbrainspatchkeygen,,,,,,unresolved,0,,,{},Evidence is too generic to assign an application.,https://github.com/github/dmca/blob/master/2015/2015-07-06-jetbrains.md; https://github.com/jasonpang/JetbrainsPatchKeygen,true
lineage_jasonzengj_jasonlife.me,,,,,,unresolved,0,,,{},Evidence is too generic to assign an application.,https://github.com/github/dmca/blob/master/2015/2015-07-06-jetbrains.md; https://github.com/JasonZengJ/Jasonlife.me/blob/master/_posts/PhpStorm-8x-Keys.md; https://github.com/JasonZengJ/Jasonlife.me,true
lineage_javaprojectgreenteam_intellij-idea-14-keygen,,,,,,unresolved,0,,,{},Evidence is too generic to assign an application.,https://github.com/github/dmca/blob/master/2015/2015-07-06-jetbrains.md; https://github.com/JavaProjectGreenTeam/IntelliJ-IDEA-14-keygen,true
lineage_jayakumarreddivari_golangbooks,,,,,,unresolved,0,,,{},Evidence is too generic to assign an application.,https://github.com/github/dmca/blob/master/2025/05/2025-05-29-packt.md; https://github.com/jayakumarreddivari/GoLangBooks,true
lineage_jeffacode_jetbrainspatchkeygen,,,,,,unresolved,0,,,{},Evidence is too generic to assign an application.,https://github.com/github/dmca/blob/master/2015/2015-07-06-jetbrains.md; https://github.com/jeffacode/JetbrainsPatchKeygen,true
lineage_jektonluo_jetbrainspatchkeygen,,,,,,unresolved,0,,,{},Evidence is too generic to assign an application.,https://github.com/github/dmca/blob/master/2015/2015-07-06-jetbrains.md; https://github.com/JektonLuo/JetbrainsPatchKeygen,true
lineage_jeroenroels_golangbooks,,,,,,unresolved,0,,,{},Evidence is too generic to assign an application.,https://github.com/github/dmca/blob/master/2025/05/2025-05-29-packt.md; https://github.com/jeroenroels/GoLangBooks,true
lineage_jessicaway_mtswirl,,,,,,unresolved,0,,,{},Evidence is too generic to assign an application.,https://github.com/github/dmca/blob/master/2026/04/2026-04-17-uk-biobank.md; https://github.com/jessicaway/mtSwirl/blob/f0b35adf5f99fade385c62b718ed8bad92b1de8d/submission_pipelines/dx/utils/completed_sample_list.txt; https://github.com/jessicaway/mtSwirl,true
lineage_jgabriellima_louxiaojian,,,,,,unresolved,0,,,{},Evidence is too generic to assign an application.,https://github.com/github/dmca/blob/master/2015/2015-07-06-jetbrains.md; https://github.com/jgabriellima/louxiaojian/blob/master/notes/other/webstorm/webstorm-key.txt; https://github.com/jgabriellima/louxiaojian,true
lineage_jgetfun_golangbooks,,,,,,unresolved,0,,,{},Evidence is too generic to assign an application.,https://github.com/github/dmca/blob/master/2025/05/2025-05-29-packt.md; https://github.com/jgetfun/GoLangBooks,true
lineage_jhonjbautistab_golangbooks,,,,,,unresolved,0,,,{},Evidence is too generic to assign an application.,https://github.com/github/dmca/blob/master/2025/05/2025-05-29-packt.md; https://github.com/JhonJBautistaB/GoLangBooks,true
lineage_jialingfan1_moodie-geneexpression-cognition,,,,,,unresolved,0,,,{},Evidence is too generic to assign an application.,https://github.com/github/dmca/blob/master/2025/10/2025-10-17-uk-biobank.md; https://github.com/JialingFan1/moodie-geneexpression-cognition/blob/72217e2d8e509260014bc5d5c9fae4826f2ede9f/data/UKB_neuroexclusions.csv; https://github.com/JialingFan1/moodie-geneexpression-cognition,true
lineage_jianfang_jetbrainspatchkeygen,,,,,,unresolved,0,,,{},Evidence is too generic to assign an application.,https://github.com/github/dmca/blob/master/2015/2015-07-06-jetbrains.md; https://github.com/jianfang/JetbrainsPatchKeygen,true
lineage_jiangaoshan_ukbiobank-table-conversion,,,,,,unresolved,0,,,{},Evidence is too generic to assign an application.,https://github.com/github/dmca/blob/master/2025/12/2025-12-09-uk-biobank.md; https://github.com/Jiangaoshan/UKBiobank-Table-Conversion/blob/ef88907514c72072a9a78140a3d51c83d17cec92/INTRO_and_INSTRUCTIONS.pdf; https://github.com/Jiangaoshan/UKBiobank-Table-Conversion,true
lineage_jiangweixia_001,,,,,,unresolved,0,,,{},Evidence is too generic to assign an application.,https://github.com/github/dmca/blob/master/2025/11/2025-11-14-uk-biobank.md; https://github.com/jiangweixia/001,true
lineage_jiaoming_jetbrainspatchkeygen,,,,,,unresolved,0,,,{},Evidence is too generic to assign an application.,https://github.com/github/dmca/blob/master/2015/2015-07-06-jetbrains.md; https://github.com/JiaoMing/JetbrainsPatchKeygen,true
lineage_jiaozhu_jetbrains-intellij-idea-key-generator,,,,,,unresolved,0,,,{},Evidence is too generic to assign an application.,https://github.com/github/dmca/blob/master/2015/2015-07-06-jetbrains.md; https://github.com/jiaozhu/Jetbrains-IntelliJ-IDEA-Key-Generator,true
lineage_jiaozhu_jetbrainspatchkeygen,,,,,,unresolved,0,,,{},Evidence is too generic to assign an application.,https://github.com/github/dmca/blob/master/2015/2015-07-06-jetbrains.md; https://github.com/jiaozhu/JetbrainsPatchKeygen,true
lineage_jieah_jetbrainspatchkeygen,,,,,,unresolved,0,,,{},Evidence is too generic to assign an application.,https://github.com/github/dmca/blob/master/2015/2015-07-06-jetbrains.md; https://github.com/jieah/JetbrainsPatchKeygen,true
lineage_jielichenbd_golangbooks,,,,,,unresolved,0,,,{},Evidence is too generic to assign an application.,https://github.com/github/dmca/blob/master/2025/05/2025-05-29-packt.md; https://github.com/jielichenBD/GoLangBooks,true
lineage_jijex_jetbrainspatchkeygen,,,,,,unresolved,0,,,{},Evidence is too generic to assign an application.,https://github.com/github/dmca/blob/master/2015/2015-07-06-jetbrains.md; https://github.com/jijex/JetbrainsPatchKeygen,true
lineage_jillmnolan_golangbooks,,,,,,unresolved,0,,,{},Evidence is too generic to assign an application.,https://github.com/github/dmca/blob/master/2025/05/2025-05-29-packt.md; https://github.com/jillmnolan/GoLangBooks,true
lineage_jingnanbai_bis687-capstone-group-8,,,,,,unresolved,0,,,{},Evidence is too generic to assign an application.,https://github.com/github/dmca/blob/master/2026/04/2026-04-10-uk-biobank-2.md; https://github.com/JingnanBai/BIS687-Capstone-group-8/blob/471aabd9ce156c66d8aa00e656b884ad77e5643d/data/ukbiobank.rds; https://github.com/JingnanBai/BIS687-Capstone-group-8,true
lineage_jitendrasoni89_golangbooks,,,,,,unresolved,0,,,{},Evidence is too generic to assign an application.,https://github.com/github/dmca/blob/master/2025/05/2025-05-29-packt.md; https://github.com/jitendrasoni89/GoLangBooks,true
lineage_jiyamathias_golangbooks,,,,,,unresolved,0,,,{},Evidence is too generic to assign an application.,https://github.com/github/dmca/blob/master/2025/05/2025-05-29-packt.md; https://github.com/jiyamathias/GoLangBooks,true
lineage_jjrun-11_imds_wes,,,,,,unresolved,0,,,{},Evidence is too generic to assign an application.,https://github.com/github/dmca/blob/master/2025/12/2025-12-01-uk-biobank-2.md; https://github.com/jjrun-11/IMDs_WES/blob/b5c5f22385240a447dae8d0baf0fdb986e50541d/QC/Step4/ukb_wes_chr_all_king_sample_qc_example.kin0; https://github.com/jjrun-11/IMDs_WES; https://github.com/github/dmca/blob/master/2025/12/2025-12-01-uk-biobank-2.md; https://github.com/jjrun-11/IMDs_WES/blob/88c851e9b48f198cea156c505109c628ea0f15f1/QC/Step4/ukb_wes_chr_all_king_sample_qc.kin0; https://github.com/jjrun-11/IMDs_WES; https://github.com/github/dmca/blob/master/2025/12/2025-12-01-uk-biobank-2.md; https://github.com/jjrun-11/IMDs_WES/blob/4569154fd8536efa13e3c0d92cfb2195fd2572c9/QC/Step3/ukb_wes_chr11_sample_qc_example.scount; https://github.com/jjrun-11/IMDs_WES; https://github.com/github/dmca/blob/master/2025/12/2025-12-01-uk-biobank-2.md; https://github.com/jjrun-11/IMDs_WES/blob/705ebe6d34fea3ec769b9b0084a8f90f922b0512/QC/Step4/king_example.con; https://github.com/jjrun-11/IMDs_WES; https://github.com/github/dmca/blob/master/2025/12/2025-12-01-uk-biobank-2.md; https://github.com/jjrun-11/IMDs_WES/blob/1fc8786e8a99499106f809247aa4c7ae499c4ede/QC/Step3/non_retracted_and_sex_qc_filtered_example.txt; https://github.com/jjrun-11/IMDs_WES; https://github.com/github/dmca/blob/master/2025/12/2025-12-01-uk-biobank-2.md; https://github.com/jjrun-11/IMDs_WES/blob/f214e38c7526854348ed69a33e30f97d5d0960e6/QC/Stepnon_retracted_and_sex_qc_filtered_example.txt; https://github.com/jjrun-11/IMDs_WES; https://github.com/github/dmca/blob/master/2025/12/2025-12-01-uk-biobank-2.md; https://github.com/jjrun-11/IMDs_WES/blob/c8d24849d3c95588f591371e90d98876f22f88f5/QC/Step3/head; https://github.com/jjrun-11/IMDs_WES; https://github.com/github/dmca/blob/master/2025/12/2025-12-01-uk-biobank-2.md; https://github.com/jjrun-11/IMDs_WES/blob/7a2acb497cfe1232ef8c5fe03a8e16b291b9cdbf/QC/Step4/ukb_wes_chr_all_king_sample_qc_final_unrelated_example.eigenval; https://github.com/jjrun-11/IMDs_WES; https://github.com/github/dmca/blob/master/2025/12/2025-12-01-uk-biobank-2.md; https://github.com/jjrun-11/IMDs_WES/blob/7327cc7176c03a9143132df3e57f0c30a7d96084/QC/Step3/sample_qc_final_keep_example.txt; https://github.com/jjrun-11/IMDs_WES; https://github.com/github/dmca/blob/master/2025/12/2025-12-01-uk-biobank-2.md; https://github.com/jjrun-11/IMDs_WES/blob/5923d751916249d87435632333be6cb4d7002956/PostAnalysis/conditional.R; https://github.com/jjrun-11/IMDs_WES; https://github.com/github/dmca/blob/master/2025/12/2025-12-01-uk-biobank-2.md; https://github.com/jjrun-11/IMDs_WES/blob/5923d751916249d87435632333be6cb4d7002956/QC/QC_Step3.bash; https://github.com/jjrun-11/IMDs_WES,true
lineage_joerge03_golangbooks,,,,,,unresolved,0,,,{},Evidence is too generic to assign an application.,https://github.com/github/dmca/blob/master/2025/05/2025-05-29-packt.md; https://github.com/joerge03/GoLangBooks,true
lineage_johnsmithx_gcontact,,,,,,unresolved,0,,,{},Evidence is too generic to assign an application.,https://github.com/github/dmca/blob/master/2015/2015-07-06-jetbrains.md; https://github.com/JohnSmithX/GContact/blob/master/test/cdkey.txt; https://github.com/JohnSmithX/GContact,true
lineage_johnson-xie_golangbooks,,,,,,unresolved,0,,,{},Evidence is too generic to assign an application.,https://github.com/github/dmca/blob/master/2025/05/2025-05-29-packt.md; https://github.com/Johnson-xie/GoLangBooks,true
lineage_jooooooooey_ukb,,,,,,unresolved,0,,,{},Evidence is too generic to assign an application.,https://github.com/github/dmca/blob/master/2025/11/2025-11-14-uk-biobank.md; https://github.com/Jooooooooey/ukb,true
lineage_josegg5_golangbooks,,,,,,unresolved,0,,,{},Evidence is too generic to assign an application.,https://github.com/github/dmca/blob/master/2025/05/2025-05-29-packt.md; https://github.com/JoseGG5/GoLangBooks,true
lineage_josephdgb1996_font-awesome-pro,,,,,,unresolved,0,,,{},Evidence is too generic to assign an application.,https://github.com/github/dmca/blob/master/2024/05/2024-05-21-fonticons.md; https://github.com/josephdgb1996/font-awesome-pro,true
lineage_josephlalli_shapeit5,,,,,,unresolved,0,,,{},Evidence is too generic to assign an application.,https://github.com/github/dmca/blob/master/2025/11/2025-11-13-uk-biobank.md; https://github.com/JosephLalli/shapeit5/blob/0b40edb8ef2678fd4ef0f0286dffe9ef0ba9b254/tasks/phasingUKB/step2_wgs/step9_imputation_rerun_new_chunks/data/1k_samples_wbi.txt#L1-L5; https://github.com/JosephLalli/shapeit5,true
lineage_josephnegi_golangbooks,,,,,,unresolved,0,,,{},Evidence is too generic to assign an application.,https://github.com/github/dmca/blob/master/2025/05/2025-05-29-packt.md; https://github.com/josephnegi/GoLangBooks,true
lineage_joshb-coder_golangbooks,,,,,,unresolved,0,,,{},Evidence is too generic to assign an application.,https://github.com/github/dmca/blob/master/2025/05/2025-05-29-packt.md; https://github.com/Joshb-coder/GoLangBooks,true
lineage_joshoch7_fundus_project,,,,,,unresolved,0,,,{},Evidence is too generic to assign an application.,https://github.com/github/dmca/blob/master/2026/04/2026-04-01-uk-biobank.md; https://raw.githubusercontent.com/joshoch7/fundus_project/b4ffac84935c62ad0d40580ca42a42e8167cd46e/data/trimmed_master.txt; https://github.com/joshoch7/fundus_project; https://github.com/github/dmca/blob/master/2026/04/2026-04-01-uk-biobank.md; https://raw.githubusercontent.com/joshoch7/fundus_project/b4ffac84935c62ad0d40580ca42a42e8167cd46e/data/fundus_phenotypes.csv; https://github.com/joshoch7/fundus_project; https://github.com/github/dmca/blob/master/2026/04/2026-04-01-uk-biobank.md; https://raw.githubusercontent.com/joshoch7/fundus_project/b4ffac84935c62ad0d40580ca42a42e8167cd46e/data/left_eye_filenames.txt; https://github.com/joshoch7/fundus_project,true
lineage_jovalle_golangbooks,,,,,,unresolved,0,,,{},Evidence is too generic to assign an application.,https://github.com/github/dmca/blob/master/2025/05/2025-05-29-packt.md; https://github.com/jovalle/GoLangBooks,true
lineage_jrtg1988_jetbrainspatchkeygen,,,,,,unresolved,0,,,{},Evidence is too generic to assign an application.,https://github.com/github/dmca/blob/master/2015/2015-07-06-jetbrains.md; https://github.com/jrtg1988/JetbrainsPatchKeygen,true
lineage_jsiegel-supplyframe_golangbooks,,,,,,unresolved,0,,,{},Evidence is too generic to assign an application.,https://github.com/github/dmca/blob/master/2025/05/2025-05-29-packt.md; https://github.com/jsiegel-supplyframe/GoLangBooks,true
lineage_jtkblue_yang,,,,,,unresolved,0,,,{},Evidence is too generic to assign an application.,https://github.com/github/dmca/blob/master/2023/10/2023-10-12-discord.md; https://github.com/jtkblue/YANG,true
lineage_jtryan_jetbrainspatchkeygen,,,,,,unresolved,0,,,{},Evidence is too generic to assign an application.,https://github.com/github/dmca/blob/master/2015/2015-07-06-jetbrains.md; https://github.com/jtryan/JetbrainsPatchKeygen,true
lineage_jujiaokang_biomarkers,,,,,,unresolved,0,,,{},Evidence is too generic to assign an application.,https://github.com/github/dmca/blob/master/2025/08/2025-08-22-uk-biobank.md; https://github.com/JujiaoKang/biomarkers/blob/1c0da07a271784cdcb890e5a7e4a97f03547e82b/clumping/clumped/GLOBAL_Alanine_aminotransferase.hh; https://github.com/JujiaoKang/biomarkers; https://github.com/github/dmca/blob/master/2025/08/2025-08-22-uk-biobank.md; https://github.com/JujiaoKang/biomarkers/blob/1c0da07a271784cdcb890e5a7e4a97f03547e82b/clumping/clumped/GLOBAL_Albumin.hh; https://github.com/JujiaoKang/biomarkers; https://github.com/github/dmca/blob/master/2025/08/2025-08-22-uk-biobank.md; https://github.com/JujiaoKang/biomarkers/blob/1c0da07a271784cdcb890e5a7e4a97f03547e82b/clumping/clumped/GLOBAL_Alkaline_phosphatase.hh; https://github.com/JujiaoKang/biomarkers; https://github.com/github/dmca/blob/master/2025/08/2025-08-22-uk-biobank.md; https://github.com/JujiaoKang/biomarkers/blob/1c0da07a271784cdcb890e5a7e4a97f03547e82b/clumping/clumped/GLOBAL_Apolipoprotein_A.hh; https://github.com/JujiaoKang/biomarkers; https://github.com/github/dmca/blob/master/2025/08/2025-08-22-uk-biobank.md; https://github.com/JujiaoKang/biomarkers/blob/1c0da07a271784cdcb890e5a7e4a97f03547e82b/clumping/clumped/GLOBAL_Apolipoprotein_B.hh; https://github.com/JujiaoKang/biomarkers; https://github.com/github/dmca/blob/master/2025/08/2025-08-22-uk-biobank.md; https://github.com/JujiaoKang/biomarkers/blob/1c0da07a271784cdcb890e5a7e4a97f03547e82b/clumping/clumped/GLOBAL_Apolipoprotein_B_adjstatins.hh; https://github.com/JujiaoKang/biomarkers; https://github.com/github/dmca/blob/master/2025/08/2025-08-22-uk-biobank.md; https://github.com/JujiaoKang/biomarkers/blob/1c0da07a271784cdcb890e5a7e4a97f03547e82b/clumping/clumped/GLOBAL_Aspartate_aminotransferase.hh; https://github.com/JujiaoKang/biomarkers; https://github.com/github/dmca/blob/master/2025/08/2025-08-22-uk-biobank.md; https://github.com/JujiaoKang/biomarkers/blob/1c0da07a271784cdcb890e5a7e4a97f03547e82b/clumping/clumped/GLOBAL_AST_ALT_ratio.hh; https://github.com/JujiaoKang/biomarkers; https://github.com/github/dmca/blob/master/2025/08/2025-08-22-uk-biobank.md; https://github.com/JujiaoKang/biomarkers/blob/1c0da07a271784cdcb890e5a7e4a97f03547e82b/clumping/clumped/GLOBAL_C_reactive_protein.hh; https://github.com/JujiaoKang/biomarkers; https://github.com/github/dmca/blob/master/2025/08/2025-08-22-uk-biobank.md; https://github.com/JujiaoKang/biomarkers/blob/1c0da07a271784cdcb890e5a7e4a97f03547e82b/clumping/clumped/GLOBAL_Calcium.hh; https://github.com/JujiaoKang/biomarkers; https://github.com/github/dmca/blob/master/2025/08/2025-08-22-uk-biobank.md; https://github.com/JujiaoKang/biomarkers/blob/1c0da07a271784cdcb890e5a7e4a97f03547e82b/clumping/clumped/GLOBAL_Cholesterol.hh; https://github.com/JujiaoKang/biomarkers; https://github.com/github/dmca/blob/master/2025/08/2025-08-22-uk-biobank.md; https://github.com/JujiaoKang/biomarkers/blob/1c0da07a271784cdcb890e5a7e4a97f03547e82b/clumping/clumped/GLOBAL_Cholesterol_adjstatins.hh; https://github.com/JujiaoKang/biomarkers; https://github.com/github/dmca/blob/master/2025/08/2025-08-22-uk-biobank.md; https://github.com/JujiaoKang/biomarkers/blob/1c0da07a271784cdcb890e5a7e4a97f03547e82b/clumping/clumped/GLOBAL_Creatinine.hh; https://github.com/JujiaoKang/biomarkers; https://github.com/github/dmca/blob/master/2025/08/2025-08-22-uk-biobank.md; https://github.com/JujiaoKang/biomarkers/blob/1c0da07a271784cdcb890e5a7e4a97f03547e82b/clumping/clumped/GLOBAL_Creatinine_in_urine.hh; https://github.com/JujiaoKang/biomarkers; https://github.com/github/dmca/blob/master/2025/08/2025-08-22-uk-biobank.md; https://github.com/JujiaoKang/biomarkers/blob/1c0da07a271784cdcb890e5a7e4a97f03547e82b/clumping/clumped/GLOBAL_Cystatin_C.hh; https://github.com/JujiaoKang/biomarkers; https://github.com/github/dmca/blob/master/2025/08/2025-08-22-uk-biobank.md; https://github.com/JujiaoKang/biomarkers/blob/1c0da07a271784cdcb890e5a7e4a97f03547e82b/clumping/clumped/GLOBAL_Direct_bilirubin.hh; https://github.com/JujiaoKang/biomarkers; https://github.com/github/dmca/blob/master/2025/08/2025-08-22-uk-biobank.md; https://github.com/JujiaoKang/biomarkers/blob/1c0da07a271784cdcb890e5a7e4a97f03547e82b/clumping/clumped/GLOBAL_eGFR.hh; https://github.com/JujiaoKang/biomarkers; https://github.com/github/dmca/blob/master/2025/08/2025-08-22-uk-biobank.md; https://github.com/JujiaoKang/biomarkers/blob/1c0da07a271784cdcb890e5a7e4a97f03547e82b/clumping/clumped/GLOBAL_Fasting_glucose.hh; https://github.com/JujiaoKang/biomarkers; https://github.com/github/dmca/blob/master/2025/08/2025-08-22-uk-biobank.md; https://github.com/JujiaoKang/biomarkers/blob/1c0da07a271784cdcb890e5a7e4a97f03547e82b/clumping/clumped/GLOBAL_Gamma_glutamyltransferase.hh; https://github.com/JujiaoKang/biomarkers; https://github.com/github/dmca/blob/master/2025/08/2025-08-22-uk-biobank.md; https://github.com/JujiaoKang/biomarkers/blob/1c0da07a271784cdcb890e5a7e4a97f03547e82b/clumping/clumped/GLOBAL_Glucose.hh; https://github.com/JujiaoKang/biomarkers; https://github.com/github/dmca/blob/master/2025/08/2025-08-22-uk-biobank.md; https://github.com/JujiaoKang/biomarkers/blob/1c0da07a271784cdcb890e5a7e4a97f03547e82b/clumping/clumped/GLOBAL_Glycated_haemoglobin_HbA1c.hh; https://github.com/JujiaoKang/biomarkers; https://github.com/github/dmca/blob/master/2025/08/2025-08-22-uk-biobank.md; https://github.com/JujiaoKang/biomarkers/blob/1c0da07a271784cdcb890e5a7e4a97f03547e82b/clumping/clumped/GLOBAL_HbA1c.hh; https://github.com/JujiaoKang/biomarkers; https://github.com/github/dmca/blob/master/2025/08/2025-08-22-uk-biobank.md; https://github.com/JujiaoKang/biomarkers/blob/1c0da07a271784cdcb890e5a7e4a97f03547e82b/clumping/clumped/GLOBAL_HDL.hh; https://github.com/JujiaoKang/biomarkers; https://github.com/github/dmca/blob/master/2025/08/2025-08-22-uk-biobank.md; https://github.com/JujiaoKang/biomarkers/blob/1c0da07a271784cdcb890e5a7e4a97f03547e82b/clumping/clumped/GLOBAL_HDL_cholesterol.hh; https://github.com/JujiaoKang/biomarkers; https://github.com/github/dmca/blob/master/2025/08/2025-08-22-uk-biobank.md; https://github.com/JujiaoKang/biomarkers/blob/1c0da07a271784cdcb890e5a7e4a97f03547e82b/clumping/clumped/GLOBAL_IGF_1.hh; https://github.com/JujiaoKang/biomarkers; https://github.com/github/dmca/blob/master/2025/08/2025-08-22-uk-biobank.md; https://github.com/JujiaoKang/biomarkers/blob/1c0da07a271784cdcb890e5a7e4a97f03547e82b/clumping/clumped/GLOBAL_LDL.hh; https://github.com/JujiaoKang/biomarkers; https://github.com/github/dmca/blob/master/2025/08/2025-08-22-uk-biobank.md; https://github.com/JujiaoKang/biomarkers/blob/1c0da07a271784cdcb890e5a7e4a97f03547e82b/clumping/clumped/GLOBAL_LDL_adjstatins.hh; https://github.com/JujiaoKang/biomarkers; https://github.com/github/dmca/blob/master/2025/08/2025-08-22-uk-biobank.md; https://github.com/JujiaoKang/biomarkers/blob/1c0da07a271784cdcb890e5a7e4a97f03547e82b/clumping/clumped/GLOBAL_LDL_direct.hh; https://github.com/JujiaoKang/biomarkers; https://github.com/github/dmca/blob/master/2025/08/2025-08-22-uk-biobank.md; https://github.com/JujiaoKang/biomarkers/blob/1c0da07a271784cdcb890e5a7e4a97f03547e82b/clumping/clumped/GLOBAL_LDL_direct_adjstatins.hh; https://github.com/JujiaoKang/biomarkers; https://github.com/github/dmca/blob/master/2025/08/2025-08-22-uk-biobank.md; https://github.com/JujiaoKang/biomarkers/blob/1c0da07a271784cdcb890e5a7e4a97f03547e82b/clumping/clumped/GLOBAL_Lipoprotein_A.hh; https://github.com/JujiaoKang/biomarkers; https://github.com/github/dmca/blob/master/2025/08/2025-08-22-uk-biobank.md; https://github.com/JujiaoKang/biomarkers/blob/1c0da07a271784cdcb890e5a7e4a97f03547e82b/clumping/clumped/GLOBAL_Microalbumin_in_urine.hh; https://github.com/JujiaoKang/biomarkers; https://github.com/github/dmca/blob/master/2025/08/2025-08-22-uk-biobank.md; https://github.com/JujiaoKang/biomarkers/blob/1c0da07a271784cdcb890e5a7e4a97f03547e82b/clumping/clumped/GLOBAL_Non_albumin_protein.hh; https://github.com/JujiaoKang/biomarkers; https://github.com/github/dmca/blob/master/2025/08/2025-08-22-uk-biobank.md; https://github.com/JujiaoKang/biomarkers/blob/1c0da07a271784cdcb890e5a7e4a97f03547e82b/clumping/clumped/GLOBAL_Oestradiol.hh; https://github.com/JujiaoKang/biomarkers; https://github.com/github/dmca/blob/master/2025/08/2025-08-22-uk-biobank.md; https://github.com/JujiaoKang/biomarkers/blob/1c0da07a271784cdcb890e5a7e4a97f03547e82b/clumping/clumped/GLOBAL_Phosphate.hh; https://github.com/JujiaoKang/biomarkers; https://github.com/github/dmca/blob/master/2025/08/2025-08-22-uk-biobank.md; https://github.com/JujiaoKang/biomarkers/blob/1c0da07a271784cdcb890e5a7e4a97f03547e82b/clumping/clumped/GLOBAL_Potassium_in_urine.hh; https://github.com/JujiaoKang/biomarkers; https://github.com/github/dmca/blob/master/2025/08/2025-08-22-uk-biobank.md; https://github.com/JujiaoKang/biomarkers/blob/1c0da07a271784cdcb890e5a7e4a97f03547e82b/clumping/clumped/GLOBAL_Rheumatoid_factor.hh; https://github.com/JujiaoKang/biomarkers; https://github.com/github/dmca/blob/master/2025/08/2025-08-22-uk-biobank.md; https://github.com/JujiaoKang/biomarkers/blob/1c0da07a271784cdcb890e5a7e4a97f03547e82b/clumping/clumped/GLOBAL_SHBG.hh; https://github.com/JujiaoKang/biomarkers; https://github.com/github/dmca/blob/master/2025/08/2025-08-22-uk-biobank.md; https://github.com/JujiaoKang/biomarkers/blob/1c0da07a271784cdcb890e5a7e4a97f03547e82b/clumping/clumped/GLOBAL_Sodium_in_urine.hh; https://github.com/JujiaoKang/biomarkers; https://github.com/github/dmca/blob/master/2025/08/2025-08-22-uk-biobank.md; https://github.com/JujiaoKang/biomarkers/blob/1c0da07a271784cdcb890e5a7e4a97f03547e82b/clumping/clumped/GLOBAL_Testosterone.hh; https://github.com/JujiaoKang/biomarkers; https://github.com/github/dmca/blob/master/2025/08/2025-08-22-uk-biobank.md; https://github.com/JujiaoKang/biomarkers/blob/1c0da07a271784cdcb890e5a7e4a97f03547e82b/clumping/clumped/GLOBAL_Total_bilirubin.hh; https://github.com/JujiaoKang/biomarkers; https://github.com/github/dmca/blob/master/2025/08/2025-08-22-uk-biobank.md; https://github.com/JujiaoKang/biomarkers/blob/1c0da07a271784cdcb890e5a7e4a97f03547e82b/clumping/clumped/GLOBAL_Total_protein.hh; https://github.com/JujiaoKang/biomarkers; https://github.com/github/dmca/blob/master/2025/08/2025-08-22-uk-biobank.md; https://github.com/JujiaoKang/biomarkers/blob/1c0da07a271784cdcb890e5a7e4a97f03547e82b/clumping/clumped/GLOBAL_Triglycerides.hh; https://github.com/JujiaoKang/biomarkers; https://github.com/github/dmca/blob/master/2025/08/2025-08-22-uk-biobank.md; https://github.com/JujiaoKang/biomarkers/blob/1c0da07a271784cdcb890e5a7e4a97f03547e82b/clumping/clumped/GLOBAL_Urate.hh; https://github.com/JujiaoKang/biomarkers; https://github.com/github/dmca/blob/master/2025/08/2025-08-22-uk-biobank.md; https://github.com/JujiaoKang/biomarkers/blob/1c0da07a271784cdcb890e5a7e4a97f03547e82b/clumping/clumped/GLOBAL_Urea.hh; https://github.com/JujiaoKang/biomarkers; https://github.com/github/dmca/blob/master/2025/08/2025-08-22-uk-biobank.md; https://github.com/JujiaoKang/biomarkers/blob/1c0da07a271784cdcb890e5a7e4a97f03547e82b/clumping/clumped/GLOBAL_Vitamin_D.hh; https://github.com/JujiaoKang/biomarkers,true
lineage_julyfish711_biomarkers,,,,,,unresolved,0,,,{},Evidence is too generic to assign an application.,https://github.com/github/dmca/blob/master/2025/08/2025-08-22-uk-biobank.md; https://github.com/julyfish711/biomarkers/blob/1c0da07a271784cdcb890e5a7e4a97f03547e82b/clumping/clumped/GLOBAL_Alanine_aminotransferase.hh; https://github.com/julyfish711/biomarkers; https://github.com/github/dmca/blob/master/2025/08/2025-08-22-uk-biobank.md; https://github.com/julyfish711/biomarkers/blob/1c0da07a271784cdcb890e5a7e4a97f03547e82b/clumping/clumped/GLOBAL_Albumin.hh; https://github.com/julyfish711/biomarkers; https://github.com/github/dmca/blob/master/2025/08/2025-08-22-uk-biobank.md; https://github.com/julyfish711/biomarkers/blob/1c0da07a271784cdcb890e5a7e4a97f03547e82b/clumping/clumped/GLOBAL_Alkaline_phosphatase.hh; https://github.com/julyfish711/biomarkers; https://github.com/github/dmca/blob/master/2025/08/2025-08-22-uk-biobank.md; https://github.com/julyfish711/biomarkers/blob/1c0da07a271784cdcb890e5a7e4a97f03547e82b/clumping/clumped/GLOBAL_Apolipoprotein_A.hh; https://github.com/julyfish711/biomarkers; https://github.com/github/dmca/blob/master/2025/08/2025-08-22-uk-biobank.md; https://github.com/julyfish711/biomarkers/blob/1c0da07a271784cdcb890e5a7e4a97f03547e82b/clumping/clumped/GLOBAL_Apolipoprotein_B.hh; https://github.com/julyfish711/biomarkers; https://github.com/github/dmca/blob/master/2025/08/2025-08-22-uk-biobank.md; https://github.com/julyfish711/biomarkers/blob/1c0da07a271784cdcb890e5a7e4a97f03547e82b/clumping/clumped/GLOBAL_Apolipoprotein_B_adjstatins.hh; https://github.com/julyfish711/biomarkers; https://github.com/github/dmca/blob/master/2025/08/2025-08-22-uk-biobank.md; https://github.com/julyfish711/biomarkers/blob/1c0da07a271784cdcb890e5a7e4a97f03547e82b/clumping/clumped/GLOBAL_Aspartate_aminotransferase.hh; https://github.com/julyfish711/biomarkers; https://github.com/github/dmca/blob/master/2025/08/2025-08-22-uk-biobank.md; https://github.com/julyfish711/biomarkers/blob/1c0da07a271784cdcb890e5a7e4a97f03547e82b/clumping/clumped/GLOBAL_AST_ALT_ratio.hh; https://github.com/julyfish711/biomarkers; https://github.com/github/dmca/blob/master/2025/08/2025-08-22-uk-biobank.md; https://github.com/julyfish711/biomarkers/blob/1c0da07a271784cdcb890e5a7e4a97f03547e82b/clumping/clumped/GLOBAL_C_reactive_protein.hh; https://github.com/julyfish711/biomarkers; https://github.com/github/dmca/blob/master/2025/08/2025-08-22-uk-biobank.md; https://github.com/julyfish711/biomarkers/blob/1c0da07a271784cdcb890e5a7e4a97f03547e82b/clumping/clumped/GLOBAL_Calcium.hh; https://github.com/julyfish711/biomarkers; https://github.com/github/dmca/blob/master/2025/08/2025-08-22-uk-biobank.md; https://github.com/julyfish711/biomarkers/blob/1c0da07a271784cdcb890e5a7e4a97f03547e82b/clumping/clumped/GLOBAL_Cholesterol.hh; https://github.com/julyfish711/biomarkers; https://github.com/github/dmca/blob/master/2025/08/2025-08-22-uk-biobank.md; https://github.com/julyfish711/biomarkers/blob/1c0da07a271784cdcb890e5a7e4a97f03547e82b/clumping/clumped/GLOBAL_Cholesterol_adjstatins.hh; https://github.com/julyfish711/biomarkers; https://github.com/github/dmca/blob/master/2025/08/2025-08-22-uk-biobank.md; https://github.com/julyfish711/biomarkers/blob/1c0da07a271784cdcb890e5a7e4a97f03547e82b/clumping/clumped/GLOBAL_Creatinine.hh; https://github.com/julyfish711/biomarkers; https://github.com/github/dmca/blob/master/2025/08/2025-08-22-uk-biobank.md; https://github.com/julyfish711/biomarkers/blob/1c0da07a271784cdcb890e5a7e4a97f03547e82b/clumping/clumped/GLOBAL_Creatinine_in_urine.hh; https://github.com/julyfish711/biomarkers; https://github.com/github/dmca/blob/master/2025/08/2025-08-22-uk-biobank.md; https://github.com/julyfish711/biomarkers/blob/1c0da07a271784cdcb890e5a7e4a97f03547e82b/clumping/clumped/GLOBAL_Cystatin_C.hh; https://github.com/julyfish711/biomarkers; https://github.com/github/dmca/blob/master/2025/08/2025-08-22-uk-biobank.md; https://github.com/julyfish711/biomarkers/blob/1c0da07a271784cdcb890e5a7e4a97f03547e82b/clumping/clumped/GLOBAL_Direct_bilirubin.hh; https://github.com/julyfish711/biomarkers; https://github.com/github/dmca/blob/master/2025/08/2025-08-22-uk-biobank.md; https://github.com/julyfish711/biomarkers/blob/1c0da07a271784cdcb890e5a7e4a97f03547e82b/clumping/clumped/GLOBAL_eGFR.hh; https://github.com/julyfish711/biomarkers; https://github.com/github/dmca/blob/master/2025/08/2025-08-22-uk-biobank.md; https://github.com/julyfish711/biomarkers/blob/1c0da07a271784cdcb890e5a7e4a97f03547e82b/clumping/clumped/GLOBAL_Fasting_glucose.hh; https://github.com/julyfish711/biomarkers; https://github.com/github/dmca/blob/master/2025/08/2025-08-22-uk-biobank.md; https://github.com/julyfish711/biomarkers/blob/1c0da07a271784cdcb890e5a7e4a97f03547e82b/clumping/clumped/GLOBAL_Gamma_glutamyltransferase.hh; https://github.com/julyfish711/biomarkers; https://github.com/github/dmca/blob/master/2025/08/2025-08-22-uk-biobank.md; https://github.com/julyfish711/biomarkers/blob/1c0da07a271784cdcb890e5a7e4a97f03547e82b/clumping/clumped/GLOBAL_Glucose.hh; https://github.com/julyfish711/biomarkers; https://github.com/github/dmca/blob/master/2025/08/2025-08-22-uk-biobank.md; https://github.com/julyfish711/biomarkers/blob/1c0da07a271784cdcb890e5a7e4a97f03547e82b/clumping/clumped/GLOBAL_Glycated_haemoglobin_HbA1c.hh; https://github.com/julyfish711/biomarkers; https://github.com/github/dmca/blob/master/2025/08/2025-08-22-uk-biobank.md; https://github.com/julyfish711/biomarkers/blob/1c0da07a271784cdcb890e5a7e4a97f03547e82b/clumping/clumped/GLOBAL_HbA1c.hh; https://github.com/julyfish711/biomarkers; https://github.com/github/dmca/blob/master/2025/08/2025-08-22-uk-biobank.md; https://github.com/julyfish711/biomarkers/blob/1c0da07a271784cdcb890e5a7e4a97f03547e82b/clumping/clumped/GLOBAL_HDL.hh; https://github.com/julyfish711/biomarkers; https://github.com/github/dmca/blob/master/2025/08/2025-08-22-uk-biobank.md; https://github.com/julyfish711/biomarkers/blob/1c0da07a271784cdcb890e5a7e4a97f03547e82b/clumping/clumped/GLOBAL_HDL_cholesterol.hh; https://github.com/julyfish711/biomarkers; https://github.com/github/dmca/blob/master/2025/08/2025-08-22-uk-biobank.md; https://github.com/julyfish711/biomarkers/blob/1c0da07a271784cdcb890e5a7e4a97f03547e82b/clumping/clumped/GLOBAL_IGF_1.hh; https://github.com/julyfish711/biomarkers; https://github.com/github/dmca/blob/master/2025/08/2025-08-22-uk-biobank.md; https://github.com/julyfish711/biomarkers/blob/1c0da07a271784cdcb890e5a7e4a97f03547e82b/clumping/clumped/GLOBAL_LDL.hh; https://github.com/julyfish711/biomarkers; https://github.com/github/dmca/blob/master/2025/08/2025-08-22-uk-biobank.md; https://github.com/julyfish711/biomarkers/blob/1c0da07a271784cdcb890e5a7e4a97f03547e82b/clumping/clumped/GLOBAL_LDL_adjstatins.hh; https://github.com/julyfish711/biomarkers; https://github.com/github/dmca/blob/master/2025/08/2025-08-22-uk-biobank.md; https://github.com/julyfish711/biomarkers/blob/1c0da07a271784cdcb890e5a7e4a97f03547e82b/clumping/clumped/GLOBAL_LDL_direct.hh; https://github.com/julyfish711/biomarkers; https://github.com/github/dmca/blob/master/2025/08/2025-08-22-uk-biobank.md; https://github.com/julyfish711/biomarkers/blob/1c0da07a271784cdcb890e5a7e4a97f03547e82b/clumping/clumped/GLOBAL_LDL_direct_adjstatins.hh; https://github.com/julyfish711/biomarkers; https://github.com/github/dmca/blob/master/2025/08/2025-08-22-uk-biobank.md; https://github.com/julyfish711/biomarkers/blob/1c0da07a271784cdcb890e5a7e4a97f03547e82b/clumping/clumped/GLOBAL_Lipoprotein_A.hh; https://github.com/julyfish711/biomarkers; https://github.com/github/dmca/blob/master/2025/08/2025-08-22-uk-biobank.md; https://github.com/julyfish711/biomarkers/blob/1c0da07a271784cdcb890e5a7e4a97f03547e82b/clumping/clumped/GLOBAL_Microalbumin_in_urine.hh; https://github.com/julyfish711/biomarkers; https://github.com/github/dmca/blob/master/2025/08/2025-08-22-uk-biobank.md; https://github.com/julyfish711/biomarkers/blob/1c0da07a271784cdcb890e5a7e4a97f03547e82b/clumping/clumped/GLOBAL_Non_albumin_protein.hh; https://github.com/julyfish711/biomarkers; https://github.com/github/dmca/blob/master/2025/08/2025-08-22-uk-biobank.md; https://github.com/julyfish711/biomarkers/blob/1c0da07a271784cdcb890e5a7e4a97f03547e82b/clumping/clumped/GLOBAL_Oestradiol.hh; https://github.com/julyfish711/biomarkers; https://github.com/github/dmca/blob/master/2025/08/2025-08-22-uk-biobank.md; https://github.com/julyfish711/biomarkers/blob/1c0da07a271784cdcb890e5a7e4a97f03547e82b/clumping/clumped/GLOBAL_Phosphate.hh; https://github.com/julyfish711/biomarkers; https://github.com/github/dmca/blob/master/2025/08/2025-08-22-uk-biobank.md; https://github.com/julyfish711/biomarkers/blob/1c0da07a271784cdcb890e5a7e4a97f03547e82b/clumping/clumped/GLOBAL_Potassium_in_urine.hh; https://github.com/julyfish711/biomarkers; https://github.com/github/dmca/blob/master/2025/08/2025-08-22-uk-biobank.md; https://github.com/julyfish711/biomarkers/blob/1c0da07a271784cdcb890e5a7e4a97f03547e82b/clumping/clumped/GLOBAL_Rheumatoid_factor.hh; https://github.com/julyfish711/biomarkers; https://github.com/github/dmca/blob/master/2025/08/2025-08-22-uk-biobank.md; https://github.com/julyfish711/biomarkers/blob/1c0da07a271784cdcb890e5a7e4a97f03547e82b/clumping/clumped/GLOBAL_SHBG.hh; https://github.com/julyfish711/biomarkers; https://github.com/github/dmca/blob/master/2025/08/2025-08-22-uk-biobank.md; https://github.com/julyfish711/biomarkers/blob/1c0da07a271784cdcb890e5a7e4a97f03547e82b/clumping/clumped/GLOBAL_Sodium_in_urine.hh; https://github.com/julyfish711/biomarkers; https://github.com/github/dmca/blob/master/2025/08/2025-08-22-uk-biobank.md; https://github.com/julyfish711/biomarkers/blob/1c0da07a271784cdcb890e5a7e4a97f03547e82b/clumping/clumped/GLOBAL_Testosterone.hh; https://github.com/julyfish711/biomarkers; https://github.com/github/dmca/blob/master/2025/08/2025-08-22-uk-biobank.md; https://github.com/julyfish711/biomarkers/blob/1c0da07a271784cdcb890e5a7e4a97f03547e82b/clumping/clumped/GLOBAL_Total_bilirubin.hh; https://github.com/julyfish711/biomarkers; https://github.com/github/dmca/blob/master/2025/08/2025-08-22-uk-biobank.md; https://github.com/julyfish711/biomarkers/blob/1c0da07a271784cdcb890e5a7e4a97f03547e82b/clumping/clumped/GLOBAL_Total_protein.hh; https://github.com/julyfish711/biomarkers; https://github.com/github/dmca/blob/master/2025/08/2025-08-22-uk-biobank.md; https://github.com/julyfish711/biomarkers/blob/1c0da07a271784cdcb890e5a7e4a97f03547e82b/clumping/clumped/GLOBAL_Triglycerides.hh; https://github.com/julyfish711/biomarkers; https://github.com/github/dmca/blob/master/2025/08/2025-08-22-uk-biobank.md; https://github.com/julyfish711/biomarkers/blob/1c0da07a271784cdcb890e5a7e4a97f03547e82b/clumping/clumped/GLOBAL_Urate.hh; https://github.com/julyfish711/biomarkers; https://github.com/github/dmca/blob/master/2025/08/2025-08-22-uk-biobank.md; https://github.com/julyfish711/biomarkers/blob/1c0da07a271784cdcb890e5a7e4a97f03547e82b/clumping/clumped/GLOBAL_Urea.hh; https://github.com/julyfish711/biomarkers; https://github.com/github/dmca/blob/master/2025/08/2025-08-22-uk-biobank.md; https://github.com/julyfish711/biomarkers/blob/1c0da07a271784cdcb890e5a7e4a97f03547e82b/clumping/clumped/GLOBAL_Vitamin_D.hh; https://github.com/julyfish711/biomarkers,true
lineage_jumaniyozov_golangbooks,,,,,,unresolved,0,,,{},Evidence is too generic to assign an application.,https://github.com/github/dmca/blob/master/2025/05/2025-05-29-packt.md; https://github.com/Jumaniyozov/GoLangBooks,true
lineage_junnh_ukbb,,,,,,unresolved,0,,,{},Evidence is too generic to assign an application.,https://github.com/github/dmca/blob/master/2025/12/2025-12-08-uk-biobank-2.md; https://github.com/Junnh/UKBB/blob/451f1c2e5bd601434e1c9da8650b00b157146645/gp_preprocessing.py; https://github.com/Junnh/UKBB; https://github.com/github/dmca/blob/master/2025/12/2025-12-08-uk-biobank-2.md; https://github.com/Junnh/UKBB/blob/b2b09701496d68a521fef00b067569c15410508a/gp_preprocessing%20(1; https://github.com/Junnh/UKBB; https://github.com/github/dmca/blob/master/2025/12/2025-12-08-uk-biobank-2.md; https://github.com/Junnh/UKBB/blob/aa59838557dea4c2bd3b76ceb9457777675ac4bc/gp_clinical_preprocessing.py; https://github.com/Junnh/UKBB; https://github.com/github/dmca/blob/master/2025/12/2025-12-08-uk-biobank-2.md; https://github.com/Junnh/UKBB/blob/df3838355fca6a5e8c35550a55e8e87154cbd714/make_col_server_allcomp.py; https://github.com/Junnh/UKBB; https://github.com/github/dmca/blob/master/2025/12/2025-12-08-uk-biobank-2.md; https://github.com/Junnh/UKBB/blob/8a8f7aaa2915f6057cbd752bbc8531bda1c29eda/make_col_allcomp.py; https://github.com/Junnh/UKBB; https://github.com/github/dmca/blob/master/2025/12/2025-12-08-uk-biobank-2.md; https://github.com/Junnh/UKBB/blob/6de0602dd24396b589da8e56d09d2b9dad9d5fb3/make_col.py; https://github.com/Junnh/UKBB,true
lineage_jxs1211_golangbooks,,,,,,unresolved,0,,,{},Evidence is too generic to assign an application.,https://github.com/github/dmca/blob/master/2025/05/2025-05-29-packt.md; https://github.com/jxs1211/GoLangBooks,true
lineage_k-zhangfengwei_biomarkers_beautfig,,,,,,unresolved,0,,,{},Evidence is too generic to assign an application.,https://github.com/github/dmca/blob/master/2025/08/2025-08-22-uk-biobank.md; https://github.com/K-zhangfengwei/biomarkers_beautfig/blob/1c0da07a271784cdcb890e5a7e4a97f03547e82b/clumping/clumped/GLOBAL_Alanine_aminotransferase.hh; https://github.com/K-zhangfengwei/biomarkers_beautfig; https://github.com/github/dmca/blob/master/2025/08/2025-08-22-uk-biobank.md; https://github.com/K-zhangfengwei/biomarkers_beautfig/blob/1c0da07a271784cdcb890e5a7e4a97f03547e82b/clumping/clumped/GLOBAL_Albumin.hh; https://github.com/K-zhangfengwei/biomarkers_beautfig; https://github.com/github/dmca/blob/master/2025/08/2025-08-22-uk-biobank.md; https://github.com/K-zhangfengwei/biomarkers_beautfig/blob/1c0da07a271784cdcb890e5a7e4a97f03547e82b/clumping/clumped/GLOBAL_Alkaline_phosphatase.hh; https://github.com/K-zhangfengwei/biomarkers_beautfig; https://github.com/github/dmca/blob/master/2025/08/2025-08-22-uk-biobank.md; https://github.com/K-zhangfengwei/biomarkers_beautfig/blob/1c0da07a271784cdcb890e5a7e4a97f03547e82b/clumping/clumped/GLOBAL_Apolipoprotein_A.hh; https://github.com/K-zhangfengwei/biomarkers_beautfig; https://github.com/github/dmca/blob/master/2025/08/2025-08-22-uk-biobank.md; https://github.com/K-zhangfengwei/biomarkers_beautfig/blob/1c0da07a271784cdcb890e5a7e4a97f03547e82b/clumping/clumped/GLOBAL_Apolipoprotein_B.hh; https://github.com/K-zhangfengwei/biomarkers_beautfig; https://github.com/github/dmca/blob/master/2025/08/2025-08-22-uk-biobank.md; https://github.com/K-zhangfengwei/biomarkers_beautfig/blob/1c0da07a271784cdcb890e5a7e4a97f03547e82b/clumping/clumped/GLOBAL_Apolipoprotein_B_adjstatins.hh; https://github.com/K-zhangfengwei/biomarkers_beautfig; https://github.com/github/dmca/blob/master/2025/08/2025-08-22-uk-biobank.md; https://github.com/K-zhangfengwei/biomarkers_beautfig/blob/1c0da07a271784cdcb890e5a7e4a97f03547e82b/clumping/clumped/GLOBAL_Aspartate_aminotransferase.hh; https://github.com/K-zhangfengwei/biomarkers_beautfig; https://github.com/github/dmca/blob/master/2025/08/2025-08-22-uk-biobank.md; https://github.com/K-zhangfengwei/biomarkers_beautfig/blob/1c0da07a271784cdcb890e5a7e4a97f03547e82b/clumping/clumped/GLOBAL_AST_ALT_ratio.hh; https://github.com/K-zhangfengwei/biomarkers_beautfig; https://github.com/github/dmca/blob/master/2025/08/2025-08-22-uk-biobank.md; https://github.com/K-zhangfengwei/biomarkers_beautfig/blob/1c0da07a271784cdcb890e5a7e4a97f03547e82b/clumping/clumped/GLOBAL_C_reactive_protein.hh; https://github.com/K-zhangfengwei/biomarkers_beautfig; https://github.com/github/dmca/blob/master/2025/08/2025-08-22-uk-biobank.md; https://github.com/K-zhangfengwei/biomarkers_beautfig/blob/1c0da07a271784cdcb890e5a7e4a97f03547e82b/clumping/clumped/GLOBAL_Calcium.hh; https://github.com/K-zhangfengwei/biomarkers_beautfig; https://github.com/github/dmca/blob/master/2025/08/2025-08-22-uk-biobank.md; https://github.com/K-zhangfengwei/biomarkers_beautfig/blob/1c0da07a271784cdcb890e5a7e4a97f03547e82b/clumping/clumped/GLOBAL_Cholesterol.hh; https://github.com/K-zhangfengwei/biomarkers_beautfig; https://github.com/github/dmca/blob/master/2025/08/2025-08-22-uk-biobank.md; https://github.com/K-zhangfengwei/biomarkers_beautfig/blob/1c0da07a271784cdcb890e5a7e4a97f03547e82b/clumping/clumped/GLOBAL_Cholesterol_adjstatins.hh; https://github.com/K-zhangfengwei/biomarkers_beautfig; https://github.com/github/dmca/blob/master/2025/08/2025-08-22-uk-biobank.md; https://github.com/K-zhangfengwei/biomarkers_beautfig/blob/1c0da07a271784cdcb890e5a7e4a97f03547e82b/clumping/clumped/GLOBAL_Creatinine.hh; https://github.com/K-zhangfengwei/biomarkers_beautfig; https://github.com/github/dmca/blob/master/2025/08/2025-08-22-uk-biobank.md; https://github.com/K-zhangfengwei/biomarkers_beautfig/blob/1c0da07a271784cdcb890e5a7e4a97f03547e82b/clumping/clumped/GLOBAL_Creatinine_in_urine.hh; https://github.com/K-zhangfengwei/biomarkers_beautfig; https://github.com/github/dmca/blob/master/2025/08/2025-08-22-uk-biobank.md; https://github.com/K-zhangfengwei/biomarkers_beautfig/blob/1c0da07a271784cdcb890e5a7e4a97f03547e82b/clumping/clumped/GLOBAL_Cystatin_C.hh; https://github.com/K-zhangfengwei/biomarkers_beautfig; https://github.com/github/dmca/blob/master/2025/08/2025-08-22-uk-biobank.md; https://github.com/K-zhangfengwei/biomarkers_beautfig/blob/1c0da07a271784cdcb890e5a7e4a97f03547e82b/clumping/clumped/GLOBAL_Direct_bilirubin.hh; https://github.com/K-zhangfengwei/biomarkers_beautfig; https://github.com/github/dmca/blob/master/2025/08/2025-08-22-uk-biobank.md; https://github.com/K-zhangfengwei/biomarkers_beautfig/blob/1c0da07a271784cdcb890e5a7e4a97f03547e82b/clumping/clumped/GLOBAL_eGFR.hh; https://github.com/K-zhangfengwei/biomarkers_beautfig; https://github.com/github/dmca/blob/master/2025/08/2025-08-22-uk-biobank.md; https://github.com/K-zhangfengwei/biomarkers_beautfig/blob/1c0da07a271784cdcb890e5a7e4a97f03547e82b/clumping/clumped/GLOBAL_Fasting_glucose.hh; https://github.com/K-zhangfengwei/biomarkers_beautfig; https://github.com/github/dmca/blob/master/2025/08/2025-08-22-uk-biobank.md; https://github.com/K-zhangfengwei/biomarkers_beautfig/blob/1c0da07a271784cdcb890e5a7e4a97f03547e82b/clumping/clumped/GLOBAL_Gamma_glutamyltransferase.hh; https://github.com/K-zhangfengwei/biomarkers_beautfig; https://github.com/github/dmca/blob/master/2025/08/2025-08-22-uk-biobank.md; https://github.com/K-zhangfengwei/biomarkers_beautfig/blob/1c0da07a271784cdcb890e5a7e4a97f03547e82b/clumping/clumped/GLOBAL_Glucose.hh; https://github.com/K-zhangfengwei/biomarkers_beautfig; https://github.com/github/dmca/blob/master/2025/08/2025-08-22-uk-biobank.md; https://github.com/K-zhangfengwei/biomarkers_beautfig/blob/1c0da07a271784cdcb890e5a7e4a97f03547e82b/clumping/clumped/GLOBAL_Glycated_haemoglobin_HbA1c.hh; https://github.com/K-zhangfengwei/biomarkers_beautfig; https://github.com/github/dmca/blob/master/2025/08/2025-08-22-uk-biobank.md; https://github.com/K-zhangfengwei/biomarkers_beautfig/blob/1c0da07a271784cdcb890e5a7e4a97f03547e82b/clumping/clumped/GLOBAL_HbA1c.hh; https://github.com/K-zhangfengwei/biomarkers_beautfig; https://github.com/github/dmca/blob/master/2025/08/2025-08-22-uk-biobank.md; https://github.com/K-zhangfengwei/biomarkers_beautfig/blob/1c0da07a271784cdcb890e5a7e4a97f03547e82b/clumping/clumped/GLOBAL_HDL.hh; https://github.com/K-zhangfengwei/biomarkers_beautfig; https://github.com/github/dmca/blob/master/2025/08/2025-08-22-uk-biobank.md; https://github.com/K-zhangfengwei/biomarkers_beautfig/blob/1c0da07a271784cdcb890e5a7e4a97f03547e82b/clumping/clumped/GLOBAL_HDL_cholesterol.hh; https://github.com/K-zhangfengwei/biomarkers_beautfig; https://github.com/github/dmca/blob/master/2025/08/2025-08-22-uk-biobank.md; https://github.com/K-zhangfengwei/biomarkers_beautfig/blob/1c0da07a271784cdcb890e5a7e4a97f03547e82b/clumping/clumped/GLOBAL_IGF_1.hh; https://github.com/K-zhangfengwei/biomarkers_beautfig; https://github.com/github/dmca/blob/master/2025/08/2025-08-22-uk-biobank.md; https://github.com/K-zhangfengwei/biomarkers_beautfig/blob/1c0da07a271784cdcb890e5a7e4a97f03547e82b/clumping/clumped/GLOBAL_LDL.hh; https://github.com/K-zhangfengwei/biomarkers_beautfig; https://github.com/github/dmca/blob/master/2025/08/2025-08-22-uk-biobank.md; https://github.com/K-zhangfengwei/biomarkers_beautfig/blob/1c0da07a271784cdcb890e5a7e4a97f03547e82b/clumping/clumped/GLOBAL_LDL_adjstatins.hh; https://github.com/K-zhangfengwei/biomarkers_beautfig; https://github.com/github/dmca/blob/master/2025/08/2025-08-22-uk-biobank.md; https://github.com/K-zhangfengwei/biomarkers_beautfig/blob/1c0da07a271784cdcb890e5a7e4a97f03547e82b/clumping/clumped/GLOBAL_LDL_direct.hh; https://github.com/K-zhangfengwei/biomarkers_beautfig; https://github.com/github/dmca/blob/master/2025/08/2025-08-22-uk-biobank.md; https://github.com/K-zhangfengwei/biomarkers_beautfig/blob/1c0da07a271784cdcb890e5a7e4a97f03547e82b/clumping/clumped/GLOBAL_LDL_direct_adjstatins.hh; https://github.com/K-zhangfengwei/biomarkers_beautfig; https://github.com/github/dmca/blob/master/2025/08/2025-08-22-uk-biobank.md; https://github.com/K-zhangfengwei/biomarkers_beautfig/blob/1c0da07a271784cdcb890e5a7e4a97f03547e82b/clumping/clumped/GLOBAL_Lipoprotein_A.hh; https://github.com/K-zhangfengwei/biomarkers_beautfig; https://github.com/github/dmca/blob/master/2025/08/2025-08-22-uk-biobank.md; https://github.com/K-zhangfengwei/biomarkers_beautfig/blob/1c0da07a271784cdcb890e5a7e4a97f03547e82b/clumping/clumped/GLOBAL_Microalbumin_in_urine.hh; https://github.com/K-zhangfengwei/biomarkers_beautfig; https://github.com/github/dmca/blob/master/2025/08/2025-08-22-uk-biobank.md; https://github.com/K-zhangfengwei/biomarkers_beautfig/blob/1c0da07a271784cdcb890e5a7e4a97f03547e82b/clumping/clumped/GLOBAL_Non_albumin_protein.hh; https://github.com/K-zhangfengwei/biomarkers_beautfig; https://github.com/github/dmca/blob/master/2025/08/2025-08-22-uk-biobank.md; https://github.com/K-zhangfengwei/biomarkers_beautfig/blob/1c0da07a271784cdcb890e5a7e4a97f03547e82b/clumping/clumped/GLOBAL_Oestradiol.hh; https://github.com/K-zhangfengwei/biomarkers_beautfig; https://github.com/github/dmca/blob/master/2025/08/2025-08-22-uk-biobank.md; https://github.com/K-zhangfengwei/biomarkers_beautfig/blob/1c0da07a271784cdcb890e5a7e4a97f03547e82b/clumping/clumped/GLOBAL_Phosphate.hh; https://github.com/K-zhangfengwei/biomarkers_beautfig; https://github.com/github/dmca/blob/master/2025/08/2025-08-22-uk-biobank.md; https://github.com/K-zhangfengwei/biomarkers_beautfig/blob/1c0da07a271784cdcb890e5a7e4a97f03547e82b/clumping/clumped/GLOBAL_Potassium_in_urine.hh; https://github.com/K-zhangfengwei/biomarkers_beautfig; https://github.com/github/dmca/blob/master/2025/08/2025-08-22-uk-biobank.md; https://github.com/K-zhangfengwei/biomarkers_beautfig/blob/1c0da07a271784cdcb890e5a7e4a97f03547e82b/clumping/clumped/GLOBAL_Rheumatoid_factor.hh; https://github.com/K-zhangfengwei/biomarkers_beautfig; https://github.com/github/dmca/blob/master/2025/08/2025-08-22-uk-biobank.md; https://github.com/K-zhangfengwei/biomarkers_beautfig/blob/1c0da07a271784cdcb890e5a7e4a97f03547e82b/clumping/clumped/GLOBAL_SHBG.hh; https://github.com/K-zhangfengwei/biomarkers_beautfig; https://github.com/github/dmca/blob/master/2025/08/2025-08-22-uk-biobank.md; https://github.com/K-zhangfengwei/biomarkers_beautfig/blob/1c0da07a271784cdcb890e5a7e4a97f03547e82b/clumping/clumped/GLOBAL_Sodium_in_urine.hh; https://github.com/K-zhangfengwei/biomarkers_beautfig; https://github.com/github/dmca/blob/master/2025/08/2025-08-22-uk-biobank.md; https://github.com/K-zhangfengwei/biomarkers_beautfig/blob/1c0da07a271784cdcb890e5a7e4a97f03547e82b/clumping/clumped/GLOBAL_Testosterone.hh; https://github.com/K-zhangfengwei/biomarkers_beautfig; https://github.com/github/dmca/blob/master/2025/08/2025-08-22-uk-biobank.md; https://github.com/K-zhangfengwei/biomarkers_beautfig/blob/1c0da07a271784cdcb890e5a7e4a97f03547e82b/clumping/clumped/GLOBAL_Total_bilirubin.hh; https://github.com/K-zhangfengwei/biomarkers_beautfig; https://github.com/github/dmca/blob/master/2025/08/2025-08-22-uk-biobank.md; https://github.com/K-zhangfengwei/biomarkers_beautfig/blob/1c0da07a271784cdcb890e5a7e4a97f03547e82b/clumping/clumped/GLOBAL_Total_protein.hh; https://github.com/K-zhangfengwei/biomarkers_beautfig; https://github.com/github/dmca/blob/master/2025/08/2025-08-22-uk-biobank.md; https://github.com/K-zhangfengwei/biomarkers_beautfig/blob/1c0da07a271784cdcb890e5a7e4a97f03547e82b/clumping/clumped/GLOBAL_Triglycerides.hh; https://github.com/K-zhangfengwei/biomarkers_beautfig; https://github.com/github/dmca/blob/master/2025/08/2025-08-22-uk-biobank.md; https://github.com/K-zhangfengwei/biomarkers_beautfig/blob/1c0da07a271784cdcb890e5a7e4a97f03547e82b/clumping/clumped/GLOBAL_Urate.hh; https://github.com/K-zhangfengwei/biomarkers_beautfig; https://github.com/github/dmca/blob/master/2025/08/2025-08-22-uk-biobank.md; https://github.com/K-zhangfengwei/biomarkers_beautfig/blob/1c0da07a271784cdcb890e5a7e4a97f03547e82b/clumping/clumped/GLOBAL_Urea.hh; https://github.com/K-zhangfengwei/biomarkers_beautfig; https://github.com/github/dmca/blob/master/2025/08/2025-08-22-uk-biobank.md; https://github.com/K-zhangfengwei/biomarkers_beautfig/blob/1c0da07a271784cdcb890e5a7e4a97f03547e82b/clumping/clumped/GLOBAL_Vitamin_D.hh; https://github.com/K-zhangfengwei/biomarkers_beautfig,true
lineage_kafukafienkov_jetbrainspatchkeygen,,,,,,unresolved,0,,,{},Evidence is too generic to assign an application.,https://github.com/github/dmca/blob/master/2015/2015-07-06-jetbrains.md; https://github.com/kafukafienkov/JetbrainsPatchKeygen,true
lineage_kafusz_nitro-generator,,,,,,unresolved,0,,,{},Evidence is too generic to assign an application.,https://github.com/github/dmca/blob/master/2023/10/2023-10-12-discord.md; https://github.com/Kafusz/Nitro-Generator,true
lineage_kaisersakhi_golangbooks,,,,,,unresolved,0,,,{},Evidence is too generic to assign an application.,https://github.com/github/dmca/blob/master/2025/05/2025-05-29-packt.md; https://github.com/kaisersakhi/GoLangBooks,true
lineage_kaizendevbr_font-awesome-pro,,,,,,unresolved,0,,,{},Evidence is too generic to assign an application.,https://github.com/github/dmca/blob/master/2024/05/2024-05-21-fonticons.md; https://github.com/KaizenDevBr/font-awesome-pro,true
lineage_kakashi-sensei_t40_rsfmri,,,,,,unresolved,0,,,{},Evidence is too generic to assign an application.,https://github.com/github/dmca/blob/master/2026/03/2026-03-27-uk-biobank.md; https://github.com/Kakashi-sensei/T40_rsfMRI/blob/9d93228b29a37d3e1294a9fb7752035463ea36d1/nu.csv; https://github.com/Kakashi-sensei/T40_rsfMRI; https://github.com/github/dmca/blob/master/2026/03/2026-03-27-uk-biobank.md; https://github.com/Kakashi-sensei/T40_rsfMRI/blob/b3527ef8087be91c9a6b173800c5327f98133fca/TOMM40s_withoutNA.csv; https://github.com/Kakashi-sensei/T40_rsfMRI; https://github.com/github/dmca/blob/master/2026/03/2026-03-27-uk-biobank.md; https://github.com/Kakashi-sensei/T40_rsfMRI/blob/d54eb8fcc114065f31008bff9607a30088cf8600/TOMM40s.csv; https://github.com/Kakashi-sensei/T40_rsfMRI; https://github.com/github/dmca/blob/master/2026/03/2026-03-27-uk-biobank.md; https://github.com/Kakashi-sensei/T40_rsfMRI/blob/9ed67d34c99525f1ec1ce9f3d3d997afc0d8137c/UKB_Jan_27_2020.csv; https://github.com/Kakashi-sensei/T40_rsfMRI,true
lineage_kalbhairavaa_golangbooks,,,,,,unresolved,0,,,{},Evidence is too generic to assign an application.,https://github.com/github/dmca/blob/master/2025/05/2025-05-29-packt.md; https://github.com/kalbhairavaa/GoLangBooks,true
lineage_karankaran1908_golangbooks,,,,,,unresolved,0,,,{},Evidence is too generic to assign an application.,https://github.com/github/dmca/blob/master/2025/05/2025-05-29-packt.md; https://github.com/karankaran1908/GoLangBooks,true
lineage_karankumarshreds_golangbooks,,,,,,unresolved,0,,,{},Evidence is too generic to assign an application.,https://github.com/github/dmca/blob/master/2025/05/2025-05-29-packt.md; https://github.com/karankumarshreds/GoLangBooks,true
lineage_kason-seu_golangbooks,,,,,,unresolved,0,,,{},Evidence is too generic to assign an application.,https://github.com/github/dmca/blob/master/2025/05/2025-05-29-packt.md; https://github.com/kason-seu/GoLangBooks,true
lineage_katjoengkampret_jetbrains-intellij-idea-key-generator,,,,,,unresolved,0,,,{},Evidence is too generic to assign an application.,https://github.com/github/dmca/blob/master/2015/2015-07-06-jetbrains.md; https://github.com/katjoengkampret/Jetbrains-IntelliJ-IDEA-Key-Generator,true
lineage_kavern1128_jetbrainspatchkeygen,,,,,,unresolved,0,,,{},Evidence is too generic to assign an application.,https://github.com/github/dmca/blob/master/2015/2015-07-06-jetbrains.md; https://github.com/kavern1128/JetbrainsPatchKeygen,true
lineage_kaviank_font-awesome-pro,,,,,,unresolved,0,,,{},Evidence is too generic to assign an application.,https://github.com/github/dmca/blob/master/2024/05/2024-05-21-fonticons.md; https://github.com/KavianK/font-awesome-pro,true
lineage_keepaking_golangbooks,,,,,,unresolved,0,,,{},Evidence is too generic to assign an application.,https://github.com/github/dmca/blob/master/2025/05/2025-05-29-packt.md; https://github.com/KeepaKing/GoLangBooks,true
lineage_keerveer_ukbb_asthma,,,,,,unresolved,0,,,{},Evidence is too generic to assign an application.,https://github.com/github/dmca/blob/master/2025/11/2025-11-06-ukbiobank.md; https://github.com/keerveer/ukbb_asthma/blob/master/Untitled2.ipynb; https://github.com/keerveer/ukbb_asthma,true
lineage_kennethcywong_ukbbcov2risk,,,,,,unresolved,0,,,{},Evidence is too generic to assign an application.,https://github.com/github/dmca/blob/master/2025/11/2025-11-07-uk-biobank-4.md; https://github.com/kennethcywong/ukbbcov2risk/blob/main/split_cohort_by_sex.R; https://github.com/kennethcywong/ukbbcov2risk,true
lineage_kennylv_materialofdatabase,,,,,,unresolved,0,,,{},Evidence is too generic to assign an application.,https://github.com/github/dmca/blob/master/2015/2015-07-06-jetbrains.md; https://github.com/KennyLv/MaterialOfDataBase/blob/master/%5BGitbook%20NoSQL%5D/chapter_1_about_redis/section_13_redis_example_with_php_and_mysql.md; https://github.com/KennyLv/MaterialOfDataBase,true
lineage_kenobyte_intellij-idea-14-keygen,,,,,,unresolved,0,,,{},Evidence is too generic to assign an application.,https://github.com/github/dmca/blob/master/2015/2015-07-06-jetbrains.md; https://github.com/kenobyte/IntelliJ-IDEA-14-keygen,true
lineage_kenyhnrv_nitro-generator,,,,,,unresolved,0,,,{},Evidence is too generic to assign an application.,https://github.com/github/dmca/blob/master/2023/10/2023-10-12-discord.md; https://github.com/kenyhnrv/nitro-generator,true
lineage_kevin-117_golangbooks,,,,,,unresolved,0,,,{},Evidence is too generic to assign an application.,https://github.com/github/dmca/blob/master/2025/05/2025-05-29-packt.md; https://github.com/KEVIN-117/GoLangBooks,true
lineage_kevmanderson_ukbcc,,,,,,unresolved,0,,,{},Evidence is too generic to assign an application.,https://github.com/github/dmca/blob/master/2025/11/2025-11-25-uk-biobank-4.md; https://github.com/kevmanderson/ukbcc/blob/187f01d6423fc8b45ab9511a529067fd21665e27/prototype_notebooks/prototyping%20stats.ipynb; https://github.com/kevmanderson/ukbcc; https://github.com/github/dmca/blob/master/2025/11/2025-11-25-uk-biobank-4.md; https://github.com/kevmanderson/ukbcc/blob/187f01d6423fc8b45ab9511a529067fd21665e27/prototype_notebooks/prototyping.ipynb; https://github.com/kevmanderson/ukbcc; https://github.com/github/dmca/blob/master/2025/11/2025-11-25-uk-biobank-4.md; https://github.com/kevmanderson/ukbcc/blob/master/ukbcc/tests/conftest.py; https://github.com/kevmanderson/ukbcc; https://github.com/github/dmca/blob/master/2025/11/2025-11-25-uk-biobank-4.md; https://github.com/kevmanderson/ukbcc/blob/master/tests.py; https://github.com/kevmanderson/ukbcc,true
lineage_kexia_rails_notes,,,,,,unresolved,0,,,{},Evidence is too generic to assign an application.,https://github.com/github/dmca/blob/master/2015/2015-07-06-jetbrains.md; https://github.com/kexia/rails_notes/blob/master/log.txt; https://github.com/kexia/rails_notes,true
lineage_keyemyria_jetbrainspatchkeygen,,,,,,unresolved,0,,,{},Evidence is too generic to assign an application.,https://github.com/github/dmca/blob/master/2015/2015-07-06-jetbrains.md; https://github.com/keyeMyria/JetbrainsPatchKeygen,true
lineage_khaip_golangbooks,,,,,,unresolved,0,,,{},Evidence is too generic to assign an application.,https://github.com/github/dmca/blob/master/2025/05/2025-05-29-packt.md; https://github.com/khaip/GoLangBooks,true
lineage_khaister_font-awesome-pro,,,,,,unresolved,0,,,{},Evidence is too generic to assign an application.,https://github.com/github/dmca/blob/master/2024/05/2024-05-21-fonticons.md; https://github.com/khaister/font-awesome-pro,true
lineage_khayhseng_golangbooks,,,,,,unresolved,0,,,{},Evidence is too generic to assign an application.,https://github.com/github/dmca/blob/master/2025/05/2025-05-29-packt.md; https://github.com/khayhseng/GoLangBooks,true
lineage_khoshbin_golangbooks,,,,,,unresolved,0,,,{},Evidence is too generic to assign an application.,https://github.com/github/dmca/blob/master/2025/05/2025-05-29-packt.md; https://github.com/khoshbin/GoLangBooks,true
lineage_killaship_obsidianhack,,,,,,unresolved,0,,,{},Evidence is too generic to assign an application.,https://github.com/github/dmca/blob/master/2023/10/2023-10-12-discord.md; https://github.com/Killaship/obsidianhack,true
lineage_kimiyasharifi_golangbooks,,,,,,unresolved,0,,,{},Evidence is too generic to assign an application.,https://github.com/github/dmca/blob/master/2025/05/2025-05-29-packt.md; https://github.com/kimiyasharifi/GoLangBooks,true
lineage_kimkimhun_golangbooks,,,,,,unresolved,0,,,{},Evidence is too generic to assign an application.,https://github.com/github/dmca/blob/master/2025/05/2025-05-29-packt.md; https://github.com/kimkimhun/GoLangBooks,true
lineage_kingkhay_golangbooks,,,,,,unresolved,0,,,{},Evidence is too generic to assign an application.,https://github.com/github/dmca/blob/master/2025/05/2025-05-29-packt.md; https://github.com/KingKhay/GoLangBooks,true
lineage_kira510_golangbooks,,,,,,unresolved,0,,,{},Evidence is too generic to assign an application.,https://github.com/github/dmca/blob/master/2025/05/2025-05-29-packt.md; https://github.com/kira510/GoLangBooks,true
lineage_kirilloooo_font-awesome-pro,,,,,,unresolved,0,,,{},Evidence is too generic to assign an application.,https://github.com/github/dmca/blob/master/2024/05/2024-05-21-fonticons.md; https://github.com/kirilloooo/font-awesome-pro,true
lineage_kisspuppet_kisspuppet.github.io,,,,,,unresolved,0,,,{},Evidence is too generic to assign an application.,https://github.com/github/dmca/blob/master/2015/2015-07-06-jetbrains.md; https://github.com/kisspuppet/kisspuppet.github.io/blob/master/2014/12/30/rubymine/index.html; https://github.com/kisspuppet/kisspuppet.github.io,true
lineage_kiwixiao_biv-volumetric-meshing,,,,,,unresolved,0,,,{},Evidence is too generic to assign an application.,https://github.com/github/dmca/blob/master/2025/12/2025-12-09-uk-biobank-3.md; https://github.com/kiwixiao/biv-volumetric-meshing/blob/706b798cc5393e7766c86a13809740e7d0c49cbc/src/surface/contour2gp_QS.py; https://github.com/kiwixiao/biv-volumetric-meshing,true
lineage_kkk0-000_sophia_cross_sectional,,,,,,unresolved,0,,,{},Evidence is too generic to assign an application.,https://github.com/github/dmca/blob/master/2025/11/2025-11-25-uk-biobank-5.md; https://github.com/kkk0-000/SOPHIA_Cross_Sectional/blob/095c8dd13b635e54889beddd15e9481b5edd8464/Guideline.ipynb; https://github.com/kkk0-000/SOPHIA_Cross_Sectional,true
lineage_kkukendrarajah_ukbpheno,,,,,,unresolved,0,,,{},Evidence is too generic to assign an application.,https://github.com/github/dmca/blob/master/2025/12/2025-12-10-uk-biobank.md; https://github.com/kkukendrarajah/ukbpheno/blob/42fd07d2145b706581ba0a021a222f6be669a36c/R/plot_timeline.R; https://github.com/kkukendrarajah/ukbpheno,true
lineage_knighthunter09_louxiaojian,,,,,,unresolved,0,,,{},Evidence is too generic to assign an application.,https://github.com/github/dmca/blob/master/2015/2015-07-06-jetbrains.md; https://github.com/knighthunter09/louxiaojian/blob/master/notes/other/webstorm/webstorm-key.txt; https://github.com/knighthunter09/louxiaojian,true
lineage_knvchaitanya1990_golangbooks,,,,,,unresolved,0,,,{},Evidence is too generic to assign an application.,https://github.com/github/dmca/blob/master/2025/05/2025-05-29-packt.md; https://github.com/knvchaitanya1990/GoLangBooks,true
lineage_koalayk_nitrogen,,,,,,unresolved,0,,,{},Evidence is too generic to assign an application.,https://github.com/github/dmca/blob/master/2023/10/2023-10-12-discord.md; https://github.com/KOalayk/NitroGen,true
lineage_kollavknk_golangbooks,,,,,,unresolved,0,,,{},Evidence is too generic to assign an application.,https://github.com/github/dmca/blob/master/2025/05/2025-05-29-packt.md; https://github.com/kollavknk/GoLangBooks,true
lineage_konyuka_font-awesome-pro,,,,,,unresolved,0,,,{},Evidence is too generic to assign an application.,https://github.com/github/dmca/blob/master/2024/05/2024-05-21-fonticons.md; https://github.com/Konyuka/font-awesome-pro,true
lineage_kotaicode_golangbooks,,,,,,unresolved,0,,,{},Evidence is too generic to assign an application.,https://github.com/github/dmca/blob/master/2025/05/2025-05-29-packt.md; https://github.com/kotaicode/GoLangBooks,true
lineage_kpradeep1991_golangbooks,,,,,,unresolved,0,,,{},Evidence is too generic to assign an application.,https://github.com/github/dmca/blob/master/2025/05/2025-05-29-packt.md; https://github.com/kpradeep1991/GoLangBooks,true
lineage_kraryn01_golangbooks,,,,,,unresolved,0,,,{},Evidence is too generic to assign an application.,https://github.com/github/dmca/blob/master/2025/05/2025-05-29-packt.md; https://github.com/krAryn01/GoLangBooks,true
lineage_kreasify_font-awesome-pro,,,,,,unresolved,0,,,{},Evidence is too generic to assign an application.,https://github.com/github/dmca/blob/master/2024/05/2024-05-21-fonticons.md; https://github.com/kreasify/font-awesome-pro,true
lineage_kremerml_mltc-clustering,,,,,,unresolved,0,,,{},Evidence is too generic to assign an application.,https://github.com/github/dmca/blob/master/2026/04/2026-04-01-uk-biobank-3.md; https://raw.githubusercontent.com/KremerML/MLTC-clustering/d7091b42865bda39871f9b9996623de2fb32a282/data/ltc_matrices/ltc_matrix_binary_mm2.tsv; https://github.com/KremerML/MLTC-clustering; https://github.com/github/dmca/blob/master/2026/04/2026-04-01-uk-biobank-3.md; https://raw.githubusercontent.com/KremerML/MLTC-clustering/d7091b42865bda39871f9b9996623de2fb32a282/data/ltc_matrices/ltc_matrix_unweighted_counts_mm2.tsv; https://github.com/KremerML/MLTC-clustering; https://github.com/github/dmca/blob/master/2026/04/2026-04-01-uk-biobank-3.md; https://raw.githubusercontent.com/KremerML/MLTC-clustering/d7091b42865bda39871f9b9996623de2fb32a282/data/ltc_matrices/ltc_matrix_weighted_counts_mm2.tsv; https://github.com/KremerML/MLTC-clustering; https://github.com/github/dmca/blob/master/2026/04/2026-04-01-uk-biobank-3.md; https://raw.githubusercontent.com/KremerML/MLTC-clustering/d7091b42865bda39871f9b9996623de2fb32a282/data/ltc_matrices/ltc_matrix_binary_dedup_mm2.tsv; https://github.com/KremerML/MLTC-clustering; https://github.com/github/dmca/blob/master/2026/04/2026-04-01-uk-biobank-3.md; https://raw.githubusercontent.com/KremerML/MLTC-clustering/d7091b42865bda39871f9b9996623de2fb32a282/data/ltc_matrices/ltc_matrix_unweighted_counts_dedup_mm2.tsv; https://github.com/KremerML/MLTC-clustering; https://github.com/github/dmca/blob/master/2026/04/2026-04-01-uk-biobank-3.md; https://raw.githubusercontent.com/KremerML/MLTC-clustering/d7091b42865bda39871f9b9996623de2fb32a282/data/ltc_matrices/ltc_matrix_binary_mm4.tsv; https://github.com/KremerML/MLTC-clustering; https://github.com/github/dmca/blob/master/2026/04/2026-04-01-uk-biobank-3.md; https://raw.githubusercontent.com/KremerML/MLTC-clustering/d7091b42865bda39871f9b9996623de2fb32a282/data/ltc_matrices/ltc_matrix_unweighted_counts_mm4.tsv; https://github.com/KremerML/MLTC-clustering; https://github.com/github/dmca/blob/master/2026/04/2026-04-01-uk-biobank-3.md; https://raw.githubusercontent.com/KremerML/MLTC-clustering/d7091b42865bda39871f9b9996623de2fb32a282/data/ltc_matrices/ltc_matrix_weighted_counts_mm4.tsv; https://github.com/KremerML/MLTC-clustering; https://github.com/github/dmca/blob/master/2026/04/2026-04-01-uk-biobank-3.md; https://raw.githubusercontent.com/KremerML/MLTC-clustering/d7091b42865bda39871f9b9996623de2fb32a282/data/ltc_matrices/ltc_matrix_binary_dedup_mm4.tsv; https://github.com/KremerML/MLTC-clustering; https://github.com/github/dmca/blob/master/2026/04/2026-04-01-uk-biobank-3.md; https://raw.githubusercontent.com/KremerML/MLTC-clustering/d7091b42865bda39871f9b9996623de2fb32a282/data/ltc_matrices/ltc_matrix_unweighted_counts_dedup_mm4.tsv; https://github.com/KremerML/MLTC-clustering; https://github.com/github/dmca/blob/master/2026/04/2026-04-01-uk-biobank-3.md; https://github.com/KremerML/MLTC-clustering/blob/5a53b1acd04bdbc9b7f85103d4bfcaaaeead0be2/notebooks/.ipynb_checkpoints/Binary%20LTC%20LDA%20topics-checkpoint.ipynb; https://github.com/KremerML/MLTC-clustering; https://github.com/github/dmca/blob/master/2026/04/2026-04-01-uk-biobank-3.md; https://github.com/KremerML/MLTC-clustering/blob/d7091b42865bda39871f9b9996623de2fb32a282/notebooks/LDA.ipynb; https://github.com/KremerML/MLTC-clustering; https://github.com/github/dmca/blob/master/2026/04/2026-04-01-uk-biobank-3.md; https://github.com/KremerML/MLTC-clustering/blob/c0a452e2cf2742f4ad22f386546cabe7ae560f78/notebooks/.ipynb_checkpoints/Bin-LTC%20Multicore%20LDA%20with%20t-SNE-checkpoint.ipynb; https://github.com/KremerML/MLTC-clustering; https://github.com/github/dmca/blob/master/2026/04/2026-04-01-uk-biobank-3.md; https://github.com/KremerML/MLTC-clustering/blob/41ad4c6c814946894b573b2f621958dbed874ceb/notebooks/Bin-LTC%20Multicore%20LDA%20with%20t-SNE.ipynb; https://github.com/KremerML/MLTC-clustering; https://github.com/github/dmca/blob/master/2026/04/2026-04-01-uk-biobank-3.md; https://github.com/KremerML/MLTC-clustering/blob/3e7f7a9db40cba4213726222df706cd1c582d194/notebooks/All%20events%20LDA%20dominant%20topics%20with%20temporal%20dimension-Copy1.ipynb; https://github.com/KremerML/MLTC-clustering; https://github.com/github/dmca/blob/master/2026/04/2026-04-01-uk-biobank-3.md; https://github.com/KremerML/MLTC-clustering/blob/3e7f7a9db40cba4213726222df706cd1c582d194/notebooks/.ipynb_checkpoints/All%20events%20LDA%20dominant%20topics%20with%20temporal%20dimension-Copy1-checkpoint.ipynb; https://github.com/KremerML/MLTC-clustering; https://github.com/github/dmca/blob/master/2026/04/2026-04-01-uk-biobank-3.md; https://github.com/KremerML/MLTC-clustering/blob/d7091b42865bda39871f9b9996623de2fb32a282/notebooks/Binary%20LTC%20LDA%20topics.ipynb; https://github.com/KremerML/MLTC-clustering,true
lineage_krpraful_golangbooks,,,,,,unresolved,0,,,{},Evidence is too generic to assign an application.,https://github.com/github/dmca/blob/master/2025/05/2025-05-29-packt.md; https://github.com/krpraful/GoLangBooks,true
lineage_ksxv_golangbooks,,,,,,unresolved,0,,,{},Evidence is too generic to assign an application.,https://github.com/github/dmca/blob/master/2025/05/2025-05-29-packt.md; https://github.com/ksXV/GoLangBooks,true
lineage_kuldipem_louxiaojian,,,,,,unresolved,0,,,{},Evidence is too generic to assign an application.,https://github.com/github/dmca/blob/master/2015/2015-07-06-jetbrains.md; https://github.com/kuldipem/louxiaojian/blob/master/notes/other/webstorm/webstorm-key.txt; https://github.com/kuldipem/louxiaojian,true
lineage_kumarpawantarento_golangbooks,,,,,,unresolved,0,,,{},Evidence is too generic to assign an application.,https://github.com/github/dmca/blob/master/2025/05/2025-05-29-packt.md; https://github.com/kumarpawantarento/GoLangBooks,true
lineage_kuqoi_jetbrainspatchkeygen,,,,,,unresolved,0,,,{},Evidence is too generic to assign an application.,https://github.com/github/dmca/blob/master/2015/2015-07-06-jetbrains.md; https://github.com/kuqoi/JetbrainsPatchKeygen,true
lineage_kyawsawshein_golangbooks,,,,,,unresolved,0,,,{},Evidence is too generic to assign an application.,https://github.com/github/dmca/blob/master/2025/05/2025-05-29-packt.md; https://github.com/kyawsawshein/GoLangBooks,true
lineage_kylixs_jetbrainspatchkeygen,,,,,,unresolved,0,,,{},Evidence is too generic to assign an application.,https://github.com/github/dmca/blob/master/2015/2015-07-06-jetbrains.md; https://github.com/kylixs/JetbrainsPatchKeygen,true
lineage_lab-smile_retinapd,,,,,,unresolved,0,,,{},Evidence is too generic to assign an application.,https://github.com/github/dmca/blob/master/2025/12/2025-12-08-uk-biobank-6.md; https://github.com/lab-smile/RetinaPD/blob/7cd9699e0eca60b539270a3fcbe6ef0d7c1d85f1/csv/subject_images_ids.xlsx; https://github.com/lab-smile/RetinaPD; https://github.com/github/dmca/blob/master/2025/12/2025-12-08-uk-biobank-6.md; https://github.com/lab-smile/RetinaPD/blob/6b449daf69eb0a0dbcb7241a348adf04aaca294e/RetinaPD_Project_Code.ipynb; https://github.com/lab-smile/RetinaPD; https://github.com/github/dmca/blob/master/2025/12/2025-12-08-uk-biobank-6.md; https://github.com/lab-smile/RetinaPD/blob/2439718471b9022c75b4b494e999c2f303406982/code/CSV_Population_Characteristics.ipynb; https://github.com/lab-smile/RetinaPD; https://github.com/github/dmca/blob/master/2025/12/2025-12-08-uk-biobank-6.md; https://github.com/lab-smile/RetinaPD/blob/913a01fd19985b1b630a932e4981f26b7dd426dc/CSV_Population_Characteristics.ipynb; https://github.com/lab-smile/RetinaPD,true
lineage_lakshaytalkstomachines_golangbooks,,,,,,unresolved,0,,,{},Evidence is too generic to assign an application.,https://github.com/github/dmca/blob/master/2025/05/2025-05-29-packt.md; https://github.com/lakshaytalkstomachines/GoLangBooks,true
lineage_lampt-uit_golangbooks,,,,,,unresolved,0,,,{},Evidence is too generic to assign an application.,https://github.com/github/dmca/blob/master/2025/05/2025-05-29-packt.md; https://github.com/lampt-uit/GoLangBooks,true
lineage_languanghao_jetbrainspatchkeygen,,,,,,unresolved,0,,,{},Evidence is too generic to assign an application.,https://github.com/github/dmca/blob/master/2015/2015-07-06-jetbrains.md; https://github.com/languanghao/JetbrainsPatchKeygen,true
lineage_languid_jetbrainspatchkeygen,,,,,,unresolved,0,,,{},Evidence is too generic to assign an application.,https://github.com/github/dmca/blob/master/2015/2015-07-06-jetbrains.md; https://github.com/languid/JetbrainsPatchKeygen,true
lineage_laoliulaoliu_config,,,,,,unresolved,0,,,{},Evidence is too generic to assign an application.,https://github.com/github/dmca/blob/master/2015/2015-07-06-jetbrains.md; https://github.com/LaoLiulaoliu/config/blob/master/register_code.txt; https://github.com/LaoLiulaoliu/config,true
lineage_larrypham_jetbrainspatchkeygen,,,,,,unresolved,0,,,{},Evidence is too generic to assign an application.,https://github.com/github/dmca/blob/master/2015/2015-07-06-jetbrains.md; https://github.com/LarryPham/JetbrainsPatchKeygen,true
lineage_lassejlv_nitro-generator,,,,,,unresolved,0,,,{},Evidence is too generic to assign an application.,https://github.com/github/dmca/blob/master/2023/10/2023-10-12-discord.md; https://github.com/lassejlv/nitro-generator,true
lineage_laura-ponting_ukbcc,,,,,,unresolved,0,,,{},Evidence is too generic to assign an application.,https://github.com/github/dmca/blob/master/2025/11/2025-11-25-uk-biobank-4.md; https://github.com/laura-ponting/ukbcc/blob/187f01d6423fc8b45ab9511a529067fd21665e27/prototype_notebooks/prototyping%20stats.ipynb; https://github.com/laura-ponting/ukbcc; https://github.com/github/dmca/blob/master/2025/11/2025-11-25-uk-biobank-4.md; https://github.com/laura-ponting/ukbcc/blob/187f01d6423fc8b45ab9511a529067fd21665e27/prototype_notebooks/prototyping.ipynb; https://github.com/laura-ponting/ukbcc; https://github.com/github/dmca/blob/master/2025/11/2025-11-25-uk-biobank-4.md; https://github.com/laura-ponting/ukbcc/blob/master/ukbcc/tests/conftest.py; https://github.com/laura-ponting/ukbcc; https://github.com/github/dmca/blob/master/2025/11/2025-11-25-uk-biobank-4.md; https://github.com/laura-ponting/ukbcc/blob/master/tests.py; https://github.com/laura-ponting/ukbcc,true
lineage_laura-riedel_im,,,,,,unresolved,0,,,{},Evidence is too generic to assign an application.,https://github.com/github/dmca/blob/master/2026/03/2026-03-23-uk-biobank-3.md; https://github.com/laura-riedel/IM/blob/7c61e3b44a59559cc37282409905bc16365965fa/tracking/ICA25/LearningRates1DCNN/10e-4/data_info/overview.csv; https://github.com/laura-riedel/IM; https://github.com/github/dmca/blob/master/2026/03/2026-03-23-uk-biobank-3.md; https://github.com/laura-riedel/IM/blob/b3353463acbfc4d836bcb88bd8c44ccf5ead4829/data/ica_locations.csv; https://github.com/laura-riedel/IM; https://github.com/github/dmca/blob/master/2026/03/2026-03-23-uk-biobank-3.md; https://github.com/laura-riedel/IM/blob/2617d291b4e3cb7212416684c7c22389fbb398f0/tracking/ICA25/TimeTest/gpu/data_info/overview.csv; https://github.com/laura-riedel/IM; https://github.com/github/dmca/blob/master/2026/03/2026-03-23-uk-biobank-3.md; https://github.com/laura-riedel/IM/blob/2617d291b4e3cb7212416684c7c22389fbb398f0/tracking/ICA25/TimeTest/cpu/data_info/overview.csv; https://github.com/laura-riedel/IM; https://github.com/github/dmca/blob/master/2026/03/2026-03-23-uk-biobank-3.md; https://github.com/laura-riedel/IM/blob/ff6460175fb74d01a3f789480296c0b2df79d803/data/data_predictions_overview_IM.csv; https://github.com/laura-riedel/IM; https://github.com/github/dmca/blob/master/2026/03/2026-03-23-uk-biobank-3.md; https://github.com/laura-riedel/IM/blob/c2461c7d94f3b7f02b4e38c5ed49f9a6a20332b9/tracking/ICA25/KernelSize1DCNN/10/data_info/overview.csv; https://github.com/laura-riedel/IM; https://github.com/github/dmca/blob/master/2026/03/2026-03-23-uk-biobank-3.md; https://github.com/laura-riedel/IM/blob/f3be7dbe0f771aa9ec7aa51d06bfe8e4a24b0357/tracking/FinalModels/ICA25_gc/data_info/overview.csv; https://github.com/laura-riedel/IM; https://github.com/github/dmca/blob/master/2026/03/2026-03-23-uk-biobank-3.md; https://github.com/laura-riedel/IM/blob/f3be7dbe0f771aa9ec7aa51d06bfe8e4a24b0357/tracking/FinalModels/ICA100_gc/data_info/overview.csv; https://github.com/laura-riedel/IM; https://github.com/github/dmca/blob/master/2026/03/2026-03-23-uk-biobank-3.md; https://github.com/laura-riedel/IM/blob/27b68640e2683b75251890d17ae102f1479a9ce2/tracking/reproducibility/1/data_info/overview.csv; https://github.com/laura-riedel/IM; https://github.com/github/dmca/blob/master/2026/03/2026-03-23-uk-biobank-3.md; https://github.com/laura-riedel/IM/blob/27b68640e2683b75251890d17ae102f1479a9ce2/tracking/reproducibility/2/data_info/overview.csv; https://github.com/laura-riedel/IM; https://github.com/github/dmca/blob/master/2026/03/2026-03-23-uk-biobank-3.md; https://github.com/laura-riedel/IM/blob/c2461c7d94f3b7f02b4e38c5ed49f9a6a20332b9/tracking/ICA25/KernelSize1DCNN/3/data_info/overview.csv; https://github.com/laura-riedel/IM,true
lineage_lazyp_jetbrains-keygen,,,,,,unresolved,0,,,{},Evidence is too generic to assign an application.,https://github.com/github/dmca/blob/master/2015/2015-07-06-jetbrains.md; https://github.com/lazyp/Jetbrains-KeyGen,true
lineage_lcx777-afk_ukbanalytica,,,,,,unresolved,0,,,{},Evidence is too generic to assign an application.,https://github.com/github/dmca/blob/master/2026/04/2026-04-14-uk-biobank.md; https://github.com/lcx777-afk/UKBAnalytica/blob/d6facb23a147b51a335223a9bb12141b5cbfd32a/tests/testthat/testdata/raw_demo.csv; https://github.com/lcx777-afk/UKBAnalytica,true
lineage_ldavidsp_font-awesome-pro,,,,,,unresolved,0,,,{},Evidence is too generic to assign an application.,https://github.com/github/dmca/blob/master/2024/05/2024-05-21-fonticons.md; https://github.com/ldavidsp/font-awesome-pro,true
lineage_ledainbrice_golang-resource,,,,,,unresolved,0,,,{},Evidence is too generic to assign an application.,https://github.com/github/dmca/blob/master/2025/05/2025-05-29-packt.md; https://github.com/ledainbrice/golang-resource,true
lineage_legendlife_yang,,,,,,unresolved,0,,,{},Evidence is too generic to assign an application.,https://github.com/github/dmca/blob/master/2023/10/2023-10-12-discord.md; https://github.com/legendlife/YANG,true
lineage_leminhtuanh_golangbooks,,,,,,unresolved,0,,,{},Evidence is too generic to assign an application.,https://github.com/github/dmca/blob/master/2025/05/2025-05-29-packt.md; https://github.com/LeMinhTuAnh/GoLangBooks,true
lineage_lenamax2355_biobankread-bash,,,,,,unresolved,0,,,{},Evidence is too generic to assign an application.,https://github.com/github/dmca/blob/master/2025/07/2025-07-18-ukbiobank.md; https://github.com/lenamax2355/BiobankRead-Bash/blob/5093ff460740e1a998439a4d7287de3904798dc7/CVD_10035.csv; https://github.com/lenamax2355/BiobankRead-Bash; https://github.com/github/dmca/blob/master/2025/07/2025-07-18-ukbiobank.md; https://github.com/lenamax2355/BiobankRead-Bash/blob/b6b919af62b41671957ec02d1cb883d6e81f9c0c/test.csv; https://github.com/lenamax2355/BiobankRead-Bash; https://github.com/github/dmca/blob/master/2025/07/2025-07-18-ukbiobank.md; https://github.com/lenamax2355/BiobankRead-Bash/blob/9f9569d678f6951bbcd9275ca864f0965b867207/test.csv; https://github.com/lenamax2355/BiobankRead-Bash; https://github.com/github/dmca/blob/master/2025/07/2025-07-18-ukbiobank.md; https://github.com/lenamax2355/BiobankRead-Bash/blob/32b4450c732fc6c8f566f089469dea5c7b4f1d31/test.csv; https://github.com/lenamax2355/BiobankRead-Bash; https://github.com/github/dmca/blob/master/2025/07/2025-07-18-ukbiobank.md; https://github.com/lenamax2355/BiobankRead-Bash/blob/4b039b1f420006ce21e545170f1242dcb11e396b/test.csv; https://github.com/lenamax2355/BiobankRead-Bash; https://github.com/github/dmca/blob/master/2025/07/2025-07-18-ukbiobank.md; https://github.com/lenamax2355/BiobankRead-Bash/blob/d358b68ae7c68dfdd2c0f00a5a2b42edab29c30f/test.csv; https://github.com/lenamax2355/BiobankRead-Bash; https://github.com/github/dmca/blob/master/2025/07/2025-07-18-ukbiobank.md; https://github.com/lenamax2355/BiobankRead-Bash/blob/316087423db1b9d070ebb75386c9bb804d4e5147/test_hpc.csv; https://github.com/lenamax2355/BiobankRead-Bash; https://github.com/github/dmca/blob/master/2025/07/2025-07-18-ukbiobank.md; https://github.com/lenamax2355/BiobankRead-Bash/blob/b6b919af62b41671957ec02d1cb883d6e81f9c0c/testnew.csv; https://github.com/lenamax2355/BiobankRead-Bash; https://github.com/github/dmca/blob/master/2025/07/2025-07-18-ukbiobank.md; https://github.com/lenamax2355/BiobankRead-Bash/blob/b6b919af62b41671957ec02d1cb883d6e81f9c0c/testnewDEATH.csv; https://github.com/lenamax2355/BiobankRead-Bash; https://github.com/github/dmca/blob/master/2025/07/2025-07-18-ukbiobank.md; https://github.com/lenamax2355/BiobankRead-Bash/blob/a1307b9e70ed8bceda4c1cc2f4bd344645dab8fb/testnewVARpartial.csv; https://github.com/lenamax2355/BiobankRead-Bash; https://github.com/github/dmca/blob/master/2025/07/2025-07-18-ukbiobank.md; https://github.com/lenamax2355/BiobankRead-Bash/blob/fd988508f364c44dd1ac9531607504409bd4298a/testnewVARpartial_HES.csv; https://github.com/lenamax2355/BiobankRead-Bash; https://github.com/github/dmca/blob/master/2025/07/2025-07-18-ukbiobank.md; https://github.com/lenamax2355/BiobankRead-Bash/blob/fd988508f364c44dd1ac9531607504409bd4298a/testnewVARpartial_SR.csv; https://github.com/lenamax2355/BiobankRead-Bash; https://github.com/github/dmca/blob/master/2025/07/2025-07-18-ukbiobank.md; https://github.com/lenamax2355/BiobankRead-Bash/blob/fd988508f364c44dd1ac9531607504409bd4298a/testnewVARpartial_death.csv; https://github.com/lenamax2355/BiobankRead-Bash; https://github.com/github/dmca/blob/master/2025/07/2025-07-18-ukbiobank.md; https://github.com/lenamax2355/BiobankRead-Bash/blob/a1307b9e70ed8bceda4c1cc2f4bd344645dab8fb/testnewVARpartial_deaths.csv; https://github.com/lenamax2355/BiobankRead-Bash; https://github.com/github/dmca/blob/master/2025/07/2025-07-18-ukbiobank.md; https://github.com/lenamax2355/BiobankRead-Bash/blob/b6b919af62b41671957ec02d1cb883d6e81f9c0c/testorigDEATH.csv; https://github.com/lenamax2355/BiobankRead-Bash,true
lineage_lenamax2355_biomarkers,,,,,,unresolved,0,,,{},Evidence is too generic to assign an application.,https://github.com/github/dmca/blob/master/2025/08/2025-08-22-uk-biobank.md; https://github.com/lenamax2355/biomarkers/blob/1c0da07a271784cdcb890e5a7e4a97f03547e82b/clumping/clumped/GLOBAL_Alanine_aminotransferase.hh; https://github.com/lenamax2355/biomarkers; https://github.com/github/dmca/blob/master/2025/08/2025-08-22-uk-biobank.md; https://github.com/lenamax2355/biomarkers/blob/1c0da07a271784cdcb890e5a7e4a97f03547e82b/clumping/clumped/GLOBAL_Albumin.hh; https://github.com/lenamax2355/biomarkers; https://github.com/github/dmca/blob/master/2025/08/2025-08-22-uk-biobank.md; https://github.com/lenamax2355/biomarkers/blob/1c0da07a271784cdcb890e5a7e4a97f03547e82b/clumping/clumped/GLOBAL_Alkaline_phosphatase.hh; https://github.com/lenamax2355/biomarkers; https://github.com/github/dmca/blob/master/2025/08/2025-08-22-uk-biobank.md; https://github.com/lenamax2355/biomarkers/blob/1c0da07a271784cdcb890e5a7e4a97f03547e82b/clumping/clumped/GLOBAL_Apolipoprotein_A.hh; https://github.com/lenamax2355/biomarkers; https://github.com/github/dmca/blob/master/2025/08/2025-08-22-uk-biobank.md; https://github.com/lenamax2355/biomarkers/blob/1c0da07a271784cdcb890e5a7e4a97f03547e82b/clumping/clumped/GLOBAL_Apolipoprotein_B.hh; https://github.com/lenamax2355/biomarkers; https://github.com/github/dmca/blob/master/2025/08/2025-08-22-uk-biobank.md; https://github.com/lenamax2355/biomarkers/blob/1c0da07a271784cdcb890e5a7e4a97f03547e82b/clumping/clumped/GLOBAL_Apolipoprotein_B_adjstatins.hh; https://github.com/lenamax2355/biomarkers; https://github.com/github/dmca/blob/master/2025/08/2025-08-22-uk-biobank.md; https://github.com/lenamax2355/biomarkers/blob/1c0da07a271784cdcb890e5a7e4a97f03547e82b/clumping/clumped/GLOBAL_Aspartate_aminotransferase.hh; https://github.com/lenamax2355/biomarkers; https://github.com/github/dmca/blob/master/2025/08/2025-08-22-uk-biobank.md; https://github.com/lenamax2355/biomarkers/blob/1c0da07a271784cdcb890e5a7e4a97f03547e82b/clumping/clumped/GLOBAL_AST_ALT_ratio.hh; https://github.com/lenamax2355/biomarkers; https://github.com/github/dmca/blob/master/2025/08/2025-08-22-uk-biobank.md; https://github.com/lenamax2355/biomarkers/blob/1c0da07a271784cdcb890e5a7e4a97f03547e82b/clumping/clumped/GLOBAL_C_reactive_protein.hh; https://github.com/lenamax2355/biomarkers; https://github.com/github/dmca/blob/master/2025/08/2025-08-22-uk-biobank.md; https://github.com/lenamax2355/biomarkers/blob/1c0da07a271784cdcb890e5a7e4a97f03547e82b/clumping/clumped/GLOBAL_Calcium.hh; https://github.com/lenamax2355/biomarkers; https://github.com/github/dmca/blob/master/2025/08/2025-08-22-uk-biobank.md; https://github.com/lenamax2355/biomarkers/blob/1c0da07a271784cdcb890e5a7e4a97f03547e82b/clumping/clumped/GLOBAL_Cholesterol.hh; https://github.com/lenamax2355/biomarkers; https://github.com/github/dmca/blob/master/2025/08/2025-08-22-uk-biobank.md; https://github.com/lenamax2355/biomarkers/blob/1c0da07a271784cdcb890e5a7e4a97f03547e82b/clumping/clumped/GLOBAL_Cholesterol_adjstatins.hh; https://github.com/lenamax2355/biomarkers; https://github.com/github/dmca/blob/master/2025/08/2025-08-22-uk-biobank.md; https://github.com/lenamax2355/biomarkers/blob/1c0da07a271784cdcb890e5a7e4a97f03547e82b/clumping/clumped/GLOBAL_Creatinine.hh; https://github.com/lenamax2355/biomarkers; https://github.com/github/dmca/blob/master/2025/08/2025-08-22-uk-biobank.md; https://github.com/lenamax2355/biomarkers/blob/1c0da07a271784cdcb890e5a7e4a97f03547e82b/clumping/clumped/GLOBAL_Creatinine_in_urine.hh; https://github.com/lenamax2355/biomarkers; https://github.com/github/dmca/blob/master/2025/08/2025-08-22-uk-biobank.md; https://github.com/lenamax2355/biomarkers/blob/1c0da07a271784cdcb890e5a7e4a97f03547e82b/clumping/clumped/GLOBAL_Cystatin_C.hh; https://github.com/lenamax2355/biomarkers; https://github.com/github/dmca/blob/master/2025/08/2025-08-22-uk-biobank.md; https://github.com/lenamax2355/biomarkers/blob/1c0da07a271784cdcb890e5a7e4a97f03547e82b/clumping/clumped/GLOBAL_Direct_bilirubin.hh; https://github.com/lenamax2355/biomarkers; https://github.com/github/dmca/blob/master/2025/08/2025-08-22-uk-biobank.md; https://github.com/lenamax2355/biomarkers/blob/1c0da07a271784cdcb890e5a7e4a97f03547e82b/clumping/clumped/GLOBAL_eGFR.hh; https://github.com/lenamax2355/biomarkers; https://github.com/github/dmca/blob/master/2025/08/2025-08-22-uk-biobank.md; https://github.com/lenamax2355/biomarkers/blob/1c0da07a271784cdcb890e5a7e4a97f03547e82b/clumping/clumped/GLOBAL_Fasting_glucose.hh; https://github.com/lenamax2355/biomarkers; https://github.com/github/dmca/blob/master/2025/08/2025-08-22-uk-biobank.md; https://github.com/lenamax2355/biomarkers/blob/1c0da07a271784cdcb890e5a7e4a97f03547e82b/clumping/clumped/GLOBAL_Gamma_glutamyltransferase.hh; https://github.com/lenamax2355/biomarkers; https://github.com/github/dmca/blob/master/2025/08/2025-08-22-uk-biobank.md; https://github.com/lenamax2355/biomarkers/blob/1c0da07a271784cdcb890e5a7e4a97f03547e82b/clumping/clumped/GLOBAL_Glucose.hh; https://github.com/lenamax2355/biomarkers; https://github.com/github/dmca/blob/master/2025/08/2025-08-22-uk-biobank.md; https://github.com/lenamax2355/biomarkers/blob/1c0da07a271784cdcb890e5a7e4a97f03547e82b/clumping/clumped/GLOBAL_Glycated_haemoglobin_HbA1c.hh; https://github.com/lenamax2355/biomarkers; https://github.com/github/dmca/blob/master/2025/08/2025-08-22-uk-biobank.md; https://github.com/lenamax2355/biomarkers/blob/1c0da07a271784cdcb890e5a7e4a97f03547e82b/clumping/clumped/GLOBAL_HbA1c.hh; https://github.com/lenamax2355/biomarkers; https://github.com/github/dmca/blob/master/2025/08/2025-08-22-uk-biobank.md; https://github.com/lenamax2355/biomarkers/blob/1c0da07a271784cdcb890e5a7e4a97f03547e82b/clumping/clumped/GLOBAL_HDL.hh; https://github.com/lenamax2355/biomarkers; https://github.com/github/dmca/blob/master/2025/08/2025-08-22-uk-biobank.md; https://github.com/lenamax2355/biomarkers/blob/1c0da07a271784cdcb890e5a7e4a97f03547e82b/clumping/clumped/GLOBAL_HDL_cholesterol.hh; https://github.com/lenamax2355/biomarkers; https://github.com/github/dmca/blob/master/2025/08/2025-08-22-uk-biobank.md; https://github.com/lenamax2355/biomarkers/blob/1c0da07a271784cdcb890e5a7e4a97f03547e82b/clumping/clumped/GLOBAL_IGF_1.hh; https://github.com/lenamax2355/biomarkers; https://github.com/github/dmca/blob/master/2025/08/2025-08-22-uk-biobank.md; https://github.com/lenamax2355/biomarkers/blob/1c0da07a271784cdcb890e5a7e4a97f03547e82b/clumping/clumped/GLOBAL_LDL.hh; https://github.com/lenamax2355/biomarkers; https://github.com/github/dmca/blob/master/2025/08/2025-08-22-uk-biobank.md; https://github.com/lenamax2355/biomarkers/blob/1c0da07a271784cdcb890e5a7e4a97f03547e82b/clumping/clumped/GLOBAL_LDL_adjstatins.hh; https://github.com/lenamax2355/biomarkers; https://github.com/github/dmca/blob/master/2025/08/2025-08-22-uk-biobank.md; https://github.com/lenamax2355/biomarkers/blob/1c0da07a271784cdcb890e5a7e4a97f03547e82b/clumping/clumped/GLOBAL_LDL_direct.hh; https://github.com/lenamax2355/biomarkers; https://github.com/github/dmca/blob/master/2025/08/2025-08-22-uk-biobank.md; https://github.com/lenamax2355/biomarkers/blob/1c0da07a271784cdcb890e5a7e4a97f03547e82b/clumping/clumped/GLOBAL_LDL_direct_adjstatins.hh; https://github.com/lenamax2355/biomarkers; https://github.com/github/dmca/blob/master/2025/08/2025-08-22-uk-biobank.md; https://github.com/lenamax2355/biomarkers/blob/1c0da07a271784cdcb890e5a7e4a97f03547e82b/clumping/clumped/GLOBAL_Lipoprotein_A.hh; https://github.com/lenamax2355/biomarkers; https://github.com/github/dmca/blob/master/2025/08/2025-08-22-uk-biobank.md; https://github.com/lenamax2355/biomarkers/blob/1c0da07a271784cdcb890e5a7e4a97f03547e82b/clumping/clumped/GLOBAL_Microalbumin_in_urine.hh; https://github.com/lenamax2355/biomarkers; https://github.com/github/dmca/blob/master/2025/08/2025-08-22-uk-biobank.md; https://github.com/lenamax2355/biomarkers/blob/1c0da07a271784cdcb890e5a7e4a97f03547e82b/clumping/clumped/GLOBAL_Non_albumin_protein.hh; https://github.com/lenamax2355/biomarkers; https://github.com/github/dmca/blob/master/2025/08/2025-08-22-uk-biobank.md; https://github.com/lenamax2355/biomarkers/blob/1c0da07a271784cdcb890e5a7e4a97f03547e82b/clumping/clumped/GLOBAL_Oestradiol.hh; https://github.com/lenamax2355/biomarkers; https://github.com/github/dmca/blob/master/2025/08/2025-08-22-uk-biobank.md; https://github.com/lenamax2355/biomarkers/blob/1c0da07a271784cdcb890e5a7e4a97f03547e82b/clumping/clumped/GLOBAL_Phosphate.hh; https://github.com/lenamax2355/biomarkers; https://github.com/github/dmca/blob/master/2025/08/2025-08-22-uk-biobank.md; https://github.com/lenamax2355/biomarkers/blob/1c0da07a271784cdcb890e5a7e4a97f03547e82b/clumping/clumped/GLOBAL_Potassium_in_urine.hh; https://github.com/lenamax2355/biomarkers; https://github.com/github/dmca/blob/master/2025/08/2025-08-22-uk-biobank.md; https://github.com/lenamax2355/biomarkers/blob/1c0da07a271784cdcb890e5a7e4a97f03547e82b/clumping/clumped/GLOBAL_Rheumatoid_factor.hh; https://github.com/lenamax2355/biomarkers; https://github.com/github/dmca/blob/master/2025/08/2025-08-22-uk-biobank.md; https://github.com/lenamax2355/biomarkers/blob/1c0da07a271784cdcb890e5a7e4a97f03547e82b/clumping/clumped/GLOBAL_SHBG.hh; https://github.com/lenamax2355/biomarkers; https://github.com/github/dmca/blob/master/2025/08/2025-08-22-uk-biobank.md; https://github.com/lenamax2355/biomarkers/blob/1c0da07a271784cdcb890e5a7e4a97f03547e82b/clumping/clumped/GLOBAL_Sodium_in_urine.hh; https://github.com/lenamax2355/biomarkers; https://github.com/github/dmca/blob/master/2025/08/2025-08-22-uk-biobank.md; https://github.com/lenamax2355/biomarkers/blob/1c0da07a271784cdcb890e5a7e4a97f03547e82b/clumping/clumped/GLOBAL_Testosterone.hh; https://github.com/lenamax2355/biomarkers; https://github.com/github/dmca/blob/master/2025/08/2025-08-22-uk-biobank.md; https://github.com/lenamax2355/biomarkers/blob/1c0da07a271784cdcb890e5a7e4a97f03547e82b/clumping/clumped/GLOBAL_Total_bilirubin.hh; https://github.com/lenamax2355/biomarkers; https://github.com/github/dmca/blob/master/2025/08/2025-08-22-uk-biobank.md; https://github.com/lenamax2355/biomarkers/blob/1c0da07a271784cdcb890e5a7e4a97f03547e82b/clumping/clumped/GLOBAL_Total_protein.hh; https://github.com/lenamax2355/biomarkers; https://github.com/github/dmca/blob/master/2025/08/2025-08-22-uk-biobank.md; https://github.com/lenamax2355/biomarkers/blob/1c0da07a271784cdcb890e5a7e4a97f03547e82b/clumping/clumped/GLOBAL_Triglycerides.hh; https://github.com/lenamax2355/biomarkers; https://github.com/github/dmca/blob/master/2025/08/2025-08-22-uk-biobank.md; https://github.com/lenamax2355/biomarkers/blob/1c0da07a271784cdcb890e5a7e4a97f03547e82b/clumping/clumped/GLOBAL_Urate.hh; https://github.com/lenamax2355/biomarkers; https://github.com/github/dmca/blob/master/2025/08/2025-08-22-uk-biobank.md; https://github.com/lenamax2355/biomarkers/blob/1c0da07a271784cdcb890e5a7e4a97f03547e82b/clumping/clumped/GLOBAL_Urea.hh; https://github.com/lenamax2355/biomarkers; https://github.com/github/dmca/blob/master/2025/08/2025-08-22-uk-biobank.md; https://github.com/lenamax2355/biomarkers/blob/1c0da07a271784cdcb890e5a7e4a97f03547e82b/clumping/clumped/GLOBAL_Vitamin_D.hh; https://github.com/lenamax2355/biomarkers,true
lineage_lenamax2355_ukb_download_and_prep_template,,,,,,unresolved,0,,,{},Evidence is too generic to assign an application.,https://github.com/github/dmca/blob/master/2025/11/2025-11-04-uk-biobank.md; https://github.com/lenamax2355/ukb_download_and_prep_template/blob/0dc1a3d4bfcc4b6e6ad15f700574ef5be0f15c6d/README.md; https://github.com/lenamax2355/ukb_download_and_prep_template; https://github.com/github/dmca/blob/master/2025/11/2025-11-04-uk-biobank.md; https://github.com/lenamax2355/ukb_download_and_prep_template/blob/d578363811a5fa1f9b8227857b5aad36835a0e19/docs/core.rst; https://github.com/lenamax2355/ukb_download_and_prep_template; https://github.com/github/dmca/blob/master/2025/11/2025-11-04-uk-biobank.md; https://github.com/lenamax2355/ukb_download_and_prep_template/blob/17b001a98ff621d5609a7974095fdcbaec221773/docs/_build/html/_sources/core.rst.txt; https://github.com/lenamax2355/ukb_download_and_prep_template; https://github.com/github/dmca/blob/master/2025/11/2025-11-04-uk-biobank.md; https://github.com/lenamax2355/ukb_download_and_prep_template/blob/9842d21710c6bed01b59c0e9822f51cce4e33124/docs/relabel.rst; https://github.com/lenamax2355/ukb_download_and_prep_template; https://github.com/github/dmca/blob/master/2025/11/2025-11-04-uk-biobank.md; https://github.com/lenamax2355/ukb_download_and_prep_template/blob/9842d21710c6bed01b59c0e9822f51cce4e33124/docs/_build/html/_sources/relabel.rst.txt; https://github.com/lenamax2355/ukb_download_and_prep_template,true
lineage_leonardocarey_phpstorm,,,,,,unresolved,0,,,{},Evidence is too generic to assign an application.,https://github.com/github/dmca/blob/master/2015/2015-07-06-jetbrains.md; https://github.com/leonardocarey/PhpStorm/blob/master/serial.txt; https://github.com/leonardocarey/PhpStorm,true
lineage_letroll_jetbrains-intellij-idea-key-generator,,,,,,unresolved,0,,,{},Evidence is too generic to assign an application.,https://github.com/github/dmca/blob/master/2015/2015-07-06-jetbrains.md; https://github.com/letroll/Jetbrains-IntelliJ-IDEA-Key-Generator,true
lineage_leungjianjun_leungjianjun.github.com,,,,,,unresolved,0,,,{},Evidence is too generic to assign an application.,https://github.com/github/dmca/blob/master/2015/2015-07-06-jetbrains.md; https://github.com/leungjianjun/leungjianjun.github.com/blob/master/blog/2011/10/19/activation-code-and-serial-number-collection/index.html; https://github.com/leungjianjun/leungjianjun.github.com,true
lineage_lhidalgo-_jetbrainspatchkeygen,,,,,,unresolved,0,,,{},Evidence is too generic to assign an application.,https://github.com/github/dmca/blob/master/2015/2015-07-06-jetbrains.md; https://github.com/lhidalgo-/JetbrainsPatchKeygen,true
lineage_libenhailu_golangbooks,,,,,,unresolved,0,,,{},Evidence is too generic to assign an application.,https://github.com/github/dmca/blob/master/2025/05/2025-05-29-packt.md; https://github.com/LibenHailu/GoLangBooks,true
lineage_libern_jetbrainspatchkeygen,,,,,,unresolved,0,,,{},Evidence is too generic to assign an application.,https://github.com/github/dmca/blob/master/2015/2015-07-06-jetbrains.md; https://github.com/libern/JetbrainsPatchKeygen,true
lineage_libin85_golangbooks,,,,,,unresolved,0,,,{},Evidence is too generic to assign an application.,https://github.com/github/dmca/blob/master/2025/05/2025-05-29-packt.md; https://github.com/libin85/GoLangBooks,true
lineage_lightmode00_nitro-generator,,,,,,unresolved,0,,,{},Evidence is too generic to assign an application.,https://github.com/github/dmca/blob/master/2023/10/2023-10-12-discord.md; https://github.com/LightMode00/Nitro-Generator,true
lineage_lily2015_tools-plugins,,,,,,unresolved,0,,,{},Evidence is too generic to assign an application.,https://github.com/github/dmca/blob/master/2015/2015-07-06-jetbrains.md; https://github.com/lily2015/tools-plugins/blob/master/catalogue; https://github.com/lily2015/tools-plugins,true
lineage_lingtuo_ukbb_gwas_dev,,,,,,unresolved,0,,,{},Evidence is too generic to assign an application.,https://github.com/github/dmca/blob/master/2025/08/2025-08-25-ukbiobank.md; https://github.com/LingTuo/UKBB_GWAS_dev/blob/ef9969deb64a10116cfc1e41367e3030a705958e/analysis/AD_toy.ipynb; https://github.com/LingTuo/UKBB_GWAS_dev; https://github.com/github/dmca/blob/master/2025/08/2025-08-25-ukbiobank.md; https://github.com/LingTuo/UKBB_GWAS_dev/blob/966bb1fdafaab23e738f8654221a4cf755943c44/analysis/AD_toy.ipynb; https://github.com/LingTuo/UKBB_GWAS_dev; https://github.com/github/dmca/blob/master/2025/08/2025-08-25-ukbiobank.md; https://github.com/LingTuo/UKBB_GWAS_dev/blob/c11ef64dd311ba90958b43c4371fe31fb24e71c7/analysis/cluster_scripts/121521_blood_pressure_burden.ipynb; https://github.com/LingTuo/UKBB_GWAS_dev; https://github.com/github/dmca/blob/master/2025/08/2025-08-25-ukbiobank.md; https://github.com/LingTuo/UKBB_GWAS_dev/blob/d0adb27a2c621b982d3e31fe2349e6e1a5cf7662/analysis/cluster_scripts/121521_blood_pressure_burden.ipynb; https://github.com/LingTuo/UKBB_GWAS_dev; https://github.com/github/dmca/blob/master/2025/08/2025-08-25-ukbiobank.md; https://github.com/LingTuo/UKBB_GWAS_dev/blob/53d6f8ef549864bb58d9fafcaae059f0bba2c26b/analysis/cluster_scripts/121521_blood_pressure_burden.ipynb; https://github.com/LingTuo/UKBB_GWAS_dev; https://github.com/github/dmca/blob/master/2025/08/2025-08-25-ukbiobank.md; https://github.com/LingTuo/UKBB_GWAS_dev/blob/fd52218e1efae3fc8e798ca84b60b8f0935c3566/analysis/cluster_scripts/AD_scripts.ipynb; https://github.com/LingTuo/UKBB_GWAS_dev; https://github.com/github/dmca/blob/master/2025/08/2025-08-25-ukbiobank.md; https://github.com/LingTuo/UKBB_GWAS_dev/blob/2f49ad49367d202c4f41ab7d670ae7dd2d757709/analysis/cluster_scripts/AD_scripts.ipynb; https://github.com/LingTuo/UKBB_GWAS_dev; https://github.com/github/dmca/blob/master/2025/08/2025-08-25-ukbiobank.md; https://github.com/LingTuo/UKBB_GWAS_dev/blob/ed4d9516302e00d23fceec61dcc1d33613a0aedd/analysis/cluster_scripts/AD_scripts.ipynb; https://github.com/LingTuo/UKBB_GWAS_dev; https://github.com/github/dmca/blob/master/2025/08/2025-08-25-ukbiobank.md; https://github.com/LingTuo/UKBB_GWAS_dev/blob/f8f0c8c4c159c41ef012571362b5dda25abe5e00/analysis/cluster_scripts/AD_scripts.ipynb; https://github.com/LingTuo/UKBB_GWAS_dev; https://github.com/github/dmca/blob/master/2025/08/2025-08-25-ukbiobank.md; https://github.com/LingTuo/UKBB_GWAS_dev/blob/4cd0b25b6e19a4d6da2b8430d6ddd9a838bbf647/analysis/cluster_scripts/AD_scripts.ipynb; https://github.com/LingTuo/UKBB_GWAS_dev; https://github.com/github/dmca/blob/master/2025/08/2025-08-25-ukbiobank.md; https://github.com/LingTuo/UKBB_GWAS_dev/blob/038ceb300ddab187ebb943cd8ebc7e24d07c21de/analysis/cluster_scripts/AD_scripts.ipynb; https://github.com/LingTuo/UKBB_GWAS_dev; https://github.com/github/dmca/blob/master/2025/08/2025-08-25-ukbiobank.md; https://github.com/LingTuo/UKBB_GWAS_dev/blob/65634a1c2e1f2a9a15efa7b7847fb185c97432e8/analysis/cluster_scripts/EOHI_annotation.ipynb; https://github.com/LingTuo/UKBB_GWAS_dev; https://github.com/github/dmca/blob/master/2025/08/2025-08-25-ukbiobank.md; https://github.com/LingTuo/UKBB_GWAS_dev/blob/11edaf48daa57c85fc5af2aea5109d3675791196/analysis/cluster_scripts/EOHI_annotation.ipynb; https://github.com/LingTuo/UKBB_GWAS_dev; https://github.com/github/dmca/blob/master/2025/08/2025-08-25-ukbiobank.md; https://github.com/LingTuo/UKBB_GWAS_dev/blob/134e79bf218e25b1be883d6ba55ef8fed6d0c97a/analysis/cluster_scripts/EOHI_annotation.ipynb; https://github.com/LingTuo/UKBB_GWAS_dev; https://github.com/github/dmca/blob/master/2025/08/2025-08-25-ukbiobank.md; https://github.com/LingTuo/UKBB_GWAS_dev/blob/a27aa53630ec1e56730f015c348f7e4406befa7e/analysis/cluster_scripts/EOHI_annotation.ipynb; https://github.com/LingTuo/UKBB_GWAS_dev; https://github.com/github/dmca/blob/master/2025/08/2025-08-25-ukbiobank.md; https://github.com/LingTuo/UKBB_GWAS_dev/blob/64e4d9fa88d341404fe678caecd5dd6d5c481c53/analysis/cluster_scripts/EOHI_annotation.ipynb; https://github.com/LingTuo/UKBB_GWAS_dev; https://github.com/github/dmca/blob/master/2025/08/2025-08-25-ukbiobank.md; https://github.com/LingTuo/UKBB_GWAS_dev/blob/4a5de8dcdd8b95c142c922006fc65fb00a831f8a/analysis/cluster_scripts/EOHI_annotation.ipynb; https://github.com/LingTuo/UKBB_GWAS_dev; https://github.com/github/dmca/blob/master/2025/08/2025-08-25-ukbiobank.md; https://github.com/LingTuo/UKBB_GWAS_dev/blob/fd068699599f6162d700c323d07e4cf5e4e053d5/analysis/cluster_scripts/EOHI_annotation.ipynb; https://github.com/LingTuo/UKBB_GWAS_dev; https://github.com/github/dmca/blob/master/2025/08/2025-08-25-ukbiobank.md; https://github.com/LingTuo/UKBB_GWAS_dev/blob/ab878f4638dd61686a7a5a4307ea0a02b3326210/analysis/cluster_scripts/EOHI_annotation.ipynb; https://github.com/LingTuo/UKBB_GWAS_dev; https://github.com/github/dmca/blob/master/2025/08/2025-08-25-ukbiobank.md; https://github.com/LingTuo/UKBB_GWAS_dev/blob/be3c7aaa6dde211676969dd199a7b81b16b813c7/analysis/cluster_scripts/EOHI_annotation.ipynb; https://github.com/LingTuo/UKBB_GWAS_dev; https://github.com/github/dmca/blob/master/2025/08/2025-08-25-ukbiobank.md; https://github.com/LingTuo/UKBB_GWAS_dev/blob/b0b3b049f5a505a5d7b1e1d30a49d14182947b0e/analysis/cluster_scripts/EOHI_annotation.ipynb; https://github.com/LingTuo/UKBB_GWAS_dev; https://github.com/github/dmca/blob/master/2025/08/2025-08-25-ukbiobank.md; https://github.com/LingTuo/UKBB_GWAS_dev/blob/d105e58c8825b642789f494884204808f413a8ab/analysis/cluster_scripts/EOHI_annotation.ipynb; https://github.com/LingTuo/UKBB_GWAS_dev; https://github.com/github/dmca/blob/master/2025/08/2025-08-25-ukbiobank.md; https://github.com/LingTuo/UKBB_GWAS_dev/blob/7ba8f3e636ccd3065b7736e26b6820814dcba87e/analysis/cluster_scripts/EOHI_annotation.ipynb; https://github.com/LingTuo/UKBB_GWAS_dev; https://github.com/github/dmca/blob/master/2025/08/2025-08-25-ukbiobank.md; https://github.com/LingTuo/UKBB_GWAS_dev/blob/01c3ab5544913809e4a0581a7b3c4a9705e16c57/analysis/cluster_scripts/EOHI_annotation.ipynb; https://github.com/LingTuo/UKBB_GWAS_dev; https://github.com/github/dmca/blob/master/2025/08/2025-08-25-ukbiobank.md; https://github.com/LingTuo/UKBB_GWAS_dev/blob/fa8cfe226f976a6f0807eaf09ff0524451ddeea7/analysis/cluster_scripts/PCA_scripts.ipynb; https://github.com/LingTuo/UKBB_GWAS_dev; https://github.com/github/dmca/blob/master/2025/08/2025-08-25-ukbiobank.md; https://github.com/LingTuo/UKBB_GWAS_dev/blob/f7d02df395baa88462d958970ff0e0802f534b6b/analysis/cluster_scripts/PCA_scripts.ipynb; https://github.com/LingTuo/UKBB_GWAS_dev; https://github.com/github/dmca/blob/master/2025/08/2025-08-25-ukbiobank.md; https://github.com/LingTuo/UKBB_GWAS_dev/blob/c11ef64dd311ba90958b43c4371fe31fb24e71c7/analysis/cluster_scripts/PCA_scripts.ipynb; https://github.com/LingTuo/UKBB_GWAS_dev; https://github.com/github/dmca/blob/master/2025/08/2025-08-25-ukbiobank.md; https://github.com/LingTuo/UKBB_GWAS_dev/blob/90db1470c3d0db09739ce5e046693bb36356cfe2/analysis/cluster_scripts/PCA_scripts.ipynb; https://github.com/LingTuo/UKBB_GWAS_dev; https://github.com/github/dmca/blob/master/2025/08/2025-08-25-ukbiobank.md; https://github.com/LingTuo/UKBB_GWAS_dev/blob/1035ad4d26f7177d8da755eaec56d4963c63ff86/analysis/cluster_scripts/PCA_scripts.ipynb; https://github.com/LingTuo/UKBB_GWAS_dev; https://github.com/github/dmca/blob/master/2025/08/2025-08-25-ukbiobank.md; https://github.com/LingTuo/UKBB_GWAS_dev/blob/db407c4fd9e1d3cabc9e3f81001c6bc8c434169e/analysis/cluster_scripts/PCA_scripts.ipynb; https://github.com/LingTuo/UKBB_GWAS_dev; https://github.com/github/dmca/blob/master/2025/08/2025-08-25-ukbiobank.md; https://github.com/LingTuo/UKBB_GWAS_dev/blob/365080906a6724c91dd91883eff0443859396e15/analysis/exclusion_criteria_sample.ipynb; https://github.com/LingTuo/UKBB_GWAS_dev; https://github.com/github/dmca/blob/master/2025/08/2025-08-25-ukbiobank.md; https://github.com/LingTuo/UKBB_GWAS_dev/blob/97639e45d626734629c7cfe066c7bec2eaa27c68/analysis/exclusion_criteria_sample.ipynb; https://github.com/LingTuo/UKBB_GWAS_dev; https://github.com/github/dmca/blob/master/2025/08/2025-08-25-ukbiobank.md; https://github.com/LingTuo/UKBB_GWAS_dev/blob/bf4c012a04aa2edbd7634226a7cf73694bf1e785/analysis/Hearing_difficulty.ipynb; https://github.com/LingTuo/UKBB_GWAS_dev; https://github.com/github/dmca/blob/master/2025/08/2025-08-25-ukbiobank.md; https://github.com/LingTuo/UKBB_GWAS_dev/blob/759406ce600644124702c9c0cd9ad07436c883b2/analysis/Hearing_phenotype.ipynb; https://github.com/LingTuo/UKBB_GWAS_dev; https://github.com/github/dmca/blob/master/2025/08/2025-08-25-ukbiobank.md; https://github.com/LingTuo/UKBB_GWAS_dev/blob/9f926f2a1ec482aa1fada2ecc8de476b50fc02f1/analysis/Hearing_phenotype.ipynb; https://github.com/LingTuo/UKBB_GWAS_dev; https://github.com/github/dmca/blob/master/2025/08/2025-08-25-ukbiobank.md; https://github.com/LingTuo/UKBB_GWAS_dev/blob/b5fb01b290a451c56b531bc2b36f813db58513b2/analysis/Hearing_phenotype.ipynb; https://github.com/LingTuo/UKBB_GWAS_dev; https://github.com/github/dmca/blob/master/2025/08/2025-08-25-ukbiobank.md; https://github.com/LingTuo/UKBB_GWAS_dev/blob/87ed42ddb44c9898464f9b34cf1e18a7c8e66ce9/analysis/Hearing_phenotype.ipynb; https://github.com/LingTuo/UKBB_GWAS_dev; https://github.com/github/dmca/blob/master/2025/08/2025-08-25-ukbiobank.md; https://github.com/LingTuo/UKBB_GWAS_dev/blob/ccb2c928f9109c1755eae33e363677b44f994cae/analysis/Hearing_phenotype.ipynb; https://github.com/LingTuo/UKBB_GWAS_dev; https://github.com/github/dmca/blob/master/2025/08/2025-08-25-ukbiobank.md; https://github.com/LingTuo/UKBB_GWAS_dev/blob/e5d70de844bc5e333451258ca5490973e19c845e/analysis/Hearing_phenotype.ipynb; https://github.com/LingTuo/UKBB_GWAS_dev; https://github.com/github/dmca/blob/master/2025/08/2025-08-25-ukbiobank.md; https://github.com/LingTuo/UKBB_GWAS_dev/blob/640b0c1a643aa094b2f7b8e4b34ab2e7b679f946/analysis/Hearing_phenotype.ipynb; https://github.com/LingTuo/UKBB_GWAS_dev; https://github.com/github/dmca/blob/master/2025/08/2025-08-25-ukbiobank.md; https://github.com/LingTuo/UKBB_GWAS_dev/blob/4825b9c483f2d11d7e8787cb6410d34fb6158d85/analysis/Hearing_phenotype.ipynb; https://github.com/LingTuo/UKBB_GWAS_dev; https://github.com/github/dmca/blob/master/2025/08/2025-08-25-ukbiobank.md; https://github.com/LingTuo/UKBB_GWAS_dev/blob/ab96228a871cf9b91cc49672ed57118deb094485/analysis/Hearing_phenotype.ipynb; https://github.com/LingTuo/UKBB_GWAS_dev; https://github.com/github/dmca/blob/master/2025/08/2025-08-25-ukbiobank.md; https://github.com/LingTuo/UKBB_GWAS_dev/blob/84e1af529b159920f8edf4cb0c506177069c8ac5/analysis/Hearing_phenotype.ipynb; https://github.com/LingTuo/UKBB_GWAS_dev; https://github.com/github/dmca/blob/master/2025/08/2025-08-25-ukbiobank.md; https://github.com/LingTuo/UKBB_GWAS_dev/blob/365080906a6724c91dd91883eff0443859396e15/analysis/HI_allwhites.ipynb; https://github.com/LingTuo/UKBB_GWAS_dev; https://github.com/github/dmca/blob/master/2025/08/2025-08-25-ukbiobank.md; https://github.com/LingTuo/UKBB_GWAS_dev/blob/97639e45d626734629c7cfe066c7bec2eaa27c68/analysis/HI_allwhites.ipynb; https://github.com/LingTuo/UKBB_GWAS_dev; https://github.com/github/dmca/blob/master/2025/08/2025-08-25-ukbiobank.md; https://github.com/LingTuo/UKBB_GWAS_dev/blob/6402aefbed9f0d983582b9b417ef6754af8baf21/analysis/HI_phenotypes.ipynb; https://github.com/LingTuo/UKBB_GWAS_dev; https://github.com/github/dmca/blob/master/2025/08/2025-08-25-ukbiobank.md; https://github.com/LingTuo/UKBB_GWAS_dev/blob/fd3a3db405f7e835881efaca273401b0c0afc899/analysis/HI_phenotypes.ipynb; https://github.com/LingTuo/UKBB_GWAS_dev; https://github.com/github/dmca/blob/master/2025/08/2025-08-25-ukbiobank.md; https://github.com/LingTuo/UKBB_GWAS_dev/blob/fd794ee2b82e773542d811d43bf21f200fb4c0c9/analysis/HI_phenotypes.ipynb; https://github.com/LingTuo/UKBB_GWAS_dev; https://github.com/github/dmca/blob/master/2025/08/2025-08-25-ukbiobank.md; https://github.com/LingTuo/UKBB_GWAS_dev/blob/6285741ef020ec48371428e879cab3d50e25159b/analysis/HI_phenotypes.ipynb; https://github.com/LingTuo/UKBB_GWAS_dev; https://github.com/github/dmca/blob/master/2025/08/2025-08-25-ukbiobank.md; https://github.com/LingTuo/UKBB_GWAS_dev/blob/3d867e555b00bb5a2caaa63515bb6e8d24f499e9/analysis/HI_phenotypes.ipynb; https://github.com/LingTuo/UKBB_GWAS_dev; https://github.com/github/dmca/blob/master/2025/08/2025-08-25-ukbiobank.md; https://github.com/LingTuo/UKBB_GWAS_dev/blob/8d1a3e88a9d090262537c8eac19626d2db5a2fcd/analysis/HI_phenotypes.ipynb; https://github.com/LingTuo/UKBB_GWAS_dev; https://github.com/github/dmca/blob/master/2025/08/2025-08-25-ukbiobank.md; https://github.com/LingTuo/UKBB_GWAS_dev/blob/43cf41dd1bfd0a62718e1aea83c30164d6a7bb34/analysis/HI_phenotypes.ipynb; https://github.com/LingTuo/UKBB_GWAS_dev; https://github.com/github/dmca/blob/master/2025/08/2025-08-25-ukbiobank.md; https://github.com/LingTuo/UKBB_GWAS_dev/blob/631d7478584f4872b98ec330cb60af11c1a93490/analysis/HI_phenotypes.ipynb; https://github.com/LingTuo/UKBB_GWAS_dev; https://github.com/github/dmca/blob/master/2025/08/2025-08-25-ukbiobank.md; https://github.com/LingTuo/UKBB_GWAS_dev/blob/0a88a26e6ac45d9aa5afb76e0a1ebf710b3e8e6e/analysis/HI_phenotypes.ipynb; https://github.com/LingTuo/UKBB_GWAS_dev; https://github.com/github/dmca/blob/master/2025/08/2025-08-25-ukbiobank.md; https://github.com/LingTuo/UKBB_GWAS_dev/blob/ea7ae80d6c1cf4841ed337e803e710bd7d8db9d1/analysis/HI_phenotypes.ipynb; https://github.com/LingTuo/UKBB_GWAS_dev; https://github.com/github/dmca/blob/master/2025/08/2025-08-25-ukbiobank.md; https://github.com/LingTuo/UKBB_GWAS_dev/blob/309616dbf154fe10aa9d9f2db2146f3cd5790a16/analysis/HI_phenotypes.ipynb; https://github.com/LingTuo/UKBB_GWAS_dev; https://github.com/github/dmca/blob/master/2025/08/2025-08-25-ukbiobank.md; https://github.com/LingTuo/UKBB_GWAS_dev/blob/efa597a4c2f534787d4a372ed70f4a0251c48f9c/analysis/HI_phenotypes.ipynb; https://github.com/LingTuo/UKBB_GWAS_dev; https://github.com/github/dmca/blob/master/2025/08/2025-08-25-ukbiobank.md; https://github.com/LingTuo/UKBB_GWAS_dev/blob/9470c83f2282720d7a226df43fac8e739a85bca0/analysis/HI_phenotypes.ipynb; https://github.com/LingTuo/UKBB_GWAS_dev; https://github.com/github/dmca/blob/master/2025/08/2025-08-25-ukbiobank.md; https://github.com/LingTuo/UKBB_GWAS_dev/blob/ef9969deb64a10116cfc1e41367e3030a705958e/analysis/phenotype_analysis.ipynb; https://github.com/LingTuo/UKBB_GWAS_dev; https://github.com/github/dmca/blob/master/2025/08/2025-08-25-ukbiobank.md; https://github.com/LingTuo/UKBB_GWAS_dev/blob/1b267265f1c863f5d07de63307b835883a928476/analysis/phenotype_analysis.ipynb; https://github.com/LingTuo/UKBB_GWAS_dev; https://github.com/github/dmca/blob/master/2025/08/2025-08-25-ukbiobank.md; https://github.com/LingTuo/UKBB_GWAS_dev/blob/53b744b6d7928e7faeda71657144a2125e3f0442/analysis/phenotype_analysis.ipynb; https://github.com/LingTuo/UKBB_GWAS_dev; https://github.com/github/dmca/blob/master/2025/08/2025-08-25-ukbiobank.md; https://github.com/LingTuo/UKBB_GWAS_dev/blob/87494afedaff4e270ef86a1ac223d9a71707daea/analysis/phenotypes/092821_hearing_impairment_500K.ipynb; https://github.com/LingTuo/UKBB_GWAS_dev; https://github.com/github/dmca/blob/master/2025/08/2025-08-25-ukbiobank.md; https://github.com/LingTuo/UKBB_GWAS_dev/blob/0766412c86c98a64ddede383452686b2b994ace1/analysis/phenotypes/092821_hearing_impairment_500K.ipynb; https://github.com/LingTuo/UKBB_GWAS_dev; https://github.com/github/dmca/blob/master/2025/08/2025-08-25-ukbiobank.md; https://github.com/LingTuo/UKBB_GWAS_dev/blob/248e178e3117ec1863db2408295ff36da6188175/analysis/phenotypes/092821_hearing_impairment_500K.ipynb; https://github.com/LingTuo/UKBB_GWAS_dev; https://github.com/github/dmca/blob/master/2025/08/2025-08-25-ukbiobank.md; https://github.com/LingTuo/UKBB_GWAS_dev/blob/0572ff49812c6dff2062ca4c6304f8e877a58b4d/analysis/phenotypes/092921_hearing_impairment_300K.ipynb; https://github.com/LingTuo/UKBB_GWAS_dev; https://github.com/github/dmca/blob/master/2025/08/2025-08-25-ukbiobank.md; https://github.com/LingTuo/UKBB_GWAS_dev/blob/c11ef64dd311ba90958b43c4371fe31fb24e71c7/analysis/phenotypes/092921_hearing_impairment_300K.ipynb; https://github.com/LingTuo/UKBB_GWAS_dev; https://github.com/github/dmca/blob/master/2025/08/2025-08-25-ukbiobank.md; https://github.com/LingTuo/UKBB_GWAS_dev/blob/7cc6367e8ea98a2867b3a2080f1817f8af0835d3/analysis/phenotypes/092921_hearing_impairment_300K.ipynb; https://github.com/LingTuo/UKBB_GWAS_dev; https://github.com/github/dmca/blob/master/2025/08/2025-08-25-ukbiobank.md; https://github.com/LingTuo/UKBB_GWAS_dev/blob/36273d89d9d92f9fc9d512a312e337cbc1a68e54/analysis/phenotypes/122021_Asians_Africans_in_500K.ipynb; https://github.com/LingTuo/UKBB_GWAS_dev; https://github.com/github/dmca/blob/master/2025/08/2025-08-25-ukbiobank.md; https://github.com/LingTuo/UKBB_GWAS_dev/blob/91b6b11acff49833ba0a8ec83e5dc9db0cd7b147/analysis/phenotypes/122021_Asians_Africans_in_500K.ipynb; https://github.com/LingTuo/UKBB_GWAS_dev; https://github.com/github/dmca/blob/master/2025/08/2025-08-25-ukbiobank.md; https://github.com/LingTuo/UKBB_GWAS_dev/blob/3ab075ecc46222fb70175db7c751a3a26f2cc771/analysis/phenotypes/Early_onset_HI_phenotype.ipynb; https://github.com/LingTuo/UKBB_GWAS_dev; https://github.com/github/dmca/blob/master/2025/08/2025-08-25-ukbiobank.md; https://github.com/LingTuo/UKBB_GWAS_dev/blob/99c1c5d8d26262b24391ec10a749d3a63ce3a4d4/analysis/phenotypes/Early_onset_HI_phenotype.ipynb; https://github.com/LingTuo/UKBB_GWAS_dev; https://github.com/github/dmca/blob/master/2025/08/2025-08-25-ukbiobank.md; https://github.com/LingTuo/UKBB_GWAS_dev/blob/ba42dbafef1e0c321697445c48a1a6f4e1510eec/analysis/phenotypes/Early_onset_HI_phenotype.ipynb; https://github.com/LingTuo/UKBB_GWAS_dev; https://github.com/github/dmca/blob/master/2025/08/2025-08-25-ukbiobank.md; https://github.com/LingTuo/UKBB_GWAS_dev/blob/78d6ddc10268c5583c7564e66a34b4d8ca74dc8c/analysis/phenotypes/Early_onset_HI_phenotype.ipynb; https://github.com/LingTuo/UKBB_GWAS_dev; https://github.com/github/dmca/blob/master/2025/08/2025-08-25-ukbiobank.md; https://github.com/LingTuo/UKBB_GWAS_dev/blob/1dea33639df31d1f8a6fe42ddbb6b3f420c06dd9/analysis/phenotypes/Early_onset_HI_phenotype.ipynb; https://github.com/LingTuo/UKBB_GWAS_dev; https://github.com/github/dmca/blob/master/2025/08/2025-08-25-ukbiobank.md; https://github.com/LingTuo/UKBB_GWAS_dev/blob/d105e58c8825b642789f494884204808f413a8ab/analysis/phenotypes/Early_onset_HI_phenotype.ipynb; https://github.com/LingTuo/UKBB_GWAS_dev; https://github.com/github/dmca/blob/master/2025/08/2025-08-25-ukbiobank.md; https://github.com/LingTuo/UKBB_GWAS_dev/blob/9bd0c9af7f2b4da56820c229c76a6bb277d49f68/analysis/phenotypes/Early_onset_HI_phenotype.ipynb; https://github.com/LingTuo/UKBB_GWAS_dev; https://github.com/github/dmca/blob/master/2025/08/2025-08-25-ukbiobank.md; https://github.com/LingTuo/UKBB_GWAS_dev/blob/799c273ee0ff336366e96aeaeff2d73b141f9850/analysis/phenotypes/Early_onset_HI_phenotype.ipynb; https://github.com/LingTuo/UKBB_GWAS_dev; https://github.com/github/dmca/blob/master/2025/08/2025-08-25-ukbiobank.md; https://github.com/LingTuo/UKBB_GWAS_dev/blob/01c3ab5544913809e4a0581a7b3c4a9705e16c57/analysis/phenotypes/Early_onset_HI_phenotype.ipynb; https://github.com/LingTuo/UKBB_GWAS_dev; https://github.com/github/dmca/blob/master/2025/08/2025-08-25-ukbiobank.md; https://github.com/LingTuo/UKBB_GWAS_dev/blob/a4576af1630e301c823f68b350242316739653b5/analysis/phenotypes/Early_onset_HI_phenotype.ipynb; https://github.com/LingTuo/UKBB_GWAS_dev; https://github.com/github/dmca/blob/master/2025/08/2025-08-25-ukbiobank.md; https://github.com/LingTuo/UKBB_GWAS_dev/blob/e9cf0f99b1b54a45a1a07f70c4fd05e8305dad88/analysis/phenotypes/Early_onset_HI_phenotype.ipynb; https://github.com/LingTuo/UKBB_GWAS_dev; https://github.com/github/dmca/blob/master/2025/08/2025-08-25-ukbiobank.md; https://github.com/LingTuo/UKBB_GWAS_dev/blob/6d4743309518e9bb2933fa80b9f664c25a49346b/analysis/phenotypes/Exome_filtering.ipynb; https://github.com/LingTuo/UKBB_GWAS_dev; https://github.com/github/dmca/blob/master/2025/08/2025-08-25-ukbiobank.md; https://github.com/LingTuo/UKBB_GWAS_dev/blob/f7d02df395baa88462d958970ff0e0802f534b6b/analysis/phenotypes/hearing_impairment_fabiha.ipynb; https://github.com/LingTuo/UKBB_GWAS_dev; https://github.com/github/dmca/blob/master/2025/08/2025-08-25-ukbiobank.md; https://github.com/LingTuo/UKBB_GWAS_dev/blob/d0adb27a2c621b982d3e31fe2349e6e1a5cf7662/analysis/phenotypes/hearing_impairment_fabiha.ipynb; https://github.com/LingTuo/UKBB_GWAS_dev; https://github.com/github/dmca/blob/master/2025/08/2025-08-25-ukbiobank.md; https://github.com/LingTuo/UKBB_GWAS_dev/blob/812f3d4f5bccf004d65b83a3ee8b3c33a40081dc/analysis/phenotypes/hearing_impairment_fabiha.ipynb; https://github.com/LingTuo/UKBB_GWAS_dev; https://github.com/github/dmca/blob/master/2025/08/2025-08-25-ukbiobank.md; https://github.com/LingTuo/UKBB_GWAS_dev/blob/2c99baca7d11ffa87fefd00c22339a6962661ed9/analysis/phenotypes/hearing_impairment_fabiha.ipynb; https://github.com/LingTuo/UKBB_GWAS_dev; https://github.com/github/dmca/blob/master/2025/08/2025-08-25-ukbiobank.md; https://github.com/LingTuo/UKBB_GWAS_dev/blob/1035ad4d26f7177d8da755eaec56d4963c63ff86/analysis/phenotypes/hearing_impairment_fabiha.ipynb; https://github.com/LingTuo/UKBB_GWAS_dev; https://github.com/github/dmca/blob/master/2025/08/2025-08-25-ukbiobank.md; https://github.com/LingTuo/UKBB_GWAS_dev/blob/846766894cf51a4a17aa92705503d62142ec30dd/analysis/phenotypes/hearing_impairment_fabiha.ipynb; https://github.com/LingTuo/UKBB_GWAS_dev; https://github.com/github/dmca/blob/master/2025/08/2025-08-25-ukbiobank.md; https://github.com/LingTuo/UKBB_GWAS_dev/blob/cffef1a3a7e1d9b191c4742b574008cbab3813a2/analysis/phenotypes/hearing_impairment_fabiha.ipynb; https://github.com/LingTuo/UKBB_GWAS_dev; https://github.com/github/dmca/blob/master/2025/08/2025-08-25-ukbiobank.md; https://github.com/LingTuo/UKBB_GWAS_dev/blob/439fe84f5da3abcf6dc051838617cf4e110461db/analysis/phenotypes/hearing_impairment_fabiha.ipynb; https://github.com/LingTuo/UKBB_GWAS_dev; https://github.com/github/dmca/blob/master/2025/08/2025-08-25-ukbiobank.md; https://github.com/LingTuo/UKBB_GWAS_dev/blob/44ca02a3f07ce9f4893b0347a03fc15244322584/analysis/phenotypes/hearing_impairment_fabiha.ipynb; https://github.com/LingTuo/UKBB_GWAS_dev; https://github.com/github/dmca/blob/master/2025/08/2025-08-25-ukbiobank.md; https://github.com/LingTuo/UKBB_GWAS_dev/blob/a320d5feaa0d97c80cf48c9062c215c3974658ab/analysis/phenotypes/hearing_impairment_fabiha.ipynb; https://github.com/LingTuo/UKBB_GWAS_dev; https://github.com/github/dmca/blob/master/2025/08/2025-08-25-ukbiobank.md; https://github.com/LingTuo/UKBB_GWAS_dev/blob/356a9e2eeabfd857441abbfbc8dc8c46be4e68fc/analysis/phenotypes/hearing_impairment_fabiha.ipynb; https://github.com/LingTuo/UKBB_GWAS_dev; https://github.com/github/dmca/blob/master/2025/08/2025-08-25-ukbiobank.md; https://github.com/LingTuo/UKBB_GWAS_dev/blob/bd7abb831db8b2ca1e23476fb8acaad21705ab38/analysis/phenotypes/hearing_impairment_fabiha.ipynb; https://github.com/LingTuo/UKBB_GWAS_dev; https://github.com/github/dmca/blob/master/2025/08/2025-08-25-ukbiobank.md; https://github.com/LingTuo/UKBB_GWAS_dev/blob/2b139aa0ad98f07bc3378ddc29c5265c91510c3b/analysis/phenotypes/hearing_impairment_fabiha.ipynb; https://github.com/LingTuo/UKBB_GWAS_dev; https://github.com/github/dmca/blob/master/2025/08/2025-08-25-ukbiobank.md; https://github.com/LingTuo/UKBB_GWAS_dev/blob/5ab681fc1a79022e33d1a3abeaadb1d0bcb83b63/analysis/phenotypes/hearing_impairment_fabiha.ipynb; https://github.com/LingTuo/UKBB_GWAS_dev; https://github.com/github/dmca/blob/master/2025/08/2025-08-25-ukbiobank.md; https://github.com/LingTuo/UKBB_GWAS_dev/blob/be3c7aaa6dde211676969dd199a7b81b16b813c7/analysis/phenotypes/hearing_impairment_fabiha.ipynb; https://github.com/LingTuo/UKBB_GWAS_dev; https://github.com/github/dmca/blob/master/2025/08/2025-08-25-ukbiobank.md; https://github.com/LingTuo/UKBB_GWAS_dev/blob/6d4743309518e9bb2933fa80b9f664c25a49346b/analysis/phenotypes/Hearing_phenotype.ipynb; https://github.com/LingTuo/UKBB_GWAS_dev; https://github.com/github/dmca/blob/master/2025/08/2025-08-25-ukbiobank.md; https://github.com/LingTuo/UKBB_GWAS_dev/blob/864ab8de91cff63063df4627b1030c8973d4e7d9/analysis/phenotypes/Hearing_phenotype.ipynb; https://github.com/LingTuo/UKBB_GWAS_dev; https://github.com/github/dmca/blob/master/2025/08/2025-08-25-ukbiobank.md; https://github.com/LingTuo/UKBB_GWAS_dev/blob/d5a588d8062e447591246da66404a93f0b5048e1/analysis/phenotypes/Hearing_phenotype.ipynb; https://github.com/LingTuo/UKBB_GWAS_dev; https://github.com/github/dmca/blob/master/2025/08/2025-08-25-ukbiobank.md; https://github.com/LingTuo/UKBB_GWAS_dev/blob/fb437a192824ded7dd78f820336158ddfca8fe6f/analysis/phenotypes/Hearing_phenotype.ipynb; https://github.com/LingTuo/UKBB_GWAS_dev; https://github.com/github/dmca/blob/master/2025/08/2025-08-25-ukbiobank.md; https://github.com/LingTuo/UKBB_GWAS_dev/blob/be3c7aaa6dde211676969dd199a7b81b16b813c7/analysis/phenotypes/Hearing_phenotype.ipynb; https://github.com/LingTuo/UKBB_GWAS_dev; https://github.com/github/dmca/blob/master/2025/08/2025-08-25-ukbiobank.md; https://github.com/LingTuo/UKBB_GWAS_dev/blob/34a284b66ddeda687ba1281f35aabeb139317b24/analysis/phenotypes/Hearing_phenotype.ipynb; https://github.com/LingTuo/UKBB_GWAS_dev; https://github.com/github/dmca/blob/master/2025/08/2025-08-25-ukbiobank.md; https://github.com/LingTuo/UKBB_GWAS_dev/blob/5714e3c19d4cf79267dd14b9d41207909b33c243/analysis/phenotypes/Hearing_phenotype.ipynb; https://github.com/LingTuo/UKBB_GWAS_dev; https://github.com/github/dmca/blob/master/2025/08/2025-08-25-ukbiobank.md; https://github.com/LingTuo/UKBB_GWAS_dev/blob/d00cd7db0cdf30dcad89cc90f62d60e8dd5bf6e2/analysis/phenotypes/Hearing_phenotype.ipynb; https://github.com/LingTuo/UKBB_GWAS_dev; https://github.com/github/dmca/blob/master/2025/08/2025-08-25-ukbiobank.md; https://github.com/LingTuo/UKBB_GWAS_dev/blob/24080b4113740b310b59ec9fd3e79b5fcecbe525/analysis/phenotypes/Hearing_phenotype.ipynb; https://github.com/LingTuo/UKBB_GWAS_dev; https://github.com/github/dmca/blob/master/2025/08/2025-08-25-ukbiobank.md; https://github.com/LingTuo/UKBB_GWAS_dev/blob/6e21f76beeef8209757670cc919d095c11849043/analysis/phenotypes/Hearing_phenotype.ipynb; https://github.com/LingTuo/UKBB_GWAS_dev; https://github.com/github/dmca/blob/master/2025/08/2025-08-25-ukbiobank.md; https://github.com/LingTuo/UKBB_GWAS_dev/blob/c76ca42c86654122a602388af5da77a20e60d42d/analysis/phenotypes/Hearing_phenotype.ipynb; https://github.com/LingTuo/UKBB_GWAS_dev; https://github.com/github/dmca/blob/master/2025/08/2025-08-25-ukbiobank.md; https://github.com/LingTuo/UKBB_GWAS_dev/blob/d32dd71189f66ad81e2c0ab57665258ff4d288ea/analysis/phenotypes/Hearing_phenotype.ipynb; https://github.com/LingTuo/UKBB_GWAS_dev; https://github.com/github/dmca/blob/master/2025/08/2025-08-25-ukbiobank.md; https://github.com/LingTuo/UKBB_GWAS_dev/blob/1f392e1a334ab105d4b6be78d2cf1385f96d78c0/analysis/phenotypes/Hearing_phenotype.ipynb; https://github.com/LingTuo/UKBB_GWAS_dev; https://github.com/github/dmca/blob/master/2025/08/2025-08-25-ukbiobank.md; https://github.com/LingTuo/UKBB_GWAS_dev/blob/d2477645a0e44097a1570fafde3e41db76f2e965/analysis/phenotypes/Hearing_phenotype.ipynb; https://github.com/LingTuo/UKBB_GWAS_dev; https://github.com/github/dmca/blob/master/2025/08/2025-08-25-ukbiobank.md; https://github.com/LingTuo/UKBB_GWAS_dev/blob/804a49e20903d8a6a7eafcb7472453c5ea2dcde8/analysis/phenotypes/Hearing_phenotype.ipynb; https://github.com/LingTuo/UKBB_GWAS_dev; https://github.com/github/dmca/blob/master/2025/08/2025-08-25-ukbiobank.md; https://github.com/LingTuo/UKBB_GWAS_dev/blob/d00cd7db0cdf30dcad89cc90f62d60e8dd5bf6e2/analysis/phenotypes/Hearing_phenotype_Rancode.ipynb; https://github.com/LingTuo/UKBB_GWAS_dev; https://github.com/github/dmca/blob/master/2025/08/2025-08-25-ukbiobank.md; https://github.com/LingTuo/UKBB_GWAS_dev/blob/2f49ad49367d202c4f41ab7d670ae7dd2d757709/analysis/phenotypes/HI_50k_150k_counts.ipynb; https://github.com/LingTuo/UKBB_GWAS_dev; https://github.com/github/dmca/blob/master/2025/08/2025-08-25-ukbiobank.md; https://github.com/LingTuo/UKBB_GWAS_dev/blob/22512cc9f46b13de3f4e1840507b804e73b9e531/analysis/phenotypes/HI_50k_150k_counts.ipynb; https://github.com/LingTuo/UKBB_GWAS_dev; https://github.com/github/dmca/blob/master/2025/08/2025-08-25-ukbiobank.md; https://github.com/LingTuo/UKBB_GWAS_dev/blob/3b93429f14417701baa4c224858bb4dbd29d4069/analysis/phenotypes/HI_50k_150k_counts.ipynb; https://github.com/LingTuo/UKBB_GWAS_dev; https://github.com/github/dmca/blob/master/2025/08/2025-08-25-ukbiobank.md; https://github.com/LingTuo/UKBB_GWAS_dev/blob/a0202ee899cb9eaf87259dc43b09dda2d295fe03/analysis/phenotypes/HI_50k_150k_counts.ipynb; https://github.com/LingTuo/UKBB_GWAS_dev; https://github.com/github/dmca/blob/master/2025/08/2025-08-25-ukbiobank.md; https://github.com/LingTuo/UKBB_GWAS_dev/blob/48e6f7974c1bdd9325e36eaf3f4fdb4bed1e0707/analysis/phenotypes/HI_50k_150k_counts.ipynb; https://github.com/LingTuo/UKBB_GWAS_dev; https://github.com/github/dmca/blob/master/2025/08/2025-08-25-ukbiobank.md; https://github.com/LingTuo/UKBB_GWAS_dev/blob/b9c91935a28e78c9aa80ba745013d044ebfe9995/analysis/phenotypes/HSPG2.ipynb; https://github.com/LingTuo/UKBB_GWAS_dev; https://github.com/github/dmca/blob/master/2025/08/2025-08-25-ukbiobank.md; https://github.com/LingTuo/UKBB_GWAS_dev/blob/804a49e20903d8a6a7eafcb7472453c5ea2dcde8/analysis/phenotypes/pheno_analysis_pleiotropy.ipynb; https://github.com/LingTuo/UKBB_GWAS_dev; https://github.com/github/dmca/blob/master/2025/08/2025-08-25-ukbiobank.md; https://github.com/LingTuo/UKBB_GWAS_dev/blob/804a49e20903d8a6a7eafcb7472453c5ea2dcde8/analysis/phenotypes/SRT_phenotype.ipynb; https://github.com/LingTuo/UKBB_GWAS_dev; https://github.com/github/dmca/blob/master/2025/08/2025-08-25-ukbiobank.md; https://github.com/LingTuo/UKBB_GWAS_dev/blob/ba42dbafef1e0c321697445c48a1a6f4e1510eec/analysis/phenotypes/Tinnitus_phenotype.ipynb; https://github.com/LingTuo/UKBB_GWAS_dev; https://github.com/github/dmca/blob/master/2025/08/2025-08-25-ukbiobank.md; https://github.com/LingTuo/UKBB_GWAS_dev/blob/d5a588d8062e447591246da66404a93f0b5048e1/analysis/phenotypes/Tinnitus_phenotype.ipynb; https://github.com/LingTuo/UKBB_GWAS_dev; https://github.com/github/dmca/blob/master/2025/08/2025-08-25-ukbiobank.md; https://github.com/LingTuo/UKBB_GWAS_dev/blob/804a49e20903d8a6a7eafcb7472453c5ea2dcde8/analysis/phenotypes/Tinnitus_phenotype.ipynb; https://github.com/LingTuo/UKBB_GWAS_dev; https://github.com/github/dmca/blob/master/2025/08/2025-08-25-ukbiobank.md; https://github.com/LingTuo/UKBB_GWAS_dev/blob/d2477645a0e44097a1570fafde3e41db76f2e965/analysis/phenotypes/Tinnitus_phenotype.ipynb; https://github.com/LingTuo/UKBB_GWAS_dev; https://github.com/github/dmca/blob/master/2025/08/2025-08-25-ukbiobank.md; https://github.com/LingTuo/UKBB_GWAS_dev/blob/1f392e1a334ab105d4b6be78d2cf1385f96d78c0/analysis/phenotypes/Tinnitus_phenotype.ipynb; https://github.com/LingTuo/UKBB_GWAS_dev; https://github.com/github/dmca/blob/master/2025/08/2025-08-25-ukbiobank.md; https://github.com/LingTuo/UKBB_GWAS_dev/blob/d0687788a3644c947fe9f316dc2665ce62b45937/analysis/phenotypes/UKB_participant_withdrawal.ipynb; https://github.com/LingTuo/UKBB_GWAS_dev; https://github.com/github/dmca/blob/master/2025/08/2025-08-25-ukbiobank.md; https://github.com/LingTuo/UKBB_GWAS_dev/blob/db92bdc43700ea417cc7a81ece42c81fecf7fab4/analysis/python_learning.ipynb; https://github.com/LingTuo/UKBB_GWAS_dev; https://github.com/github/dmca/blob/master/2025/08/2025-08-25-ukbiobank.md; https://github.com/LingTuo/UKBB_GWAS_dev/blob/ce510c78a8b53d5c9d27383c1d8bf9a9771b8a09/analysis/python_learning.ipynb; https://github.com/LingTuo/UKBB_GWAS_dev; https://github.com/github/dmca/blob/master/2025/08/2025-08-25-ukbiobank.md; https://github.com/LingTuo/UKBB_GWAS_dev/blob/eaf1fe100c7fae19b3bc5e64cd3364e99e5c0b89/analysis/python_learning.ipynb; https://github.com/LingTuo/UKBB_GWAS_dev; https://github.com/github/dmca/blob/master/2025/08/2025-08-25-ukbiobank.md; https://github.com/LingTuo/UKBB_GWAS_dev/blob/d83e2023ca75fc28b287d8a151788b63b6920d84/analysis/python_learning.ipynb; https://github.com/LingTuo/UKBB_GWAS_dev; https://github.com/github/dmca/blob/master/2025/08/2025-08-25-ukbiobank.md; https://github.com/LingTuo/UKBB_GWAS_dev/blob/6f5a3290d5873599966d305e3d438d9f0f02e228/analysis/python_learning.ipynb; https://github.com/LingTuo/UKBB_GWAS_dev; https://github.com/github/dmca/blob/master/2025/08/2025-08-25-ukbiobank.md; https://github.com/LingTuo/UKBB_GWAS_dev/blob/118833dbee7159e9198aa92bb0e059ef2220dbfa/analysis/python_learning.ipynb; https://github.com/LingTuo/UKBB_GWAS_dev; https://github.com/github/dmca/blob/master/2025/08/2025-08-25-ukbiobank.md; https://github.com/LingTuo/UKBB_GWAS_dev/blob/97639e45d626734629c7cfe066c7bec2eaa27c68/analysis/python_learning.ipynb; https://github.com/LingTuo/UKBB_GWAS_dev; https://github.com/github/dmca/blob/master/2025/08/2025-08-25-ukbiobank.md; https://github.com/LingTuo/UKBB_GWAS_dev/blob/365080906a6724c91dd91883eff0443859396e15/analysis/python_learning.ipynb; https://github.com/LingTuo/UKBB_GWAS_dev; https://github.com/github/dmca/blob/master/2025/08/2025-08-25-ukbiobank.md; https://github.com/LingTuo/UKBB_GWAS_dev/blob/bbe39d262c88326ef142525567eac67d44c8a4e7/analysis/regenie_interaction/interaction_bash.ipynb; https://github.com/LingTuo/UKBB_GWAS_dev; https://github.com/github/dmca/blob/master/2025/08/2025-08-25-ukbiobank.md; https://github.com/LingTuo/UKBB_GWAS_dev/blob/67cd754181b7af374f4b8c3b72edd287037313c8/analysis/regenie_interaction/interaction_bash.ipynb; https://github.com/LingTuo/UKBB_GWAS_dev; https://github.com/github/dmca/blob/master/2025/08/2025-08-25-ukbiobank.md; https://github.com/LingTuo/UKBB_GWAS_dev/blob/e10573f551121aa960fad74bb32ac90359a12e65/analysis/regenie_interaction/interaction_bash.ipynb; https://github.com/LingTuo/UKBB_GWAS_dev; https://github.com/github/dmca/blob/master/2025/08/2025-08-25-ukbiobank.md; https://github.com/LingTuo/UKBB_GWAS_dev/blob/d087d68d694ea5a72615b4a05ad5ef57aad6f4bb/analysis/regenie_interaction/interaction_bash.ipynb; https://github.com/LingTuo/UKBB_GWAS_dev; https://github.com/github/dmca/blob/master/2025/08/2025-08-25-ukbiobank.md; https://github.com/LingTuo/UKBB_GWAS_dev/blob/57b1de088badb1c95ca6c5bedf4eab4698e47d7e/analysis/regenie_interaction/interaction_bash.ipynb; https://github.com/LingTuo/UKBB_GWAS_dev; https://github.com/github/dmca/blob/master/2025/08/2025-08-25-ukbiobank.md; https://github.com/LingTuo/UKBB_GWAS_dev/blob/920601f0f9aa9fdd27790f5c91ad9f16232d40a6/analysis/regenie_interaction/interaction_bash.ipynb; https://github.com/LingTuo/UKBB_GWAS_dev; https://github.com/github/dmca/blob/master/2025/08/2025-08-25-ukbiobank.md; https://github.com/LingTuo/UKBB_GWAS_dev/blob/80a21fd6118a609b3bdb5ef59aaf0a3606b39d01/analysis/regenie_interaction/interaction_bash.ipynb; https://github.com/LingTuo/UKBB_GWAS_dev; https://github.com/github/dmca/blob/master/2025/08/2025-08-25-ukbiobank.md; https://github.com/LingTuo/UKBB_GWAS_dev/blob/5fad4d47c48121c4bf3f85268559227f2dfced7f/analysis/regenie_interaction/interaction_bash.ipynb; https://github.com/LingTuo/UKBB_GWAS_dev; https://github.com/github/dmca/blob/master/2025/08/2025-08-25-ukbiobank.md; https://github.com/LingTuo/UKBB_GWAS_dev/blob/b3ef1fd07a6a11e2554e3454fb2e933f5483797c/analysis/regenie_interaction/interaction_bash.ipynb; https://github.com/LingTuo/UKBB_GWAS_dev; https://github.com/github/dmca/blob/master/2025/08/2025-08-25-ukbiobank.md; https://github.com/LingTuo/UKBB_GWAS_dev/blob/4f27be5c0c677502f63978285e2fc5478b5ab77b/analysis/regenie_interaction/interaction_python.ipynb; https://github.com/LingTuo/UKBB_GWAS_dev; https://github.com/github/dmca/blob/master/2025/08/2025-08-25-ukbiobank.md; https://github.com/LingTuo/UKBB_GWAS_dev/blob/611ac8b19b40ccb6ceab2b42d90f125507f563b7/analysis/regenie_interaction/interaction_python.ipynb; https://github.com/LingTuo/UKBB_GWAS_dev; https://github.com/github/dmca/blob/master/2025/08/2025-08-25-ukbiobank.md; https://github.com/LingTuo/UKBB_GWAS_dev/blob/2e3a7c43229506ebced510741f040d45d23cc338/analysis/regenie_interaction/interaction_python.ipynb; https://github.com/LingTuo/UKBB_GWAS_dev; https://github.com/github/dmca/blob/master/2025/08/2025-08-25-ukbiobank.md; https://github.com/LingTuo/UKBB_GWAS_dev/blob/25f8aaf9a888155f23f6cb937e272d6ae42385d2/analysis/regenie_interaction/interaction_python.ipynb; https://github.com/LingTuo/UKBB_GWAS_dev; https://github.com/github/dmca/blob/master/2025/08/2025-08-25-ukbiobank.md; https://github.com/LingTuo/UKBB_GWAS_dev/blob/667cfbd4170067f1f6131e5563161d8461802887/analysis/regenie_interaction/interaction_python.ipynb; https://github.com/LingTuo/UKBB_GWAS_dev; https://github.com/github/dmca/blob/master/2025/08/2025-08-25-ukbiobank.md; https://github.com/LingTuo/UKBB_GWAS_dev/blob/e07834bde33a8c49eb479d528330efe1df56c0cd/analysis/regenie_interaction/interaction_python.ipynb; https://github.com/LingTuo/UKBB_GWAS_dev; https://github.com/github/dmca/blob/master/2025/08/2025-08-25-ukbiobank.md; https://github.com/LingTuo/UKBB_GWAS_dev/blob/bbe39d262c88326ef142525567eac67d44c8a4e7/analysis/regenie_interaction/interaction_python.ipynb; https://github.com/LingTuo/UKBB_GWAS_dev; https://github.com/github/dmca/blob/master/2025/08/2025-08-25-ukbiobank.md; https://github.com/LingTuo/UKBB_GWAS_dev/blob/9fe3987eb354999eb6b6d72514cf91b2241eb9b5/analysis/regenie_interaction/interaction_python.ipynb; https://github.com/LingTuo/UKBB_GWAS_dev; https://github.com/github/dmca/blob/master/2025/08/2025-08-25-ukbiobank.md; https://github.com/LingTuo/UKBB_GWAS_dev/blob/d087d68d694ea5a72615b4a05ad5ef57aad6f4bb/analysis/regenie_interaction/interaction_python.ipynb; https://github.com/LingTuo/UKBB_GWAS_dev; https://github.com/github/dmca/blob/master/2025/08/2025-08-25-ukbiobank.md; https://github.com/LingTuo/UKBB_GWAS_dev/blob/e10573f551121aa960fad74bb32ac90359a12e65/analysis/regenie_interaction/interaction_python.ipynb; https://github.com/LingTuo/UKBB_GWAS_dev; https://github.com/github/dmca/blob/master/2025/08/2025-08-25-ukbiobank.md; https://github.com/LingTuo/UKBB_GWAS_dev/blob/57b1de088badb1c95ca6c5bedf4eab4698e47d7e/analysis/regenie_interaction/interaction_python.ipynb; https://github.com/LingTuo/UKBB_GWAS_dev; https://github.com/github/dmca/blob/master/2025/08/2025-08-25-ukbiobank.md; https://github.com/LingTuo/UKBB_GWAS_dev/blob/80a21fd6118a609b3bdb5ef59aaf0a3606b39d01/analysis/regenie_interaction/interaction_python.ipynb; https://github.com/LingTuo/UKBB_GWAS_dev; https://github.com/github/dmca/blob/master/2025/08/2025-08-25-ukbiobank.md; https://github.com/LingTuo/UKBB_GWAS_dev/blob/920601f0f9aa9fdd27790f5c91ad9f16232d40a6/analysis/regenie_interaction/interaction_python.ipynb; https://github.com/LingTuo/UKBB_GWAS_dev; https://github.com/github/dmca/blob/master/2025/08/2025-08-25-ukbiobank.md; https://github.com/LingTuo/UKBB_GWAS_dev/blob/5fad4d47c48121c4bf3f85268559227f2dfced7f/analysis/regenie_interaction/interaction_python.ipynb; https://github.com/LingTuo/UKBB_GWAS_dev; https://github.com/github/dmca/blob/master/2025/08/2025-08-25-ukbiobank.md; https://github.com/LingTuo/UKBB_GWAS_dev/blob/b3ef1fd07a6a11e2554e3454fb2e933f5483797c/analysis/regenie_interaction/interaction_python.ipynb; https://github.com/LingTuo/UKBB_GWAS_dev; https://github.com/github/dmca/blob/master/2025/08/2025-08-25-ukbiobank.md; https://github.com/LingTuo/UKBB_GWAS_dev/blob/d087d68d694ea5a72615b4a05ad5ef57aad6f4bb/analysis/regenie_interaction/interaction_R.ipynb; https://github.com/LingTuo/UKBB_GWAS_dev; https://github.com/github/dmca/blob/master/2025/08/2025-08-25-ukbiobank.md; https://github.com/LingTuo/UKBB_GWAS_dev/blob/67cd754181b7af374f4b8c3b72edd287037313c8/analysis/regenie_interaction/interaction_R.ipynb; https://github.com/LingTuo/UKBB_GWAS_dev; https://github.com/github/dmca/blob/master/2025/08/2025-08-25-ukbiobank.md; https://github.com/LingTuo/UKBB_GWAS_dev/blob/80a21fd6118a609b3bdb5ef59aaf0a3606b39d01/analysis/regenie_interaction/interaction_R.ipynb; https://github.com/LingTuo/UKBB_GWAS_dev; https://github.com/github/dmca/blob/master/2025/08/2025-08-25-ukbiobank.md; https://github.com/LingTuo/UKBB_GWAS_dev/blob/9fe3987eb354999eb6b6d72514cf91b2241eb9b5/analysis/regenie_interaction/interaction_R.ipynb; https://github.com/LingTuo/UKBB_GWAS_dev; https://github.com/github/dmca/blob/master/2025/08/2025-08-25-ukbiobank.md; https://github.com/LingTuo/UKBB_GWAS_dev/blob/bbe39d262c88326ef142525567eac67d44c8a4e7/analysis/regenie_interaction/interaction_R.ipynb; https://github.com/LingTuo/UKBB_GWAS_dev; https://github.com/github/dmca/blob/master/2025/08/2025-08-25-ukbiobank.md; https://github.com/LingTuo/UKBB_GWAS_dev/blob/920601f0f9aa9fdd27790f5c91ad9f16232d40a6/analysis/regenie_interaction/interaction_R.ipynb; https://github.com/LingTuo/UKBB_GWAS_dev; https://github.com/github/dmca/blob/master/2025/08/2025-08-25-ukbiobank.md; https://github.com/LingTuo/UKBB_GWAS_dev/blob/d087d68d694ea5a72615b4a05ad5ef57aad6f4bb/analysis/regenie_interaction/simulation.ipynb; https://github.com/LingTuo/UKBB_GWAS_dev; https://github.com/github/dmca/blob/master/2025/08/2025-08-25-ukbiobank.md; https://github.com/LingTuo/UKBB_GWAS_dev/blob/e10573f551121aa960fad74bb32ac90359a12e65/analysis/regenie_interaction/simulation.ipynb; https://github.com/LingTuo/UKBB_GWAS_dev; https://github.com/github/dmca/blob/master/2025/08/2025-08-25-ukbiobank.md; https://github.com/LingTuo/UKBB_GWAS_dev/blob/4e582fe7eaed3a195e16c2907ff38347301cd64d/analysis/SRT.ipynb; https://github.com/LingTuo/UKBB_GWAS_dev; https://github.com/github/dmca/blob/master/2025/08/2025-08-25-ukbiobank.md; https://github.com/LingTuo/UKBB_GWAS_dev/blob/235ae96e6496120c59ddc3d1442832831fca2ca1/analysis/SRT.ipynb; https://github.com/LingTuo/UKBB_GWAS_dev; https://github.com/github/dmca/blob/master/2025/08/2025-08-25-ukbiobank.md; https://github.com/LingTuo/UKBB_GWAS_dev/blob/5a12d3d54d7f35aff06506b25c7e3c35df8b1f07/analysis/SRT.ipynb; https://github.com/LingTuo/UKBB_GWAS_dev; https://github.com/github/dmca/blob/master/2025/08/2025-08-25-ukbiobank.md; https://github.com/LingTuo/UKBB_GWAS_dev/blob/6402aefbed9f0d983582b9b417ef6754af8baf21/analysis/SRT.ipynb; https://github.com/LingTuo/UKBB_GWAS_dev; https://github.com/github/dmca/blob/master/2025/08/2025-08-25-ukbiobank.md; https://github.com/LingTuo/UKBB_GWAS_dev/blob/f717642635a8f7e7865585c926e54492fabb1de5/analysis/SRT_phenotype.ipynb; https://github.com/LingTuo/UKBB_GWAS_dev; https://github.com/github/dmca/blob/master/2025/08/2025-08-25-ukbiobank.md; https://github.com/LingTuo/UKBB_GWAS_dev/blob/ef9969deb64a10116cfc1e41367e3030a705958e/analysis/SRT_phenotype.ipynb; https://github.com/LingTuo/UKBB_GWAS_dev; https://github.com/github/dmca/blob/master/2025/08/2025-08-25-ukbiobank.md; https://github.com/LingTuo/UKBB_GWAS_dev/blob/ccb2c928f9109c1755eae33e363677b44f994cae/analysis/SRT_phenotype.ipynb; https://github.com/LingTuo/UKBB_GWAS_dev; https://github.com/github/dmca/blob/master/2025/08/2025-08-25-ukbiobank.md; https://github.com/LingTuo/UKBB_GWAS_dev/blob/e5d70de844bc5e333451258ca5490973e19c845e/analysis/SRT_phenotype.ipynb; https://github.com/LingTuo/UKBB_GWAS_dev; https://github.com/github/dmca/blob/master/2025/08/2025-08-25-ukbiobank.md; https://github.com/LingTuo/UKBB_GWAS_dev/blob/ce60089c2f4b3ab5cd240fa94ebe674f7f85e478/analysis/SRT_phenotype.ipynb; https://github.com/LingTuo/UKBB_GWAS_dev; https://github.com/github/dmca/blob/master/2025/08/2025-08-25-ukbiobank.md; https://github.com/LingTuo/UKBB_GWAS_dev/blob/7702fc9f1812659835e2a33c4f43c9361bb43c9b/analysis/SRT_phenotype.ipynb; https://github.com/LingTuo/UKBB_GWAS_dev; https://github.com/github/dmca/blob/master/2025/08/2025-08-25-ukbiobank.md; https://github.com/LingTuo/UKBB_GWAS_dev/blob/e432cf16ba67d8082f91c9c85d8d8382ab5ec3aa/analysis/SRT_phenotype.ipynb; https://github.com/LingTuo/UKBB_GWAS_dev; https://github.com/github/dmca/blob/master/2025/08/2025-08-25-ukbiobank.md; https://github.com/LingTuo/UKBB_GWAS_dev/blob/87ed42ddb44c9898464f9b34cf1e18a7c8e66ce9/analysis/Tinnitus_phenotype.ipynb; https://github.com/LingTuo/UKBB_GWAS_dev; https://github.com/github/dmca/blob/master/2025/08/2025-08-25-ukbiobank.md; https://github.com/LingTuo/UKBB_GWAS_dev/blob/759406ce600644124702c9c0cd9ad07436c883b2/analysis/Tinnitus_phenotype.ipynb; https://github.com/LingTuo/UKBB_GWAS_dev; https://github.com/github/dmca/blob/master/2025/08/2025-08-25-ukbiobank.md; https://github.com/LingTuo/UKBB_GWAS_dev/blob/396be75bcdd80dc96abf2b31bebe1637b8d3e4b4/analysis/Tinnitus_phenotype.ipynb; https://github.com/LingTuo/UKBB_GWAS_dev; https://github.com/github/dmca/blob/master/2025/08/2025-08-25-ukbiobank.md; https://github.com/LingTuo/UKBB_GWAS_dev/blob/b5fb01b290a451c56b531bc2b36f813db58513b2/analysis/Tinnitus_phenotype.ipynb; https://github.com/LingTuo/UKBB_GWAS_dev; https://github.com/github/dmca/blob/master/2025/08/2025-08-25-ukbiobank.md; https://github.com/LingTuo/UKBB_GWAS_dev/blob/e5d70de844bc5e333451258ca5490973e19c845e/analysis/Tinnitus_phenotype.ipynb; https://github.com/LingTuo/UKBB_GWAS_dev; https://github.com/github/dmca/blob/master/2025/08/2025-08-25-ukbiobank.md; https://github.com/LingTuo/UKBB_GWAS_dev/blob/03adbc850a023170b2836803eae843b6c72eaaa8/analysis/Tinnitus_phenotype.ipynb; https://github.com/LingTuo/UKBB_GWAS_dev; https://github.com/github/dmca/blob/master/2025/08/2025-08-25-ukbiobank.md; https://github.com/LingTuo/UKBB_GWAS_dev/blob/9f926f2a1ec482aa1fada2ecc8de476b50fc02f1/analysis/Tinnitus_phenotype.ipynb; https://github.com/LingTuo/UKBB_GWAS_dev; https://github.com/github/dmca/blob/master/2025/08/2025-08-25-ukbiobank.md; https://github.com/LingTuo/UKBB_GWAS_dev/blob/8f7562f0224e036901fe137d5851b5247d455e02/analysis/Tinnitus_phenotype.ipynb; https://github.com/LingTuo/UKBB_GWAS_dev; https://github.com/github/dmca/blob/master/2025/08/2025-08-25-ukbiobank.md; https://github.com/LingTuo/UKBB_GWAS_dev/blob/ab96228a871cf9b91cc49672ed57118deb094485/analysis/Tinnitus_phenotype.ipynb; https://github.com/LingTuo/UKBB_GWAS_dev; https://github.com/github/dmca/blob/master/2025/08/2025-08-25-ukbiobank.md; https://github.com/LingTuo/UKBB_GWAS_dev/blob/4825b9c483f2d11d7e8787cb6410d34fb6158d85/analysis/Tinnitus_phenotype.ipynb; https://github.com/LingTuo/UKBB_GWAS_dev; https://github.com/github/dmca/blob/master/2025/08/2025-08-25-ukbiobank.md; https://github.com/LingTuo/UKBB_GWAS_dev/blob/dc52c3ebf35d92025713f58b61dc11b33b1cd203/code/bash/Isabelle_Finnish_variants.ipynb; https://github.com/LingTuo/UKBB_GWAS_dev; https://github.com/github/dmca/blob/master/2025/08/2025-08-25-ukbiobank.md; https://github.com/LingTuo/UKBB_GWAS_dev/blob/804a49e20903d8a6a7eafcb7472453c5ea2dcde8/code/MWE/MWE_AD.ipynb; https://github.com/LingTuo/UKBB_GWAS_dev; https://github.com/github/dmca/blob/master/2025/08/2025-08-25-ukbiobank.md; https://github.com/LingTuo/UKBB_GWAS_dev/blob/804a49e20903d8a6a7eafcb7472453c5ea2dcde8/code/MWE/MWE_regenie_burden_pheno.ipynb; https://github.com/LingTuo/UKBB_GWAS_dev; https://github.com/github/dmca/blob/master/2025/08/2025-08-25-ukbiobank.md; https://github.com/LingTuo/UKBB_GWAS_dev/blob/102fe2fbfabeccc05aa3edcb2157bbe2e875ea6d/code/python/python_learning.ipynb; https://github.com/LingTuo/UKBB_GWAS_dev; https://github.com/github/dmca/blob/master/2025/08/2025-08-25-ukbiobank.md; https://github.com/LingTuo/UKBB_GWAS_dev/blob/971ef3385e9079e87e78cc47558d9c8d4bf9f40a/code/python/python_learning.ipynb; https://github.com/LingTuo/UKBB_GWAS_dev; https://github.com/github/dmca/blob/master/2025/08/2025-08-25-ukbiobank.md; https://github.com/LingTuo/UKBB_GWAS_dev/blob/4fc4f271f66081f2d1aac1a32dd0ed65ce1ca360/code/python/python_learning.ipynb; https://github.com/LingTuo/UKBB_GWAS_dev; https://github.com/github/dmca/blob/master/2025/08/2025-08-25-ukbiobank.md; https://github.com/LingTuo/UKBB_GWAS_dev/blob/6aed9da8a818e76d3789403e4ee555187702fecc/code/python/python_learning.ipynb; https://github.com/LingTuo/UKBB_GWAS_dev; https://github.com/github/dmca/blob/master/2025/08/2025-08-25-ukbiobank.md; https://github.com/LingTuo/UKBB_GWAS_dev/blob/f50e9be82c5beab0281766f29d41e0a9da0468d3/code/python/python_learning.ipynb; https://github.com/LingTuo/UKBB_GWAS_dev; https://github.com/github/dmca/blob/master/2025/08/2025-08-25-ukbiobank.md; https://github.com/LingTuo/UKBB_GWAS_dev/blob/2b4ffafb0186855535bcc972f681d6b63b82679a/code/python/python_learning.ipynb; https://github.com/LingTuo/UKBB_GWAS_dev; https://github.com/github/dmca/blob/master/2025/08/2025-08-25-ukbiobank.md; https://github.com/LingTuo/UKBB_GWAS_dev/blob/56f48b92ababf99158d0cad6579bc20bcafcdb9a/code/python/python_learning.ipynb; https://github.com/LingTuo/UKBB_GWAS_dev; https://github.com/github/dmca/blob/master/2025/08/2025-08-25-ukbiobank.md; https://github.com/LingTuo/UKBB_GWAS_dev/blob/57e89f3af7ac3b7de2bcf1bb7dddd19196b4382e/code/python/python_learning.ipynb; https://github.com/LingTuo/UKBB_GWAS_dev; https://github.com/github/dmca/blob/master/2025/08/2025-08-25-ukbiobank.md; https://github.com/LingTuo/UKBB_GWAS_dev/blob/278b2d434f55ca2c80b92d6a7ef154d43377568d/code/python/python_learning.ipynb; https://github.com/LingTuo/UKBB_GWAS_dev; https://github.com/github/dmca/blob/master/2025/08/2025-08-25-ukbiobank.md; https://github.com/LingTuo/UKBB_GWAS_dev/blob/804a49e20903d8a6a7eafcb7472453c5ea2dcde8/code/python/python_learning.ipynb; https://github.com/LingTuo/UKBB_GWAS_dev; https://github.com/github/dmca/blob/master/2025/08/2025-08-25-ukbiobank.md; https://github.com/LingTuo/UKBB_GWAS_dev/blob/c3e8477fc34fa42b1cdff93b294b8dd3e00a880c/code/python/python_learning.ipynb; https://github.com/LingTuo/UKBB_GWAS_dev; https://github.com/github/dmca/blob/master/2025/08/2025-08-25-ukbiobank.md; https://github.com/LingTuo/UKBB_GWAS_dev/blob/2f49ad49367d202c4f41ab7d670ae7dd2d757709/code/python/python_learning.ipynb; https://github.com/LingTuo/UKBB_GWAS_dev; https://github.com/github/dmca/blob/master/2025/08/2025-08-25-ukbiobank.md; https://github.com/LingTuo/UKBB_GWAS_dev/blob/48e6f7974c1bdd9325e36eaf3f4fdb4bed1e0707/code/python/python_learning.ipynb; https://github.com/LingTuo/UKBB_GWAS_dev; https://github.com/github/dmca/blob/master/2025/08/2025-08-25-ukbiobank.md; https://github.com/LingTuo/UKBB_GWAS_dev/blob/aed75ac8927f91e1dae86bda870fa878e9483199/code/python/python_learning.ipynb; https://github.com/LingTuo/UKBB_GWAS_dev; https://github.com/github/dmca/blob/master/2025/08/2025-08-25-ukbiobank.md; https://github.com/LingTuo/UKBB_GWAS_dev/blob/34a284b66ddeda687ba1281f35aabeb139317b24/code/python/python_learning.ipynb; https://github.com/LingTuo/UKBB_GWAS_dev; https://github.com/github/dmca/blob/master/2025/08/2025-08-25-ukbiobank.md; https://github.com/LingTuo/UKBB_GWAS_dev/blob/2fc7f1e00cb0727eefb7e1ea8736dc4c9623b8af/code/python/python_learning.ipynb; https://github.com/LingTuo/UKBB_GWAS_dev; https://github.com/github/dmca/blob/master/2025/08/2025-08-25-ukbiobank.md; https://github.com/LingTuo/UKBB_GWAS_dev/blob/804a49e20903d8a6a7eafcb7472453c5ea2dcde8/code/R/exclusion_criteria_sample.ipynb; https://github.com/LingTuo/UKBB_GWAS_dev; https://github.com/github/dmca/blob/master/2025/08/2025-08-25-ukbiobank.md; https://github.com/LingTuo/UKBB_GWAS_dev/blob/804a49e20903d8a6a7eafcb7472453c5ea2dcde8/code/R/HI_allwhites.ipynb; https://github.com/LingTuo/UKBB_GWAS_dev; https://github.com/github/dmca/blob/master/2025/08/2025-08-25-ukbiobank.md; https://github.com/LingTuo/UKBB_GWAS_dev/blob/0fe39c400c2423ecc3c4f5abcd271080e1ffb619/code/R/pca_preview_projection.ipynb; https://github.com/LingTuo/UKBB_GWAS_dev; https://github.com/github/dmca/blob/master/2025/08/2025-08-25-ukbiobank.md; https://github.com/LingTuo/UKBB_GWAS_dev/blob/c11ef64dd311ba90958b43c4371fe31fb24e71c7/code/R/Sample_size_HI_UKB.ipynb; https://github.com/LingTuo/UKBB_GWAS_dev; https://github.com/github/dmca/blob/master/2025/08/2025-08-25-ukbiobank.md; https://github.com/LingTuo/UKBB_GWAS_dev/blob/0fe39c400c2423ecc3c4f5abcd271080e1ffb619/code/R/unrelated_megan.ipynb; https://github.com/LingTuo/UKBB_GWAS_dev; https://github.com/github/dmca/blob/master/2025/08/2025-08-25-ukbiobank.md; https://github.com/LingTuo/UKBB_GWAS_dev/blob/45f74f9c0c0c020e52281249e6e520a1dce47146/data/MWE0612/genotypes.bed; https://github.com/LingTuo/UKBB_GWAS_dev; https://github.com/github/dmca/blob/master/2025/08/2025-08-25-ukbiobank.md; https://github.com/LingTuo/UKBB_GWAS_dev/blob/45f74f9c0c0c020e52281249e6e520a1dce47146/data/MWE0612/genotypes.bim; https://github.com/LingTuo/UKBB_GWAS_dev; https://github.com/github/dmca/blob/master/2025/08/2025-08-25-ukbiobank.md; https://github.com/LingTuo/UKBB_GWAS_dev/blob/45f74f9c0c0c020e52281249e6e520a1dce47146/data/MWE0612/genotypes.fam; https://github.com/LingTuo/UKBB_GWAS_dev; https://github.com/github/dmca/blob/master/2025/08/2025-08-25-ukbiobank.md; https://github.com/LingTuo/UKBB_GWAS_dev/blob/45f74f9c0c0c020e52281249e6e520a1dce47146/data/MWE0612/imputed_genotypes.sample; https://github.com/LingTuo/UKBB_GWAS_dev; https://github.com/github/dmca/blob/master/2025/08/2025-08-25-ukbiobank.md; https://github.com/LingTuo/UKBB_GWAS_dev/blob/45f74f9c0c0c020e52281249e6e520a1dce47146/data/MWE0612/imputed_genotypes_chr21.bgen; https://github.com/LingTuo/UKBB_GWAS_dev; https://github.com/github/dmca/blob/master/2025/08/2025-08-25-ukbiobank.md; https://github.com/LingTuo/UKBB_GWAS_dev/blob/45f74f9c0c0c020e52281249e6e520a1dce47146/data/MWE0612/imputed_genotypes_chr21.bgen.bgi; https://github.com/LingTuo/UKBB_GWAS_dev; https://github.com/github/dmca/blob/master/2025/08/2025-08-25-ukbiobank.md; https://github.com/LingTuo/UKBB_GWAS_dev/blob/45f74f9c0c0c020e52281249e6e520a1dce47146/data/MWE0612/imputed_genotypes_chr22.bgen; https://github.com/LingTuo/UKBB_GWAS_dev; https://github.com/github/dmca/blob/master/2025/08/2025-08-25-ukbiobank.md; https://github.com/LingTuo/UKBB_GWAS_dev/blob/45f74f9c0c0c020e52281249e6e520a1dce47146/data/MWE0612/imputed_genotypes_chr22.bgen.bgi; https://github.com/LingTuo/UKBB_GWAS_dev; https://github.com/github/dmca/blob/master/2025/08/2025-08-25-ukbiobank.md; https://github.com/LingTuo/UKBB_GWAS_dev/blob/45f74f9c0c0c020e52281249e6e520a1dce47146/data/MWE0612/phenotypes.txt; https://github.com/LingTuo/UKBB_GWAS_dev; https://github.com/github/dmca/blob/master/2025/08/2025-08-25-ukbiobank.md; https://github.com/LingTuo/UKBB_GWAS_dev/blob/45f74f9c0c0c020e52281249e6e520a1dce47146/data/MWE0612/unrelated_samples.txt; https://github.com/LingTuo/UKBB_GWAS_dev; https://github.com/github/dmca/blob/master/2025/08/2025-08-25-ukbiobank.md; https://github.com/LingTuo/UKBB_GWAS_dev/blob/53b744b6d7928e7faeda71657144a2125e3f0442/data/phenotypes/UKB_caucasians_BMIwaisthip_AsthmaAndT2D_INT-BMI_withagesex_041720; https://github.com/LingTuo/UKBB_GWAS_dev; https://github.com/github/dmca/blob/master/2025/08/2025-08-25-ukbiobank.md; https://github.com/LingTuo/UKBB_GWAS_dev/blob/53b744b6d7928e7faeda71657144a2125e3f0442/data/phenotypes/UKB_caucasians_BMIwaisthip_AsthmaAndT2D_INT-WHR_withagesex_042020; https://github.com/LingTuo/UKBB_GWAS_dev; https://github.com/github/dmca/blob/master/2025/08/2025-08-25-ukbiobank.md; https://github.com/LingTuo/UKBB_GWAS_dev/blob/53b744b6d7928e7faeda71657144a2125e3f0442/data/phenotypes/UKB_caucasians_BMIwaisthip_AsthmaAndT2D_withagesex_033120; https://github.com/LingTuo/UKBB_GWAS_dev; https://github.com/github/dmca/blob/master/2025/08/2025-08-25-ukbiobank.md; https://github.com/LingTuo/UKBB_GWAS_dev/blob/53b744b6d7928e7faeda71657144a2125e3f0442/data/test/file1.snp_stats.bgen.gz; https://github.com/LingTuo/UKBB_GWAS_dev; https://github.com/github/dmca/blob/master/2025/08/2025-08-25-ukbiobank.md; https://github.com/LingTuo/UKBB_GWAS_dev/blob/53b744b6d7928e7faeda71657144a2125e3f0442/data/test/file2.snp_stats.bgen.gz; https://github.com/LingTuo/UKBB_GWAS_dev; https://github.com/github/dmca/blob/master/2025/08/2025-08-25-ukbiobank.md; https://github.com/LingTuo/UKBB_GWAS_dev/blob/6d6bb198c63febedd3eea863ceadb835a99a3d83/docs/analysis/Hearing_phenotype.html; https://github.com/LingTuo/UKBB_GWAS_dev; https://github.com/github/dmca/blob/master/2025/08/2025-08-25-ukbiobank.md; https://github.com/LingTuo/UKBB_GWAS_dev/blob/6d6bb198c63febedd3eea863ceadb835a99a3d83/docs/analysis/pheno_analysis_pleiotropy.html; https://github.com/LingTuo/UKBB_GWAS_dev; https://github.com/github/dmca/blob/master/2025/08/2025-08-25-ukbiobank.md; https://github.com/LingTuo/UKBB_GWAS_dev/blob/037c750e6b8c7691daf79caaf121f1a90a339a4b/docs/analysis/phenotype_analysis.html; https://github.com/LingTuo/UKBB_GWAS_dev; https://github.com/github/dmca/blob/master/2025/08/2025-08-25-ukbiobank.md; https://github.com/LingTuo/UKBB_GWAS_dev/blob/1453a0d02dbb827f78c308dc8f96a10a0ae11f76/docs/analysis/phenotype_analysis.html; https://github.com/LingTuo/UKBB_GWAS_dev; https://github.com/github/dmca/blob/master/2025/08/2025-08-25-ukbiobank.md; https://github.com/LingTuo/UKBB_GWAS_dev/blob/25081a979c342ad9b6b13f7e9c757c61417df84e/docs/analysis/phenotype_analysis.html; https://github.com/LingTuo/UKBB_GWAS_dev; https://github.com/github/dmca/blob/master/2025/08/2025-08-25-ukbiobank.md; https://github.com/LingTuo/UKBB_GWAS_dev/blob/6d6bb198c63febedd3eea863ceadb835a99a3d83/docs/analysis/SRT_phenotype.html; https://github.com/LingTuo/UKBB_GWAS_dev; https://github.com/github/dmca/blob/master/2025/08/2025-08-25-ukbiobank.md; https://github.com/LingTuo/UKBB_GWAS_dev/blob/6d6bb198c63febedd3eea863ceadb835a99a3d83/docs/analysis/Tinnitus_phenotype.html; https://github.com/LingTuo/UKBB_GWAS_dev; https://github.com/github/dmca/blob/master/2025/08/2025-08-25-ukbiobank.md; https://github.com/LingTuo/UKBB_GWAS_dev/blob/6d6bb198c63febedd3eea863ceadb835a99a3d83/docs/workflow/plink_extract.html; https://github.com/LingTuo/UKBB_GWAS_dev; https://github.com/github/dmca/blob/master/2025/08/2025-08-25-ukbiobank.md; https://github.com/LingTuo/UKBB_GWAS_dev/blob/0cc8fbf31ccaaa9ddcadffe863cedddc25350bb0/file1.snp_stats.bgen.gz; https://github.com/LingTuo/UKBB_GWAS_dev; https://github.com/github/dmca/blob/master/2025/08/2025-08-25-ukbiobank.md; https://github.com/LingTuo/UKBB_GWAS_dev/blob/64134313e5d1eb16f0c1a1b066209d9cb3750232/PCA.ipynb; https://github.com/LingTuo/UKBB_GWAS_dev; https://github.com/github/dmca/blob/master/2025/08/2025-08-25-ukbiobank.md; https://github.com/LingTuo/UKBB_GWAS_dev/blob/0d1011f2d8192bb0a4302313d62833759e21e03e/PCA.ipynb; https://github.com/LingTuo/UKBB_GWAS_dev; https://github.com/github/dmca/blob/master/2025/08/2025-08-25-ukbiobank.md; https://github.com/LingTuo/UKBB_GWAS_dev/blob/3c2a2d4bdae25e6f9b8832af6e7099353b50d732/PCA.ipynb; https://github.com/LingTuo/UKBB_GWAS_dev; https://github.com/github/dmca/blob/master/2025/08/2025-08-25-ukbiobank.md; https://github.com/LingTuo/UKBB_GWAS_dev/blob/0cc8fbf31ccaaa9ddcadffe863cedddc25350bb0/phenotypes/UKB_caucasians_BMIwaisthip_AsthmaAndT2D_INT-BMI_withagesex_041720; https://github.com/LingTuo/UKBB_GWAS_dev; https://github.com/github/dmca/blob/master/2025/08/2025-08-25-ukbiobank.md; https://github.com/LingTuo/UKBB_GWAS_dev/blob/91fed5b03e7e45091f78e6fd6c8d2d6ee4962feb/phenotypes/UKB_caucasians_BMIwaisthip_AsthmaAndT2D_INT-WAIST_withagesex_042020; https://github.com/LingTuo/UKBB_GWAS_dev; https://github.com/github/dmca/blob/master/2025/08/2025-08-25-ukbiobank.md; https://github.com/LingTuo/UKBB_GWAS_dev/blob/2c641b936149792b10271241afb1669c9b4f01ff/phenotypes/UKB_caucasians_BMIwaisthip_AsthmaAndT2D_INT-WHR_withagesex_042020; https://github.com/LingTuo/UKBB_GWAS_dev; https://github.com/github/dmca/blob/master/2025/08/2025-08-25-ukbiobank.md; https://github.com/LingTuo/UKBB_GWAS_dev/blob/0cc8fbf31ccaaa9ddcadffe863cedddc25350bb0/phenotypes/UKB_caucasians_BMIwaisthip_AsthmaAndT2D_withagesex_033120; https://github.com/LingTuo/UKBB_GWAS_dev; https://github.com/github/dmca/blob/master/2025/08/2025-08-25-ukbiobank.md; https://github.com/LingTuo/UKBB_GWAS_dev/blob/804a49e20903d8a6a7eafcb7472453c5ea2dcde8/test/Difference_exome_data.ipynb; https://github.com/LingTuo/UKBB_GWAS_dev; https://github.com/github/dmca/blob/master/2025/08/2025-08-25-ukbiobank.md; https://github.com/LingTuo/UKBB_GWAS_dev/blob/54b64a104220a7ca9999c0924ae5fbde001ebbe1/test/Difference_exome_data.ipynb; https://github.com/LingTuo/UKBB_GWAS_dev; https://github.com/github/dmca/blob/master/2025/08/2025-08-25-ukbiobank.md; https://github.com/LingTuo/UKBB_GWAS_dev/blob/07f46ec4d60daf917f862d727427eb4185f439fb/Test/file1.snp_stats.bgen.gz; https://github.com/LingTuo/UKBB_GWAS_dev; https://github.com/github/dmca/blob/master/2025/08/2025-08-25-ukbiobank.md; https://github.com/LingTuo/UKBB_GWAS_dev/blob/07f46ec4d60daf917f862d727427eb4185f439fb/Test/file2.snp_stats.bgen.gz; https://github.com/LingTuo/UKBB_GWAS_dev; https://github.com/github/dmca/blob/master/2025/08/2025-08-25-ukbiobank.md; https://github.com/LingTuo/UKBB_GWAS_dev/blob/fb834684c2d2138bd4b5a3d0430532d71b21bc66/test/PCA.ipynb; https://github.com/LingTuo/UKBB_GWAS_dev; https://github.com/github/dmca/blob/master/2025/08/2025-08-25-ukbiobank.md; https://github.com/LingTuo/UKBB_GWAS_dev/blob/54b64a104220a7ca9999c0924ae5fbde001ebbe1/test/PCA.ipynb; https://github.com/LingTuo/UKBB_GWAS_dev; https://github.com/github/dmca/blob/master/2025/08/2025-08-25-ukbiobank.md; https://github.com/LingTuo/UKBB_GWAS_dev/blob/e36fca46540a64d5af9278f70de3dcedffdd51ff/test/PCA_manhadist.ipynb; https://github.com/LingTuo/UKBB_GWAS_dev; https://github.com/github/dmca/blob/master/2025/08/2025-08-25-ukbiobank.md; https://github.com/LingTuo/UKBB_GWAS_dev/blob/c1f093e88d541463ca70ad81d4790630c62e0364/test/PCA_manhadist.ipynb; https://github.com/LingTuo/UKBB_GWAS_dev; https://github.com/github/dmca/blob/master/2025/08/2025-08-25-ukbiobank.md; https://github.com/LingTuo/UKBB_GWAS_dev/blob/a00ae9e7793d1517e70c1785839d2f625d5818e0/test/PCA_manhadist.ipynb; https://github.com/LingTuo/UKBB_GWAS_dev; https://github.com/github/dmca/blob/master/2025/08/2025-08-25-ukbiobank.md; https://github.com/LingTuo/UKBB_GWAS_dev/blob/0ea1ca1788e450dee3e3b81d38ea348bf3058d9f/test/PCA_manhadist.ipynb; https://github.com/LingTuo/UKBB_GWAS_dev; https://github.com/github/dmca/blob/master/2025/08/2025-08-25-ukbiobank.md; https://github.com/LingTuo/UKBB_GWAS_dev/blob/9543a013b8bf04c2f03df01e51dbfa8b7015985d/test/PCA_manhadist.ipynb; https://github.com/LingTuo/UKBB_GWAS_dev; https://github.com/github/dmca/blob/master/2025/08/2025-08-25-ukbiobank.md; https://github.com/LingTuo/UKBB_GWAS_dev/blob/71a4847f48b42a0dd5c6f86a83cf535e8b5eceb3/test/PCA_manhadist.ipynb; https://github.com/LingTuo/UKBB_GWAS_dev; https://github.com/github/dmca/blob/master/2025/08/2025-08-25-ukbiobank.md; https://github.com/LingTuo/UKBB_GWAS_dev/blob/7bd802e76cc2a65a224a1591dc97513db86c9a2c/test/PCA_manhadist.ipynb; https://github.com/LingTuo/UKBB_GWAS_dev; https://github.com/github/dmca/blob/master/2025/08/2025-08-25-ukbiobank.md; https://github.com/LingTuo/UKBB_GWAS_dev/blob/19ffa2cf6fb9b322589845d6cd7abf89da57d270/test/PCA_manhadist.ipynb; https://github.com/LingTuo/UKBB_GWAS_dev; https://github.com/github/dmca/blob/master/2025/08/2025-08-25-ukbiobank.md; https://github.com/LingTuo/UKBB_GWAS_dev/blob/8d2e7e1d23698ed613c284e7dd6441cdc7aec03e/test/PCA_manhadist.ipynb; https://github.com/LingTuo/UKBB_GWAS_dev; https://github.com/github/dmca/blob/master/2025/08/2025-08-25-ukbiobank.md; https://github.com/LingTuo/UKBB_GWAS_dev/blob/804a49e20903d8a6a7eafcb7472453c5ea2dcde8/test/PCA_manhadist.ipynb; https://github.com/LingTuo/UKBB_GWAS_dev; https://github.com/github/dmca/blob/master/2025/08/2025-08-25-ukbiobank.md; https://github.com/LingTuo/UKBB_GWAS_dev/blob/48e6f7974c1bdd9325e36eaf3f4fdb4bed1e0707/test/PCA_select_samples.ipynb; https://github.com/LingTuo/UKBB_GWAS_dev; https://github.com/github/dmca/blob/master/2025/08/2025-08-25-ukbiobank.md; https://github.com/LingTuo/UKBB_GWAS_dev/blob/6d4743309518e9bb2933fa80b9f664c25a49346b/test/PCA_select_samples.ipynb; https://github.com/LingTuo/UKBB_GWAS_dev; https://github.com/github/dmca/blob/master/2025/08/2025-08-25-ukbiobank.md; https://github.com/LingTuo/UKBB_GWAS_dev/blob/804a49e20903d8a6a7eafcb7472453c5ea2dcde8/test/PCA_select_samples.ipynb; https://github.com/LingTuo/UKBB_GWAS_dev; https://github.com/github/dmca/blob/master/2025/08/2025-08-25-ukbiobank.md; https://github.com/LingTuo/UKBB_GWAS_dev/blob/2ebaadba1d23d77b3b3f89202f7aec4ad7dda595/test/PCA_select_samples.ipynb; https://github.com/LingTuo/UKBB_GWAS_dev; https://github.com/github/dmca/blob/master/2025/08/2025-08-25-ukbiobank.md; https://github.com/LingTuo/UKBB_GWAS_dev/blob/91835b9a91dc05da9b751565d5fe30dcd5c00d97/test/PCA_select_samples.ipynb; https://github.com/LingTuo/UKBB_GWAS_dev; https://github.com/github/dmca/blob/master/2025/08/2025-08-25-ukbiobank.md; https://github.com/LingTuo/UKBB_GWAS_dev/blob/71a4847f48b42a0dd5c6f86a83cf535e8b5eceb3/test/PCA_select_samples.ipynb; https://github.com/LingTuo/UKBB_GWAS_dev; https://github.com/github/dmca/blob/master/2025/08/2025-08-25-ukbiobank.md; https://github.com/LingTuo/UKBB_GWAS_dev/blob/6a2ddf2e053859d7433cb9f4606d96c2a612b58b/test/PCA_select_samples.ipynb; https://github.com/LingTuo/UKBB_GWAS_dev; https://github.com/github/dmca/blob/master/2025/08/2025-08-25-ukbiobank.md; https://github.com/LingTuo/UKBB_GWAS_dev/blob/7bd802e76cc2a65a224a1591dc97513db86c9a2c/test/PCA_select_samples.ipynb; https://github.com/LingTuo/UKBB_GWAS_dev; https://github.com/github/dmca/blob/master/2025/08/2025-08-25-ukbiobank.md; https://github.com/LingTuo/UKBB_GWAS_dev/blob/19ffa2cf6fb9b322589845d6cd7abf89da57d270/test/PCA_select_samples.ipynb; https://github.com/LingTuo/UKBB_GWAS_dev; https://github.com/github/dmca/blob/master/2025/08/2025-08-25-ukbiobank.md; https://github.com/LingTuo/UKBB_GWAS_dev/blob/80c4dfd7ae7611e37489a7ad01ab494c6c851b5c/test/PCA_with_bigsnpr.ipynb; https://github.com/LingTuo/UKBB_GWAS_dev; https://github.com/github/dmca/blob/master/2025/08/2025-08-25-ukbiobank.md; https://github.com/LingTuo/UKBB_GWAS_dev/blob/54b64a104220a7ca9999c0924ae5fbde001ebbe1/test/Pleiotropy_lipids_analysis.ipynb; https://github.com/LingTuo/UKBB_GWAS_dev; https://github.com/github/dmca/blob/master/2025/08/2025-08-25-ukbiobank.md; https://github.com/LingTuo/UKBB_GWAS_dev/blob/fc17586ed21880cd931fba9a6e976de191490d4d/test/Testing_PCA.ipynb; https://github.com/LingTuo/UKBB_GWAS_dev; https://github.com/github/dmca/blob/master/2025/08/2025-08-25-ukbiobank.md; https://github.com/LingTuo/UKBB_GWAS_dev/blob/54b64a104220a7ca9999c0924ae5fbde001ebbe1/test/Testing_PCA.ipynb; https://github.com/LingTuo/UKBB_GWAS_dev; https://github.com/github/dmca/blob/master/2025/08/2025-08-25-ukbiobank.md; https://github.com/LingTuo/UKBB_GWAS_dev/blob/82562a8759371562633cd4d07cbbc760fd956f66/Testing_PCA.ipynb; https://github.com/LingTuo/UKBB_GWAS_dev; https://github.com/github/dmca/blob/master/2025/08/2025-08-25-ukbiobank.md; https://github.com/LingTuo/UKBB_GWAS_dev/blob/759406ce600644124702c9c0cd9ad07436c883b2/Testing_PCA.ipynb; https://github.com/LingTuo/UKBB_GWAS_dev; https://github.com/github/dmca/blob/master/2025/08/2025-08-25-ukbiobank.md; https://github.com/LingTuo/UKBB_GWAS_dev/blob/d19fbfec6fdce92c2af3ee53ef4289d08274477c/Testing_PCA.ipynb; https://github.com/LingTuo/UKBB_GWAS_dev; https://github.com/github/dmca/blob/master/2025/08/2025-08-25-ukbiobank.md; https://github.com/LingTuo/UKBB_GWAS_dev/blob/8f6427a5f2056692cec55350bea255737b3ace60/Testing_PCA.ipynb; https://github.com/LingTuo/UKBB_GWAS_dev; https://github.com/github/dmca/blob/master/2025/08/2025-08-25-ukbiobank.md; https://github.com/LingTuo/UKBB_GWAS_dev/blob/87ed42ddb44c9898464f9b34cf1e18a7c8e66ce9/Testing_PCA.ipynb; https://github.com/LingTuo/UKBB_GWAS_dev; https://github.com/github/dmca/blob/master/2025/08/2025-08-25-ukbiobank.md; https://github.com/LingTuo/UKBB_GWAS_dev/blob/c5ec26c682faec823325ce529bc0204c5c129288/workflow/020822_hearing_noise_500K_guangyou.ipynb; https://github.com/LingTuo/UKBB_GWAS_dev; https://github.com/github/dmca/blob/master/2025/08/2025-08-25-ukbiobank.md; https://github.com/LingTuo/UKBB_GWAS_dev/blob/91bf2a8050c12f94567fcc65943a804da4f28d9b/workflow/020822_hearing_noise_500K_guangyou.ipynb; https://github.com/LingTuo/UKBB_GWAS_dev; https://github.com/github/dmca/blob/master/2025/08/2025-08-25-ukbiobank.md; https://github.com/LingTuo/UKBB_GWAS_dev/blob/32dcb96c290af07785db4b0a0dd89e9216242c6f/workflow/020822_hearing_noise_500K_guangyou.ipynb; https://github.com/LingTuo/UKBB_GWAS_dev; https://github.com/github/dmca/blob/master/2025/08/2025-08-25-ukbiobank.md; https://github.com/LingTuo/UKBB_GWAS_dev/blob/1741b6d6bdefe703b66550a0bbaf36228292105f/workflow/020822_hearing_noise_500K_guangyou.ipynb; https://github.com/LingTuo/UKBB_GWAS_dev; https://github.com/github/dmca/blob/master/2025/08/2025-08-25-ukbiobank.md; https://github.com/LingTuo/UKBB_GWAS_dev/blob/990dc80ee2f7a670ce2ef8ebce5f92ada88be2fc/workflow/020822_hearing_noise_500K_guangyou.ipynb; https://github.com/LingTuo/UKBB_GWAS_dev; https://github.com/github/dmca/blob/master/2025/08/2025-08-25-ukbiobank.md; https://github.com/LingTuo/UKBB_GWAS_dev/blob/1741b6d6bdefe703b66550a0bbaf36228292105f/workflow/021522_GWAS_HI_noise_500k_scripts.ipynb; https://github.com/LingTuo/UKBB_GWAS_dev; https://github.com/github/dmca/blob/master/2025/08/2025-08-25-ukbiobank.md; https://github.com/LingTuo/UKBB_GWAS_dev/blob/ffe851d27210ad2797320406ced73e4ff446f267/workflow/021522_GWAS_HI_noise_500k_scripts.ipynb; https://github.com/LingTuo/UKBB_GWAS_dev; https://github.com/github/dmca/blob/master/2025/08/2025-08-25-ukbiobank.md; https://github.com/LingTuo/UKBB_GWAS_dev/blob/2b29c356004d5b9fab316543e84c7009cd510e66/workflow/plink_extract.ipynb; https://github.com/LingTuo/UKBB_GWAS_dev; https://github.com/github/dmca/blob/master/2025/08/2025-08-25-ukbiobank.md; https://github.com/LingTuo/UKBB_GWAS_dev/blob/8497081517482197627348a913f9d3a15db56a8a/workflow/plink_extract.ipynb; https://github.com/LingTuo/UKBB_GWAS_dev; https://github.com/github/dmca/blob/master/2025/08/2025-08-25-ukbiobank.md; https://github.com/LingTuo/UKBB_GWAS_dev/blob/a6b12cce196d4e4766a9f77fb38ccbabb3389a67/workflow/plink_extract.ipynb; https://github.com/LingTuo/UKBB_GWAS_dev; https://github.com/github/dmca/blob/master/2025/08/2025-08-25-ukbiobank.md; https://github.com/LingTuo/UKBB_GWAS_dev/blob/a039049fc91e2dee3d85c31138ffd3f7073ec192/workflow/plink_extract.ipynb; https://github.com/LingTuo/UKBB_GWAS_dev; https://github.com/github/dmca/blob/master/2025/08/2025-08-25-ukbiobank.md; https://github.com/LingTuo/UKBB_GWAS_dev/blob/52309b758ed44fc09a2d6eca7494c3dfeb8bad75/workflow/plink_extract.ipynb; https://github.com/LingTuo/UKBB_GWAS_dev; https://github.com/github/dmca/blob/master/2025/08/2025-08-25-ukbiobank.md; https://github.com/LingTuo/UKBB_GWAS_dev/blob/95d5ebc8ef9408a2569a30fdb2e55ccc96d38274/workflow/QC_Exome_UKBB.ipynb; https://github.com/LingTuo/UKBB_GWAS_dev; https://github.com/github/dmca/blob/master/2025/08/2025-08-25-ukbiobank.md; https://github.com/LingTuo/UKBB_GWAS_dev/blob/4740304c6f383f5291f1ed396949d2235b566a7a/workflow/QC_Exome_UKBB.ipynb; https://github.com/LingTuo/UKBB_GWAS_dev; https://github.com/github/dmca/blob/master/2025/08/2025-08-25-ukbiobank.md; https://github.com/LingTuo/UKBB_GWAS_dev/blob/764a5f2feb90f4763cb941a8648c87f50227d495/workflow/rarevarianttable.ipynb; https://github.com/LingTuo/UKBB_GWAS_dev; https://github.com/github/dmca/blob/master/2025/08/2025-08-25-ukbiobank.md; https://github.com/LingTuo/UKBB_GWAS_dev/blob/c5ec26c682faec823325ce529bc0204c5c129288/workflow/rarevarianttable.ipynb; https://github.com/LingTuo/UKBB_GWAS_dev; https://github.com/github/dmca/blob/master/2025/08/2025-08-25-ukbiobank.md; https://github.com/LingTuo/UKBB_GWAS_dev/blob/ecfa95d13d353b5178a963cfe9a8fa11a10bb8ec/workflow/rarevarianttable.ipynb; https://github.com/LingTuo/UKBB_GWAS_dev; https://github.com/github/dmca/blob/master/2025/08/2025-08-25-ukbiobank.md; https://github.com/LingTuo/UKBB_GWAS_dev/blob/66bc7c5e5c5dd34afb83bdc3f04cf6304e415b13/workflow/rarevarianttable.ipynb; https://github.com/LingTuo/UKBB_GWAS_dev; https://github.com/github/dmca/blob/master/2025/08/2025-08-25-ukbiobank.md; https://github.com/LingTuo/UKBB_GWAS_dev/blob/2cc2d086e984e797ec0bc7b6e09715d114acd9f4/workflow/rarevarianttable.ipynb; https://github.com/LingTuo/UKBB_GWAS_dev; https://github.com/github/dmca/blob/master/2025/08/2025-08-25-ukbiobank.md; https://github.com/LingTuo/UKBB_GWAS_dev/blob/c54f4ea7f52ab50cc0f219af621eccbbc5ff6154/workflow/rarevarianttable.ipynb; https://github.com/LingTuo/UKBB_GWAS_dev; https://github.com/github/dmca/blob/master/2025/08/2025-08-25-ukbiobank.md; https://github.com/LingTuo/UKBB_GWAS_dev/blob/642f6d2069ac471419e92d1bad8349a26cc0517b/workflow/rarevarianttable.ipynb; https://github.com/LingTuo/UKBB_GWAS_dev; https://github.com/github/dmca/blob/master/2025/08/2025-08-25-ukbiobank.md; https://github.com/LingTuo/UKBB_GWAS_dev/blob/e1b2298077b8b1db8e2fd4a8cc22486d1342a05a/workflow/rarevarianttable.ipynb; https://github.com/LingTuo/UKBB_GWAS_dev; https://github.com/github/dmca/blob/master/2025/08/2025-08-25-ukbiobank.md; https://github.com/LingTuo/UKBB_GWAS_dev/blob/d0adb27a2c621b982d3e31fe2349e6e1a5cf7662/workflow/UKBB_QC_genoarray.ipynb; https://github.com/LingTuo/UKBB_GWAS_dev; https://github.com/github/dmca/blob/master/2025/08/2025-08-25-ukbiobank.md; https://github.com/LingTuo/UKBB_GWAS_dev/blob/ebba7381347cdccbb15a39214fef2f7f1e833b66/workflow/UKBB_QC_genoarray.ipynb; https://github.com/LingTuo/UKBB_GWAS_dev; https://github.com/github/dmca/blob/master/2025/08/2025-08-25-ukbiobank.md; https://github.com/LingTuo/UKBB_GWAS_dev/blob/c11ef64dd311ba90958b43c4371fe31fb24e71c7/workflow/UKBB_QC_genoarray.ipynb; https://github.com/LingTuo/UKBB_GWAS_dev; https://github.com/github/dmca/blob/master/2025/08/2025-08-25-ukbiobank.md; https://github.com/LingTuo/UKBB_GWAS_dev/blob/36273d89d9d92f9fc9d512a312e337cbc1a68e54/workflow/UKBB_QC_genoarray.ipynb; https://github.com/LingTuo/UKBB_GWAS_dev; https://github.com/github/dmca/blob/master/2025/08/2025-08-25-ukbiobank.md; https://github.com/LingTuo/UKBB_GWAS_dev/blob/87494afedaff4e270ef86a1ac223d9a71707daea/workflow/UKBB_QC_genoarray.ipynb; https://github.com/LingTuo/UKBB_GWAS_dev; https://github.com/github/dmca/blob/master/2025/08/2025-08-25-ukbiobank.md; https://github.com/LingTuo/UKBB_GWAS_dev/blob/48e6f7974c1bdd9325e36eaf3f4fdb4bed1e0707/workflow/UKBB_QC_genoarray.ipynb; https://github.com/LingTuo/UKBB_GWAS_dev; https://github.com/github/dmca/blob/master/2025/08/2025-08-25-ukbiobank.md; https://github.com/LingTuo/UKBB_GWAS_dev/blob/403833a8895d8e22dbc1f023394dcd2f9e4a3df4/workflow/VCF_QC.ipynb; https://github.com/LingTuo/UKBB_GWAS_dev; https://github.com/github/dmca/blob/master/2025/08/2025-08-25-ukbiobank.md; https://github.com/LingTuo/UKBB_GWAS_dev/blob/ec78842cf1e7e3280953e99febc0ad6635492fc5/workflow/VCF_QC.ipynb; https://github.com/LingTuo/UKBB_GWAS_dev; https://github.com/github/dmca/blob/master/2025/08/2025-08-25-ukbiobank.md; https://github.com/LingTuo/UKBB_GWAS_dev/blob/a2d82f8b33a2e0b2dcfc18b4c713da491251c8ef/workflow/VCF_QC.ipynb; https://github.com/LingTuo/UKBB_GWAS_dev; https://github.com/github/dmca/blob/master/2025/08/2025-08-25-ukbiobank.md; https://github.com/LingTuo/UKBB_GWAS_dev/blob/f7d02df395baa88462d958970ff0e0802f534b6b/workflow/VCF_QC.ipynb; https://github.com/LingTuo/UKBB_GWAS_dev; https://github.com/github/dmca/blob/master/2025/08/2025-08-25-ukbiobank.md; https://github.com/LingTuo/UKBB_GWAS_dev/blob/b0b3b049f5a505a5d7b1e1d30a49d14182947b0e/workflow/VCF_QC.ipynb; https://github.com/LingTuo/UKBB_GWAS_dev; https://github.com/github/dmca/blob/master/2025/08/2025-08-25-ukbiobank.md; https://github.com/LingTuo/UKBB_GWAS_dev/blob/1ccaf5d8b0d79f3a4414c7956a6c45ccbef82aca/workflow/VCF_QC.ipynb; https://github.com/LingTuo/UKBB_GWAS_dev; https://github.com/github/dmca/blob/master/2025/08/2025-08-25-ukbiobank.md; https://github.com/LingTuo/UKBB_GWAS_dev/blob/c4fc1455c68071d461122bd46d5c88976e903e61/workflow/VCF_QC.ipynb; https://github.com/LingTuo/UKBB_GWAS_dev; https://github.com/github/dmca/blob/master/2025/08/2025-08-25-ukbiobank.md; https://github.com/LingTuo/UKBB_GWAS_dev/blob/fb437a192824ded7dd78f820336158ddfca8fe6f/workflow/VCF_QC.ipynb; https://github.com/LingTuo/UKBB_GWAS_dev; https://github.com/github/dmca/blob/master/2025/08/2025-08-25-ukbiobank.md; https://github.com/LingTuo/UKBB_GWAS_dev/blob/0c84e83bbdc48ef6bc1e370e2f5b2370db8609b1/workflow/VCF_QC.ipynb; https://github.com/LingTuo/UKBB_GWAS_dev; https://github.com/github/dmca/blob/master/2025/08/2025-08-25-ukbiobank.md; https://github.com/LingTuo/UKBB_GWAS_dev/blob/cac32c811660bd9b56ec429d5bcea882837fc0f8/workflow/VCF_QC.ipynb; https://github.com/LingTuo/UKBB_GWAS_dev; https://github.com/github/dmca/blob/master/2025/08/2025-08-25-ukbiobank.md; https://github.com/LingTuo/UKBB_GWAS_dev/blob/ca06ffa8f672160c0fd36f1f434117a504e8450e/workflow/VCF_QC.ipynb; https://github.com/LingTuo/UKBB_GWAS_dev; https://github.com/github/dmca/blob/master/2025/08/2025-08-25-ukbiobank.md; https://github.com/LingTuo/UKBB_GWAS_dev/blob/89ea56d06f40737550fa779c73797251d6753d10/workflow/VCF_QC.ipynb; https://github.com/LingTuo/UKBB_GWAS_dev; https://github.com/github/dmca/blob/master/2025/08/2025-08-25-ukbiobank.md; https://github.com/LingTuo/UKBB_GWAS_dev/blob/14bb8b0187614dfc875132a096da46b52b3a9ae4/workflow/VCF_QC.ipynb; https://github.com/LingTuo/UKBB_GWAS_dev; https://github.com/github/dmca/blob/master/2025/08/2025-08-25-ukbiobank.md; https://github.com/LingTuo/UKBB_GWAS_dev/blob/745f758f5b9422fd7d7ade9acd5e93742b616787/workflow/VCF_QC.ipynb; https://github.com/LingTuo/UKBB_GWAS_dev; https://github.com/github/dmca/blob/master/2025/08/2025-08-25-ukbiobank.md; https://github.com/LingTuo/UKBB_GWAS_dev/blob/57e89f3af7ac3b7de2bcf1bb7dddd19196b4382e/workflow/VCF_QC.ipynb; https://github.com/LingTuo/UKBB_GWAS_dev; https://github.com/github/dmca/blob/master/2025/08/2025-08-25-ukbiobank.md; https://github.com/LingTuo/UKBB_GWAS_dev/blob/102fe2fbfabeccc05aa3edcb2157bbe2e875ea6d/workflow/VCF_QC.ipynb; https://github.com/LingTuo/UKBB_GWAS_dev; https://github.com/github/dmca/blob/master/2025/08/2025-08-25-ukbiobank.md; https://github.com/LingTuo/UKBB_GWAS_dev/blob/4182e658eee7cefa3b73642af7c63bcb28a359b1/workflow/VCF_QC.ipynb; https://github.com/LingTuo/UKBB_GWAS_dev; https://github.com/github/dmca/blob/master/2025/08/2025-08-25-ukbiobank.md; https://github.com/LingTuo/UKBB_GWAS_dev/blob/2b4ffafb0186855535bcc972f681d6b63b82679a/workflow/VCF_QC.ipynb; https://github.com/LingTuo/UKBB_GWAS_dev; https://github.com/github/dmca/blob/master/2025/08/2025-08-25-ukbiobank.md; https://github.com/LingTuo/UKBB_GWAS_dev/blob/c76ca42c86654122a602388af5da77a20e60d42d/workflow/VCF_QC.ipynb; https://github.com/LingTuo/UKBB_GWAS_dev; https://github.com/github/dmca/blob/master/2025/08/2025-08-25-ukbiobank.md; https://github.com/LingTuo/UKBB_GWAS_dev/blob/95f131a32dbb841552f0cce53da2ac601c16fa16/workflow/VCF_QC.ipynb; https://github.com/LingTuo/UKBB_GWAS_dev; https://github.com/github/dmca/blob/master/2025/08/2025-08-25-ukbiobank.md; https://github.com/LingTuo/UKBB_GWAS_dev/blob/f3a72df0e0ba3116e6c7bd42f6fc09350282b752/workflow/VCF_QC.ipynb; https://github.com/LingTuo/UKBB_GWAS_dev; https://github.com/github/dmca/blob/master/2025/08/2025-08-25-ukbiobank.md; https://github.com/LingTuo/UKBB_GWAS_dev/blob/13325815c92ee4751ab2e1154718b6e2ddeace6e/workflow/VCF_QC.ipynb; https://github.com/LingTuo/UKBB_GWAS_dev; https://github.com/github/dmca/blob/master/2025/08/2025-08-25-ukbiobank.md; https://github.com/LingTuo/UKBB_GWAS_dev/blob/b641097dd05fb9e7bc1d7f6753994b476abf9070/workflow/VCF_QC.ipynb; https://github.com/LingTuo/UKBB_GWAS_dev; https://github.com/github/dmca/blob/master/2025/08/2025-08-25-ukbiobank.md; https://github.com/LingTuo/UKBB_GWAS_dev/blob/4405adb2229147ff2fce06fb823b99b59514c13a/workflow/VCF_QC.ipynb; https://github.com/LingTuo/UKBB_GWAS_dev; https://github.com/github/dmca/blob/master/2025/08/2025-08-25-ukbiobank.md; https://github.com/LingTuo/UKBB_GWAS_dev/blob/18de643e637ed885dcd0e0b98ea076457a6e80b3/workflow/VCF_QC.ipynb; https://github.com/LingTuo/UKBB_GWAS_dev; https://github.com/github/dmca/blob/master/2025/08/2025-08-25-ukbiobank.md; https://github.com/LingTuo/UKBB_GWAS_dev/blob/a74f2361b71210b216c2fc9b91a40c8bf6f5d575/workflow/VCF_QC.ipynb; https://github.com/LingTuo/UKBB_GWAS_dev; https://github.com/github/dmca/blob/master/2025/08/2025-08-25-ukbiobank.md; https://github.com/LingTuo/UKBB_GWAS_dev/blob/79dc3474d5b9f9e4dd2ce177819b701134a88272/workflow/VCF_QC.ipynb; https://github.com/LingTuo/UKBB_GWAS_dev; https://github.com/github/dmca/blob/master/2025/08/2025-08-25-ukbiobank.md; https://github.com/LingTuo/UKBB_GWAS_dev/blob/c4ba1a81f3e23f5e54331b4784db8186288e7ad8/workflow/VCF_QC.ipynb; https://github.com/LingTuo/UKBB_GWAS_dev; https://github.com/github/dmca/blob/master/2025/08/2025-08-25-ukbiobank.md; https://github.com/LingTuo/UKBB_GWAS_dev/blob/6a2ddf2e053859d7433cb9f4606d96c2a612b58b/workflow/VCF_QC.ipynb; https://github.com/LingTuo/UKBB_GWAS_dev; https://github.com/github/dmca/blob/master/2025/08/2025-08-25-ukbiobank.md; https://github.com/LingTuo/UKBB_GWAS_dev/blob/a4bc66ef0bfd111943a113fdbcf94a198928a687/workflow/VCF_QC.ipynb; https://github.com/LingTuo/UKBB_GWAS_dev; https://github.com/github/dmca/blob/master/2025/08/2025-08-25-ukbiobank.md; https://github.com/LingTuo/UKBB_GWAS_dev/blob/b3f0efb00c35da8d9784cf58e535e113c5b4c91b/workflow/VCF_QC.ipynb; https://github.com/LingTuo/UKBB_GWAS_dev,true
lineage_litohdd_font-awesome-pro,,,,,,unresolved,0,,,{},Evidence is too generic to assign an application.,https://github.com/github/dmca/blob/master/2024/05/2024-05-21-fonticons.md; https://github.com/LitoHDD/Font-Awesome-Pro,true
lineage_liyatang_liyatang,,,,,,unresolved,0,,,{},Evidence is too generic to assign an application.,https://github.com/github/dmca/blob/master/2015/2015-07-06-jetbrains.md; https://github.com/liyatang/liyatang/blob/master/tool/2015-03-03.txt; https://github.com/liyatang/liyatang,true
lineage_lizhihao1990_ukbb,,,,,,unresolved,0,,,{},Evidence is too generic to assign an application.,https://github.com/github/dmca/blob/master/2025/09/2025-09-25-ukbiobank.md; https://github.com/lizhihao1990/ukbb/blob/master/anna_code%2Facclerometry_download%2Fto_download.accel.txt; https://github.com/lizhihao1990/ukbb; https://github.com/github/dmca/blob/master/2025/09/2025-09-25-ukbiobank.md; https://github.com/lizhihao1990/ukbb/blob/anna/anna_code%2Facclerometry_download%2Fto_download.accel.txt; https://github.com/lizhihao1990/ukbb,true
lineage_lizhihao1990_ukbgwas,,,,,,unresolved,0,,,{},Evidence is too generic to assign an application.,https://github.com/github/dmca/blob/master/2025/11/2025-11-18-uk-biobank-3.md; https://github.com/lizhihao1990/ukbgwas/blob/master/phenotypes_gwasbc_2018_01_29.R; https://github.com/lizhihao1990/ukbgwas,true
lineage_lizhihao1990_ukbiobank-table-conversion,,,,,,unresolved,0,,,{},Evidence is too generic to assign an application.,https://github.com/github/dmca/blob/master/2025/12/2025-12-09-uk-biobank.md; https://github.com/lizhihao1990/UKBiobank-Table-Conversion/blob/ef88907514c72072a9a78140a3d51c83d17cec92/INTRO_and_INSTRUCTIONS.pdf; https://github.com/lizhihao1990/UKBiobank-Table-Conversion,true
lineage_lld2018_001,,,,,,unresolved,0,,,{},Evidence is too generic to assign an application.,https://github.com/github/dmca/blob/master/2025/11/2025-11-14-uk-biobank.md; https://github.com/LLD2018/001,true
lineage_llseptem_jetbrainspatchkeygen,,,,,,unresolved,0,,,{},Evidence is too generic to assign an application.,https://github.com/github/dmca/blob/master/2015/2015-07-06-jetbrains.md; https://github.com/llseptem/JetbrainsPatchKeygen,true
lineage_locbv_golangbooks,,,,,,unresolved,0,,,{},Evidence is too generic to assign an application.,https://github.com/github/dmca/blob/master/2025/05/2025-05-29-packt.md; https://github.com/locbv/GoLangBooks,true
lineage_lom123ga_golangbooks,,,,,,unresolved,0,,,{},Evidence is too generic to assign an application.,https://github.com/github/dmca/blob/master/2025/05/2025-05-29-packt.md; https://github.com/lom123ga/GoLangBooks,true
lineage_lonelyxmas_font-awesome-pro,,,,,,unresolved,0,,,{},Evidence is too generic to assign an application.,https://github.com/github/dmca/blob/master/2024/05/2024-05-21-fonticons.md; https://github.com/lonelyxmas/font-awesome-pro,true
lineage_longbye0_jetbrainspatchkeygen,,,,,,unresolved,0,,,{},Evidence is too generic to assign an application.,https://github.com/github/dmca/blob/master/2015/2015-07-06-jetbrains.md; https://github.com/longbye0/JetbrainsPatchKeygen,true
lineage_loulou867_discord-nitro-generator-checker-python,,,,,,unresolved,0,,,{},Evidence is too generic to assign an application.,https://github.com/github/dmca/blob/master/2023/10/2023-10-12-discord.md; https://github.com/loulou867/DIscord-Nitro-Generator-Checker-Python,true
lineage_lovevol404_golangbooks,,,,,,unresolved,0,,,{},Evidence is too generic to assign an application.,https://github.com/github/dmca/blob/master/2025/05/2025-05-29-packt.md; https://github.com/lovevol404/GoLangBooks,true
lineage_lronan_ukb,,,,,,unresolved,0,,,{},Evidence is too generic to assign an application.,https://github.com/github/dmca/blob/master/2025/09/2025-09-19-uk-biobank-2.md; https://github.com/lronan/UKB/blob/ae5eb5d9367d67b3c5806f934347299d4b6e3976/Export/Main_Covars.csv; https://github.com/lronan/UKB; https://github.com/github/dmca/blob/master/2025/09/2025-09-19-uk-biobank-2.md; https://github.com/lronan/UKB/blob/ae5eb5d9367d67b3c5806f934347299d4b6e3976/Export/export.csv; https://github.com/lronan/UKB,true
lineage_lsur22_font-awesome-pro,,,,,,unresolved,0,,,{},Evidence is too generic to assign an application.,https://github.com/github/dmca/blob/master/2024/05/2024-05-21-fonticons.md; https://github.com/lsur22/font-awesome-pro,true
lineage_lu-lnx_yang,,,,,,unresolved,0,,,{},Evidence is too generic to assign an application.,https://github.com/github/dmca/blob/master/2023/10/2023-10-12-discord.md; https://github.com/Lu-lnx/YANG,true
lineage_lubyruffy_golangbooks,,,,,,unresolved,0,,,{},Evidence is too generic to assign an application.,https://github.com/github/dmca/blob/master/2025/05/2025-05-29-packt.md; https://github.com/LubyRuffy/GoLangBooks,true
lineage_lukadriel7_golangbooks,,,,,,unresolved,0,,,{},Evidence is too generic to assign an application.,https://github.com/github/dmca/blob/master/2025/05/2025-05-29-packt.md; https://github.com/lukadriel7/GoLangBooks,true
lineage_luukbrauckmann_icons,,,,,,unresolved,0,,,{},Evidence is too generic to assign an application.,https://github.com/github/dmca/blob/master/2024/05/2024-05-21-fonticons.md; https://github.com/luukbrauckmann/icons,true
lineage_luvakin_golangbooks,,,,,,unresolved,0,,,{},Evidence is too generic to assign an application.,https://github.com/github/dmca/blob/master/2025/05/2025-05-29-packt.md; https://github.com/Luvakin/GoLangBooks,true
lineage_luzhangh_ukbiobank_knockoffs,,,,,,unresolved,0,,,{},Evidence is too generic to assign an application.,https://github.com/github/dmca/blob/master/2025/10/2025-10-17-uk-biobank-4.md; https://github.com/LuZhangH/ukbiobank_knockoffs/blob/master/phenotypes/phenotype-view.ipynb; https://github.com/LuZhangH/ukbiobank_knockoffs,true
lineage_lvmoe_jetbrainspatchkeygen,,,,,,unresolved,0,,,{},Evidence is too generic to assign an application.,https://github.com/github/dmca/blob/master/2015/2015-07-06-jetbrains.md; https://github.com/lvmoe/JetbrainsPatchKeygen,true
lineage_lxj_louxiaojian,,,,,,unresolved,0,,,{},Evidence is too generic to assign an application.,https://github.com/github/dmca/blob/master/2015/2015-07-06-jetbrains.md; https://github.com/lxj/louxiaojian/blob/master/notes/other/webstorm/webstorm-key.txt; https://github.com/lxj/louxiaojian,true
lineage_lymah123_golangbooks,,,,,,unresolved,0,,,{},Evidence is too generic to assign an application.,https://github.com/github/dmca/blob/master/2025/05/2025-05-29-packt.md; https://github.com/Lymah123/GoLangBooks,true
lineage_lyu910616_lyu910616.github.io,,,,,,unresolved,0,,,{},Evidence is too generic to assign an application.,https://github.com/github/dmca/blob/master/2015/2015-07-06-jetbrains.md; https://github.com/lyu910616/lyu910616.github.io/blob/master/_posts/2015-03-05-jetbrains-key.md; https://github.com/lyu910616/lyu910616.github.io,true
lineage_m-chandru_golangbooks,,,,,,unresolved,0,,,{},Evidence is too generic to assign an application.,https://github.com/github/dmca/blob/master/2025/05/2025-05-29-packt.md; https://github.com/M-Chandru/GoLangBooks,true
lineage_m-hakmi_shapeit5,,,,,,unresolved,0,,,{},Evidence is too generic to assign an application.,https://github.com/github/dmca/blob/master/2025/11/2025-11-13-uk-biobank.md; https://github.com/M-Hakmi/shapeit5/blob/0b40edb8ef2678fd4ef0f0286dffe9ef0ba9b254/tasks/phasingUKB/step2_wgs/step9_imputation_rerun_new_chunks/data/1k_samples_wbi.txt#L1-L5; https://github.com/M-Hakmi/shapeit5,true
lineage_magdazeb_ukb-tools,,,,,,unresolved,0,,,{},Evidence is too generic to assign an application.,https://github.com/github/dmca/blob/master/2025/08/2025-08-25-ukbiobank-2.md; https://github.com/magdazeb/ukb-tools/blob/da521e4fbf14e3122b89896b981d946fd51efbe3/Jinhee%20Code/Deathfile.rds; https://github.com/magdazeb/ukb-tools; https://github.com/github/dmca/blob/master/2025/08/2025-08-25-ukbiobank-2.md; https://github.com/magdazeb/ukb-tools/blob/master/Jinhee%20Code/scratchmergedphecode.rds; https://github.com/magdazeb/ukb-tools; https://github.com/github/dmca/blob/master/2025/08/2025-08-25-ukbiobank-2.md; https://github.com/magdazeb/ukb-tools/blob/da521e4fbf14e3122b89896b981d946fd51efbe3/Jinhee%20Code/scratchmergedphecode.rds; https://github.com/magdazeb/ukb-tools; https://github.com/github/dmca/blob/master/2025/08/2025-08-25-ukbiobank-2.md; https://github.com/magdazeb/ukb-tools/blob/da521e4fbf14e3122b89896b981d946fd51efbe3/Jinhee%20Code/SelfreportedCancer.rds; https://github.com/magdazeb/ukb-tools; https://github.com/github/dmca/blob/master/2025/08/2025-08-25-ukbiobank-2.md; https://github.com/magdazeb/ukb-tools/blob/da521e4fbf14e3122b89896b981d946fd51efbe3/Jinhee%20Code/SelfreportedNoncancer.rds; https://github.com/magdazeb/ukb-tools; https://github.com/github/dmca/blob/master/2025/08/2025-08-25-ukbiobank-2.md; https://github.com/magdazeb/ukb-tools/blob/da521e4fbf14e3122b89896b981d946fd51efbe3/Jinhee%20Code/master_5.rds; https://github.com/magdazeb/ukb-tools; https://github.com/github/dmca/blob/master/2025/08/2025-08-25-ukbiobank-2.md; https://github.com/magdazeb/ukb-tools/blob/da521e4fbf14e3122b89896b981d946fd51efbe3/Jinhee%20Code/master_6.rds; https://github.com/magdazeb/ukb-tools; https://github.com/github/dmca/blob/master/2025/08/2025-08-25-ukbiobank-2.md; https://github.com/magdazeb/ukb-tools/blob/48b1556985fcea663a4ebe03dbe943b186687a7d/master_summary.md; https://github.com/magdazeb/ukb-tools; https://github.com/github/dmca/blob/master/2025/08/2025-08-25-ukbiobank-2.md; https://github.com/magdazeb/ukb-tools/blob/5b59c779135573e3861726b112bd1214ea3c144c/master_summary.md; https://github.com/magdazeb/ukb-tools; https://github.com/github/dmca/blob/master/2025/08/2025-08-25-ukbiobank-2.md; https://github.com/magdazeb/ukb-tools/blob/5ecbbd79ae225cd41c7dfc6ff25ecba7a5e45208/README_person.md; https://github.com/magdazeb/ukb-tools; https://github.com/github/dmca/blob/master/2025/08/2025-08-25-ukbiobank-2.md; https://github.com/magdazeb/ukb-tools/blob/3eb9a67d753c24319736e911008fac75a6e53716/README_person.md; https://github.com/magdazeb/ukb-tools; https://github.com/github/dmca/blob/master/2025/08/2025-08-25-ukbiobank-2.md; https://github.com/magdazeb/ukb-tools/blob/f5a78e0223f977601b62f52dd8961bc59073b7d7/README_person.md; https://github.com/magdazeb/ukb-tools; https://github.com/github/dmca/blob/master/2025/08/2025-08-25-ukbiobank-2.md; https://github.com/magdazeb/ukb-tools/blob/f2128d5a43133f1d15a44019671cf0e9990e1255/README_person.md; https://github.com/magdazeb/ukb-tools; https://github.com/github/dmca/blob/master/2025/08/2025-08-25-ukbiobank-2.md; https://github.com/magdazeb/ukb-tools/blob/1d4474e679cbd736799e6f82eeaef1e994cd201a/README_person.md; https://github.com/magdazeb/ukb-tools; https://github.com/github/dmca/blob/master/2025/08/2025-08-25-ukbiobank-2.md; https://raw.githubusercontent.com/magdazeb/ukb-tools/02a38d9389a04cb1442c44d990f8ff02a38ec43e/fid21022_age_at_recruitement.tsv; https://github.com/magdazeb/ukb-tools,true
lineage_magdazeb_ukbpheno,,,,,,unresolved,0,,,{},Evidence is too generic to assign an application.,https://github.com/github/dmca/blob/master/2025/12/2025-12-10-uk-biobank.md; https://github.com/magdazeb/ukbpheno/blob/42fd07d2145b706581ba0a021a222f6be669a36c/R/plot_timeline.R; https://github.com/magdazeb/ukbpheno,true
lineage_magicyuuu_jetbrainspatchkeygen,,,,,,unresolved,0,,,{},Evidence is too generic to assign an application.,https://github.com/github/dmca/blob/master/2015/2015-07-06-jetbrains.md; https://github.com/magicyuuu/JetbrainsPatchKeygen,true
lineage_mahadh5_golangbooks,,,,,,unresolved,0,,,{},Evidence is too generic to assign an application.,https://github.com/github/dmca/blob/master/2025/05/2025-05-29-packt.md; https://github.com/MahadH5/GoLangBooks,true
lineage_mahendrarathore1742_golangbooks,,,,,,unresolved,0,,,{},Evidence is too generic to assign an application.,https://github.com/github/dmca/blob/master/2025/05/2025-05-29-packt.md; https://github.com/mahendrarathore1742/GoLangBooks,true
lineage_malbul_jetbrains-intellij-idea-key-generator,,,,,,unresolved,0,,,{},Evidence is too generic to assign an application.,https://github.com/github/dmca/blob/master/2015/2015-07-06-jetbrains.md; https://github.com/malbul/Jetbrains-IntelliJ-IDEA-Key-Generator,true
lineage_malikdraz_golangbooks,,,,,,unresolved,0,,,{},Evidence is too generic to assign an application.,https://github.com/github/dmca/blob/master/2025/05/2025-05-29-packt.md; https://github.com/malikdraz/GoLangBooks,true
lineage_mallkorebit_obsidian,,,,,,unresolved,0,,,{},Evidence is too generic to assign an application.,https://github.com/github/dmca/blob/master/2023/10/2023-10-12-discord.md; https://github.com/mallkorebit/obsidian,true
lineage_malong5219_jetbrainspatchkeygen,,,,,,unresolved,0,,,{},Evidence is too generic to assign an application.,https://github.com/github/dmca/blob/master/2015/2015-07-06-jetbrains.md; https://github.com/malong5219/JetbrainsPatchKeygen,true
lineage_maly4444_nitro-generator,,,,,,unresolved,0,,,{},Evidence is too generic to assign an application.,https://github.com/github/dmca/blob/master/2023/10/2023-10-12-discord.md; https://github.com/maly4444/Nitro-Generator,true
lineage_mamounothman_intellij-idea-14-keygen,,,,,,unresolved,0,,,{},Evidence is too generic to assign an application.,https://github.com/github/dmca/blob/master/2015/2015-07-06-jetbrains.md; https://github.com/mamounothman/IntelliJ-IDEA-14-keygen,true
lineage_mangalvg_golangbooks,,,,,,unresolved,0,,,{},Evidence is too generic to assign an application.,https://github.com/github/dmca/blob/master/2025/05/2025-05-29-packt.md; https://github.com/mangalvg/GoLangBooks,true
lineage_maq77_discordnitro,,,,,,unresolved,0,,,{},Evidence is too generic to assign an application.,https://github.com/github/dmca/blob/master/2023/10/2023-10-12-discord.md; https://github.com/maq77/DiscordNitro,true
lineage_marbman21_font-awesome-pro,,,,,,unresolved,0,,,{},Evidence is too generic to assign an application.,https://github.com/github/dmca/blob/master/2024/05/2024-05-21-fonticons.md; https://github.com/marbman21/font-awesome-pro,true
lineage_margulies_ukb,,,,,,unresolved,0,,,{},Evidence is too generic to assign an application.,https://github.com/github/dmca/blob/master/2025/09/2025-09-19-uk-biobank-2.md; https://github.com/margulies/UKB/blob/ae5eb5d9367d67b3c5806f934347299d4b6e3976/Export/Main_Covars.csv; https://github.com/margulies/UKB; https://github.com/github/dmca/blob/master/2025/09/2025-09-19-uk-biobank-2.md; https://github.com/margulies/UKB/blob/ae5eb5d9367d67b3c5806f934347299d4b6e3976/Export/export.csv; https://github.com/margulies/UKB,true
lineage_mariaratnasamy_ukb_bmi,,,,,,unresolved,0,,,{},Evidence is too generic to assign an application.,https://github.com/github/dmca/blob/master/2025/12/2025-12-10-uk-biobank-2.md; https://github.com/mariaratnasamy/ukb_bmi/blob/b69dfa08556e82c70734b251e3669b9ecd8e18d5/1_parse_data/annotate_vcf/slurm/files/13_smap.txt; https://github.com/mariaratnasamy/ukb_bmi; https://github.com/github/dmca/blob/master/2025/12/2025-12-10-uk-biobank-2.md; https://github.com/mariaratnasamy/ukb_bmi/blob/6f440e451a92e9db350a5e86dfc55446c011c697/0_data_download/ukb_vcf/src/ukbhelpers/ukb48799.enc_ukb; https://github.com/mariaratnasamy/ukb_bmi; https://github.com/github/dmca/blob/master/2025/12/2025-12-10-uk-biobank-2.md; https://github.com/mariaratnasamy/ukb_bmi/blob/6f440e451a92e9db350a5e86dfc55446c011c697/0_data_download/ukb_vcf/src/ukbhelpers/encoding.ukb; https://github.com/mariaratnasamy/ukb_bmi; https://github.com/github/dmca/blob/master/2025/12/2025-12-10-uk-biobank-2.md; https://github.com/mariaratnasamy/ukb_bmi/blob/4750979c4d911e2216bffbf3ac9d947a532ccb3a/4_characterization/white_british/notebooks/5_overlap_lifestyle_regressed.ipynb; https://github.com/mariaratnasamy/ukb_bmi; https://github.com/github/dmca/blob/master/2025/12/2025-12-10-uk-biobank-2.md; https://github.com/mariaratnasamy/ukb_bmi/blob/d7342157a31cf32e395be0522febe68da2327fdb/4_characterization/post_menopause/notebooks/5_overlap_lifestyle_regressed.ipynb; https://github.com/mariaratnasamy/ukb_bmi; https://github.com/github/dmca/blob/master/2025/12/2025-12-10-uk-biobank-2.md; https://github.com/mariaratnasamy/ukb_bmi/blob/d7342157a31cf32e395be0522febe68da2327fdb/4_characterization/pre_menopause/notebooks/5_overlap_lifestyle_regressed.ipynb; https://github.com/mariaratnasamy/ukb_bmi; https://github.com/github/dmca/blob/master/2025/12/2025-12-10-uk-biobank-2.md; https://github.com/mariaratnasamy/ukb_bmi/blob/d7342157a31cf32e395be0522febe68da2327fdb/4_characterization/protective/notebooks/5_overlap_lifestyle_regressed.ipynb; https://github.com/mariaratnasamy/ukb_bmi; https://github.com/github/dmca/blob/master/2025/12/2025-12-10-uk-biobank-2.md; https://github.com/mariaratnasamy/ukb_bmi/blob/d7342157a31cf32e395be0522febe68da2327fdb/4_characterization/white_british_female/notebooks/5_overlap_lifestyle_regressed.ipynb; https://github.com/mariaratnasamy/ukb_bmi; https://github.com/github/dmca/blob/master/2025/12/2025-12-10-uk-biobank-2.md; https://github.com/mariaratnasamy/ukb_bmi/blob/d7342157a31cf32e395be0522febe68da2327fdb/4_characterization/white_british_male/notebooks/5_overlap_lifestyle_regressed.ipynb; https://github.com/mariaratnasamy/ukb_bmi; https://github.com/github/dmca/blob/master/2025/12/2025-12-10-uk-biobank-2.md; https://github.com/mariaratnasamy/ukb_bmi/blob/35f15e453db515a78b456e8bbb6fc4a62e5e703a/4_characterization/white_british/notebooks/5_overlapped_lifestyle_regressed.ipynb; https://github.com/mariaratnasamy/ukb_bmi; https://github.com/github/dmca/blob/master/2025/12/2025-12-10-uk-biobank-2.md; https://github.com/mariaratnasamy/ukb_bmi/blob/693ad41276ef5f9395dfe58f64c1a6778fc2bc9b/0_data_preparation_and_download/genotype/notebooks/genotype_burden.ipynb; https://github.com/mariaratnasamy/ukb_bmi; https://github.com/github/dmca/blob/master/2025/12/2025-12-10-uk-biobank-2.md; https://github.com/mariaratnasamy/ukb_bmi/blob/6e0e9621ad614537f31899f9932942354bb70414/4_characterization/obesity_related_diseases/notebooks/3_check_intersections_with_obesity_risk.ipynb; https://github.com/mariaratnasamy/ukb_bmi; https://github.com/github/dmca/blob/master/2025/12/2025-12-10-uk-biobank-2.md; https://github.com/mariaratnasamy/ukb_bmi/blob/34b2309bb2f42c8dcdc2c25bdb18bf866e98f7ee/4_characterization/white_british/notebooks/9_combo_in_bmi_deciles.ipynb; https://github.com/mariaratnasamy/ukb_bmi; https://github.com/github/dmca/blob/master/2025/12/2025-12-10-uk-biobank-2.md; https://github.com/mariaratnasamy/ukb_bmi/blob/91d62e56382ba4ab89e8af1b2564b74f95decfae/0_data_preparation_and_download/phenotype/notebooks/bmi_plot.ipynb; https://github.com/mariaratnasamy/ukb_bmi; https://github.com/github/dmca/blob/master/2025/12/2025-12-10-uk-biobank-2.md; https://github.com/mariaratnasamy/ukb_bmi/blob/fdee2d048cbe4fbe2c79ef3472f6c12efb1435c6/4_characterization/white_british/notebooks/0_effect_sizes_comparison.ipynb; https://github.com/mariaratnasamy/ukb_bmi; https://github.com/github/dmca/blob/master/2025/12/2025-12-10-uk-biobank-2.md; https://github.com/mariaratnasamy/ukb_bmi/blob/3793d491edc1735d4fee60c566521bc203237664/0_data_preparation_and_download/phenotype/src/dnanexus_notebooks/BMI.ipynb; https://github.com/mariaratnasamy/ukb_bmi; https://github.com/github/dmca/blob/master/2025/12/2025-12-10-uk-biobank-2.md; https://github.com/mariaratnasamy/ukb_bmi/blob/78fc8ea58b62a16bbe46388a0a10362a936f583c/0_data_preparation_and_download/icd_codes/src/dnanexus_notebooks/ICD10.ipynb; https://github.com/mariaratnasamy/ukb_bmi; https://github.com/github/dmca/blob/master/2025/12/2025-12-10-uk-biobank-2.md; https://github.com/mariaratnasamy/ukb_bmi/blob/8f267ffc72d80dfeb4ec7948c279ad0c475b66c4/0_data_preparation_and_download/lifestyle_factors/src/dnanexus_notebooks/Lifestyle_factors.ipynb; https://github.com/mariaratnasamy/ukb_bmi; https://github.com/github/dmca/blob/master/2025/12/2025-12-10-uk-biobank-2.md; https://github.com/mariaratnasamy/ukb_bmi/blob/9ec2b8473191511c36189245ccf5a4c328c12cfb/0_data_download/ukb_field_info/src/0_download_fields_info.py; https://github.com/mariaratnasamy/ukb_bmi; https://github.com/github/dmca/blob/master/2025/12/2025-12-10-uk-biobank-2.md; https://github.com/mariaratnasamy/ukb_bmi/blob/6f440e451a92e9db350a5e86dfc55446c011c697/0_data_download/ukb_field/src/0_download_fields_info.py; https://github.com/mariaratnasamy/ukb_bmi,true
lineage_mariaratnasamy_ukb_oligo,,,,,,unresolved,0,,,{},Evidence is too generic to assign an application.,https://github.com/github/dmca/blob/master/2025/12/2025-12-10-uk-biobank-3.md; https://github.com/mariaratnasamy/ukb_oligo/blob/c6dab24a2f2e67f8467b5e9be5a83609d274e995/0_data_preparation_and_download/genotype/notebooks/genotype_burden.ipynb; https://github.com/mariaratnasamy/ukb_oligo; https://github.com/github/dmca/blob/master/2025/12/2025-12-10-uk-biobank-3.md; https://github.com/mariaratnasamy/ukb_oligo/blob/c6dab24a2f2e67f8467b5e9be5a83609d274e995/0_data_preparation_and_download/icd_codes/src/dnanexus_notebooks/ICD10.ipynb; https://github.com/mariaratnasamy/ukb_oligo,true
lineage_marktwinkle_intellij-idea-14-keygen,,,,,,unresolved,0,,,{},Evidence is too generic to assign an application.,https://github.com/github/dmca/blob/master/2015/2015-07-06-jetbrains.md; https://github.com/marktwinkle/IntelliJ-IDEA-14-keygen,true
lineage_martadelfino_nextgen-exomiser-ukb,,,,,,unresolved,0,,,{},Evidence is too generic to assign an application.,https://github.com/github/dmca/blob/master/2025/12/2025-12-09-uk-biobank-4.md; https://github.com/martadelfino/nextgen-exomiser-ukb/blob/9b8c7dcc5bd09f3034bd373f6cbf0a019db47cc9/Readme.md; https://github.com/martadelfino/nextgen-exomiser-ukb; https://github.com/github/dmca/blob/master/2025/12/2025-12-09-uk-biobank-4.md; https://github.com/martadelfino/nextgen-exomiser-ukb/blob/60e66e10458c833d10c245d4eaf3660406057129/exomiser/Readme.md; https://github.com/martadelfino/nextgen-exomiser-ukb,true
lineage_maskwang_awesome,,,,,,unresolved,0,,,{},Evidence is too generic to assign an application.,https://github.com/github/dmca/blob/master/2015/2015-07-06-jetbrains.md; https://github.com/maskwang/awesome/blob/master/%E5%90%84%E7%A7%8D%E6%B3%A8%E5%86%8C%E7%A0%81.md; https://github.com/maskwang/awesome,true
lineage_massidea_drupal-documentation,,,,,,unresolved,0,,,{},Evidence is too generic to assign an application.,https://github.com/github/dmca/blob/master/2015/2015-07-06-jetbrains.md; https://github.com/massidea/drupal-documentation/blob/master/Access.txt; https://github.com/massidea/drupal-documentation,true
lineage_masud-987_golangbooks,,,,,,unresolved,0,,,{},Evidence is too generic to assign an application.,https://github.com/github/dmca/blob/master/2025/05/2025-05-29-packt.md; https://github.com/masud-987/GoLangBooks,true
lineage_mateoariascaicedo_go-books,,,,,,unresolved,0,,,{},Evidence is too generic to assign an application.,https://github.com/github/dmca/blob/master/2025/05/2025-05-29-packt.md; https://github.com/MateoAriasCaicedo/go-books,true
lineage_mattlinebarger_font-awesome-pro,,,,,,unresolved,0,,,{},Evidence is too generic to assign an application.,https://github.com/github/dmca/blob/master/2024/05/2024-05-21-fonticons.md; https://github.com/mattlinebarger/font-awesome-pro,true
lineage_max-petruk_golangbooks,,,,,,unresolved,0,,,{},Evidence is too generic to assign an application.,https://github.com/github/dmca/blob/master/2025/05/2025-05-29-packt.md; https://github.com/max-petruk/GoLangBooks,true
lineage_maymoonaalboloshi_golangbooks,,,,,,unresolved,0,,,{},Evidence is too generic to assign an application.,https://github.com/github/dmca/blob/master/2025/05/2025-05-29-packt.md; https://github.com/MaymoonaAlBoloshi/GoLangBooks,true
lineage_mba811_jetbrainspatchkeygen,,,,,,unresolved,0,,,{},Evidence is too generic to assign an application.,https://github.com/github/dmca/blob/master/2015/2015-07-06-jetbrains.md; https://github.com/mba811/JetbrainsPatchKeygen,true
lineage_mchirwa_golangbooks,,,,,,unresolved,0,,,{},Evidence is too generic to assign an application.,https://github.com/github/dmca/blob/master/2025/05/2025-05-29-packt.md; https://github.com/mchirwa/GoLangBooks,true
lineage_mdahir2701_golangbooks,,,,,,unresolved,0,,,{},Evidence is too generic to assign an application.,https://github.com/github/dmca/blob/master/2025/05/2025-05-29-packt.md; https://github.com/mdahir2701/GoLangBooks,true
lineage_mdfakrulislamtaraque_golangbooks,,,,,,unresolved,0,,,{},Evidence is too generic to assign an application.,https://github.com/github/dmca/blob/master/2025/05/2025-05-29-packt.md; https://github.com/MdFakrulIslamTaraque/GoLangBooks,true
lineage_melbp01_golangbooks,,,,,,unresolved,0,,,{},Evidence is too generic to assign an application.,https://github.com/github/dmca/blob/master/2025/05/2025-05-29-packt.md; https://github.com/MelBP01/GoLangBooks,true
lineage_melody-rain_jetbrainspatchkeygen,,,,,,unresolved,0,,,{},Evidence is too generic to assign an application.,https://github.com/github/dmca/blob/master/2015/2015-07-06-jetbrains.md; https://github.com/melody-rain/JetbrainsPatchKeygen,true
lineage_meltingscales_golangbooks,,,,,,unresolved,0,,,{},Evidence is too generic to assign an application.,https://github.com/github/dmca/blob/master/2025/05/2025-05-29-packt.md; https://github.com/meltingscales/GoLangBooks,true
lineage_mengjiefan_multi_outcome,,,,,,unresolved,0,,,{},Evidence is too generic to assign an application.,https://github.com/github/dmca/blob/master/2026/04/2026-04-10-uk-biobank.md; https://raw.githubusercontent.com/mengjiefan/multi_outcome/6bf35e4e3cd7d5d7530dd15e5d928a2d58633c2e/data_process/mapped_data.csv; https://github.com/mengjiefan/multi_outcome; https://github.com/github/dmca/blob/master/2026/04/2026-04-10-uk-biobank.md; https://raw.githubusercontent.com/mengjiefan/multi_outcome/a4c6a01f06aab1890b6363700976cc0dad85877b/backend/temp/ukb_8_outcomes_data.csv; https://github.com/mengjiefan/multi_outcome; https://github.com/github/dmca/blob/master/2026/04/2026-04-10-uk-biobank.md; https://raw.githubusercontent.com/mengjiefan/multi_outcome/f2587e9e0ce9a27c05333fd67c562458ef3efcc2/backend/myApp/ukb_8_outcomes_data.csv; https://github.com/mengjiefan/multi_outcome; https://github.com/github/dmca/blob/master/2026/04/2026-04-10-uk-biobank.md; https://raw.githubusercontent.com/mengjiefan/multi_outcome/fceb80e110e5688ce02f994de024e5bdb7acdee9/data_process/ukb_8outcomes_data.csv; https://github.com/mengjiefan/multi_outcome; https://github.com/github/dmca/blob/master/2026/04/2026-04-10-uk-biobank.md; https://raw.githubusercontent.com/mengjiefan/multi_outcome/6bf35e4e3cd7d5d7530dd15e5d928a2d58633c2e/data_process/IntrOutcData_varName_mannual.csv; https://github.com/mengjiefan/multi_outcome,true
lineage_meregobrrr_bens,,,,,,unresolved,0,,,{},Evidence is too generic to assign an application.,https://github.com/github/dmca/blob/master/2023/10/2023-10-12-discord.md; https://github.com/Meregobrrr/bens,true
lineage_meshin-dev_golangbooks,,,,,,unresolved,0,,,{},Evidence is too generic to assign an application.,https://github.com/github/dmca/blob/master/2025/05/2025-05-29-packt.md; https://github.com/meshin-dev/GoLangBooks,true
lineage_mfathurrohmanmauludin_font-awesome-pro,,,,,,unresolved,0,,,{},Evidence is too generic to assign an application.,https://github.com/github/dmca/blob/master/2024/05/2024-05-21-fonticons.md; https://github.com/MFathurrohmanMauludin/font-awesome-pro,true
lineage_michaelgbenle_golangbooks,,,,,,unresolved,0,,,{},Evidence is too generic to assign an application.,https://github.com/github/dmca/blob/master/2025/05/2025-05-29-packt.md; https://github.com/michaelgbenle/GoLangBooks,true
lineage_michaelguo1204_uthesis,,,,,,unresolved,0,,,{},Evidence is too generic to assign an application.,https://github.com/github/dmca/blob/master/2026/03/2026-03-27-uk-biobank-3.md; https://github.com/michaelGuo1204/UThesis/blob/15702582aea7873a1ed02d00bbe72373afc6215b/GNN/Data/DVT_UKB_R10.geno.csv; https://github.com/michaelGuo1204/UThesis; https://github.com/github/dmca/blob/master/2026/03/2026-03-27-uk-biobank-3.md; https://github.com/michaelGuo1204/UThesis/blob/15702582aea7873a1ed02d00bbe72373afc6215b/GNN/Data/DVT_UKB_R5.geno.csv; https://github.com/michaelGuo1204/UThesis; https://github.com/github/dmca/blob/master/2026/03/2026-03-27-uk-biobank-3.md; https://github.com/michaelGuo1204/UThesis/blob/15702582aea7873a1ed02d00bbe72373afc6215b/GNN/Data/DVT_UKB_R2.geno.csv; https://github.com/michaelGuo1204/UThesis; https://github.com/github/dmca/blob/master/2026/03/2026-03-27-uk-biobank-3.md; https://github.com/michaelGuo1204/UThesis/blob/15702582aea7873a1ed02d00bbe72373afc6215b/GNN/Data/fs2.csv; https://github.com/michaelGuo1204/UThesis; https://github.com/github/dmca/blob/master/2026/03/2026-03-27-uk-biobank-3.md; https://github.com/michaelGuo1204/UThesis/blob/15702582aea7873a1ed02d00bbe72373afc6215b/GNN/Data/DVT_UKB_R1.geno.csv; https://github.com/michaelGuo1204/UThesis; https://github.com/github/dmca/blob/master/2026/03/2026-03-27-uk-biobank-3.md; https://github.com/michaelGuo1204/UThesis/blob/15702582aea7873a1ed02d00bbe72373afc6215b/GNN/Data/fs1.csv; https://github.com/michaelGuo1204/UThesis; https://github.com/github/dmca/blob/master/2026/03/2026-03-27-uk-biobank-3.md; https://github.com/michaelGuo1204/UThesis/blob/40fe3ebe66165482c4355c6935bf722b529989db/GNN/Data/bDataset.csv; https://github.com/michaelGuo1204/UThesis; https://github.com/github/dmca/blob/master/2026/03/2026-03-27-uk-biobank-3.md; https://github.com/michaelGuo1204/UThesis/blob/42d07f81104a3d6ac3be8ae2b2c3922d86a92b33/GNN/Data/EADataset.csv; https://github.com/michaelGuo1204/UThesis; https://github.com/github/dmca/blob/master/2026/03/2026-03-27-uk-biobank-3.md; https://github.com/michaelGuo1204/UThesis/blob/8236316e1b6953bd0515b03b92ed3281eb9d1b4c/GNN/Data/beDataset_n.csv; https://github.com/michaelGuo1204/UThesis; https://github.com/github/dmca/blob/master/2026/03/2026-03-27-uk-biobank-3.md; https://github.com/michaelGuo1204/UThesis/blob/b3900894830bcd8a7e94c98103d0f8cc0d0f2589/GNN/Data/Combined.csv; https://github.com/michaelGuo1204/UThesis; https://github.com/github/dmca/blob/master/2026/03/2026-03-27-uk-biobank-3.md; https://github.com/michaelGuo1204/UThesis/blob/b3900894830bcd8a7e94c98103d0f8cc0d0f2589/GNN/Data/Phenos.csv; https://github.com/michaelGuo1204/UThesis; https://github.com/github/dmca/blob/master/2026/03/2026-03-27-uk-biobank-3.md; https://github.com/michaelGuo1204/UThesis/blob/b3900894830bcd8a7e94c98103d0f8cc0d0f2589/GNN/Data/Phenos_without%20nan.csv; https://github.com/michaelGuo1204/UThesis; https://github.com/github/dmca/blob/master/2026/03/2026-03-27-uk-biobank-3.md; https://github.com/michaelGuo1204/UThesis/blob/b3900894830bcd8a7e94c98103d0f8cc0d0f2589/GNN/Data/ReducedPheno.csv; https://github.com/michaelGuo1204/UThesis; https://github.com/github/dmca/blob/master/2026/03/2026-03-27-uk-biobank-3.md; https://github.com/michaelGuo1204/UThesis/blob/af54b1c08dc13a8873bb72cd3568ca155c2c4e2d/GNN/Data/Enlarged%20combined.csv; https://github.com/michaelGuo1204/UThesis; https://github.com/github/dmca/blob/master/2026/03/2026-03-27-uk-biobank-3.md; https://github.com/michaelGuo1204/UThesis/blob/1cb12024bf82702d0a36fb184b581196da75bdaf/GNN/Data/fs.csv; https://github.com/michaelGuo1204/UThesis; https://github.com/github/dmca/blob/master/2026/03/2026-03-27-uk-biobank-3.md; https://github.com/michaelGuo1204/UThesis/blob/1cb12024bf82702d0a36fb184b581196da75bdaf/GNN/Data/fs100.csv; https://github.com/michaelGuo1204/UThesis; https://github.com/github/dmca/blob/master/2026/03/2026-03-27-uk-biobank-3.md; https://github.com/michaelGuo1204/UThesis/blob/42d07f81104a3d6ac3be8ae2b2c3922d86a92b33/GNN/Data/beDataset.csv; https://github.com/michaelGuo1204/UThesis; https://github.com/github/dmca/blob/master/2026/03/2026-03-27-uk-biobank-3.md; https://github.com/michaelGuo1204/UThesis/blob/40fe3ebe66165482c4355c6935bf722b529989db/GNN/Data/Label.csv; https://github.com/michaelGuo1204/UThesis; https://github.com/github/dmca/blob/master/2026/03/2026-03-27-uk-biobank-3.md; https://github.com/michaelGuo1204/UThesis/blob/40fe3ebe66165482c4355c6935bf722b529989db/GNN/Data/Support/positive.csv; https://github.com/michaelGuo1204/UThesis; https://github.com/github/dmca/blob/master/2026/03/2026-03-27-uk-biobank-3.md; https://github.com/michaelGuo1204/UThesis/blob/40fe3ebe66165482c4355c6935bf722b529989db/GNN/Data/Geno.csv; https://github.com/michaelGuo1204/UThesis; https://github.com/github/dmca/blob/master/2026/03/2026-03-27-uk-biobank-3.md; https://github.com/michaelGuo1204/UThesis/blob/cda15d50d73073edf727293a4dce9d82e5aed0d0/GNN/Data/Labels.csv; https://github.com/michaelGuo1204/UThesis; https://github.com/github/dmca/blob/master/2026/03/2026-03-27-uk-biobank-3.md; https://github.com/michaelGuo1204/UThesis/blob/5f456b0a327a2359f1e13a7a6e39dfb5657e5aa6/EM/VEM/snp.json; https://github.com/michaelGuo1204/UThesis; https://github.com/github/dmca/blob/master/2026/03/2026-03-27-uk-biobank-3.md; https://github.com/michaelGuo1204/UThesis/blob/10f2494981c34206fa35a71f6afcbd3e2a3b8218/GNN/result/SVCFS%20Baseline/README.html; https://github.com/michaelGuo1204/UThesis,true
lineage_migol_jetbrains-intellij-idea-key-generator,,,,,,unresolved,0,,,{},Evidence is too generic to assign an application.,https://github.com/github/dmca/blob/master/2015/2015-07-06-jetbrains.md; https://github.com/migol/Jetbrains-IntelliJ-IDEA-Key-Generator,true
lineage_miguelmspereira_code-examples,,,,,,unresolved,0,,,{},Evidence is too generic to assign an application.,https://github.com/github/dmca/blob/master/2026/03/2026-03-27-uk-biobank-8.md; https://raw.githubusercontent.com/miguelmspereira/code-examples/2c2f7616e5d997f58dd02524c850372bd9269aa3/ukb1913_imp_chr1_v2_s487398.sample; https://github.com/miguelmspereira/code-examples,true
lineage_mikeallwright23_idears_orig,,,,,,unresolved,0,,,{},Evidence is too generic to assign an application.,https://github.com/github/dmca/blob/master/2025/11/2025-11-07-uk-biobank-5.md; https://github.com/MikeAllwright23/idears_orig/blob/b2d6a55f73a5a73d4ca58bdc093a047191d230da/code_projects/general/data_processing.ipynb; https://github.com/MikeAllwright23/idears_orig,true
lineage_miketeddyomondi_golangbooks,,,,,,unresolved,0,,,{},Evidence is too generic to assign an application.,https://github.com/github/dmca/blob/master/2025/05/2025-05-29-packt.md; https://github.com/MikeTeddyOmondi/GoLangBooks,true
lineage_mikevegap_intellij-idea-14-keygen,,,,,,unresolved,0,,,{},Evidence is too generic to assign an application.,https://github.com/github/dmca/blob/master/2015/2015-07-06-jetbrains.md; https://github.com/mikevegap/IntelliJ-IDEA-14-keygen,true
lineage_mikulely_jetbrainspatchkeygen,,,,,,unresolved,0,,,{},Evidence is too generic to assign an application.,https://github.com/github/dmca/blob/master/2015/2015-07-06-jetbrains.md; https://github.com/mikulely/JetbrainsPatchKeygen,true
lineage_mineturtlee_yang,,,,,,unresolved,0,,,{},Evidence is too generic to assign an application.,https://github.com/github/dmca/blob/master/2023/10/2023-10-12-discord.md; https://github.com/MineTurtlee/YANG,true
lineage_minhtam2048_golangbooks,,,,,,unresolved,0,,,{},Evidence is too generic to assign an application.,https://github.com/github/dmca/blob/master/2025/05/2025-05-29-packt.md; https://github.com/minhtam2048/GoLangBooks,true
lineage_miraclesu_intellij-idea-13-keygen,,,,,,unresolved,0,,,{},Evidence is too generic to assign an application.,https://github.com/github/dmca/blob/master/2015/2015-07-06-jetbrains.md; https://github.com/miraclesu/IntelliJ-IDEA-13-keygen,true
lineage_miraclew_jx-mall,,,,,,unresolved,0,,,{},Evidence is too generic to assign an application.,https://github.com/github/dmca/blob/master/2015/2015-07-06-jetbrains.md; https://github.com/miraclew/jx-mall/blob/master/doc/env_setup.txt; https://github.com/miraclew/jx-mall,true
lineage_misterunix_golangbooks,,,,,,unresolved,0,,,{},Evidence is too generic to assign an application.,https://github.com/github/dmca/blob/master/2025/05/2025-05-29-packt.md; https://github.com/misterunix/GoLangBooks,true
lineage_mjfalaguera_ehr,,,,,,unresolved,0,,,{},Evidence is too generic to assign an application.,https://github.com/github/dmca/blob/master/2026/03/2026-03-27-uk-biobank-7.md; https://raw.githubusercontent.com/mjfalaguera/EHR/94f770d38d772742b8861474a5daada51e016534/data/ukbb/eidToPrescription.tsv; https://github.com/mjfalaguera/EHR; https://github.com/github/dmca/blob/master/2026/03/2026-03-27-uk-biobank-7.md; https://github.com/mjfalaguera/EHR/blob/94f770d38d772742b8861474a5daada51e016534/data/ukbb/eidToIcd.tsv; https://github.com/mjfalaguera/EHR,true
lineage_mmallad_jetbrainspatchkeygen,,,,,,unresolved,0,,,{},Evidence is too generic to assign an application.,https://github.com/github/dmca/blob/master/2015/2015-07-06-jetbrains.md; https://github.com/mmallad/JetbrainsPatchKeygen,true
lineage_moaliyou_golangbooks,,,,,,unresolved,0,,,{},Evidence is too generic to assign an application.,https://github.com/github/dmca/blob/master/2025/05/2025-05-29-packt.md; https://github.com/moaliyou/GoLangBooks,true
lineage_mookapook_golangbooks,,,,,,unresolved,0,,,{},Evidence is too generic to assign an application.,https://github.com/github/dmca/blob/master/2025/05/2025-05-29-packt.md; https://github.com/mookapook/GoLangBooks,true
lineage_moolex_moyo.blogs,,,,,,unresolved,0,,,{},Evidence is too generic to assign an application.,https://github.com/github/dmca/blob/master/2015/2015-07-06-jetbrains.md; https://github.com/moolex/moyo.blogs/blob/master/archives/phpstorm-sn.md; https://github.com/moolex/moyo.blogs,true
lineage_morkiller007_nitrogen,,,,,,unresolved,0,,,{},Evidence is too generic to assign an application.,https://github.com/github/dmca/blob/master/2023/10/2023-10-12-discord.md; https://github.com/Morkiller007/NitroGen,true
lineage_mr-akjha_golangbooks,,,,,,unresolved,0,,,{},Evidence is too generic to assign an application.,https://github.com/github/dmca/blob/master/2025/05/2025-05-29-packt.md; https://github.com/mr-akjha/GoLangBooks,true
lineage_mrawsky_nitrogen,,,,,,unresolved,0,,,{},Evidence is too generic to assign an application.,https://github.com/github/dmca/blob/master/2023/10/2023-10-12-discord.md; https://github.com/mrawsky/NitroGen,true
lineage_mrkk7999_golangbooks,,,,,,unresolved,0,,,{},Evidence is too generic to assign an application.,https://github.com/github/dmca/blob/master/2025/05/2025-05-29-packt.md; https://github.com/mrkk7999/GoLangBooks,true
lineage_mrkubb_font-awesome-pro,,,,,,unresolved,0,,,{},Evidence is too generic to assign an application.,https://github.com/github/dmca/blob/master/2024/05/2024-05-21-fonticons.md; https://github.com/MrKubb/font-awesome-pro,true
lineage_mrshadow03_font-awesome-pro,,,,,,unresolved,0,,,{},Evidence is too generic to assign an application.,https://github.com/github/dmca/blob/master/2024/05/2024-05-21-fonticons.md; https://github.com/MrShadow03/font-awesome-pro,true
lineage_msushil_jetbrains-intellij-idea-key-generator,,,,,,unresolved,0,,,{},Evidence is too generic to assign an application.,https://github.com/github/dmca/blob/master/2015/2015-07-06-jetbrains.md; https://github.com/msushil/Jetbrains-IntelliJ-IDEA-Key-Generator,true
lineage_muhasturk_jetbrainspatchkeygen,,,,,,unresolved,0,,,{},Evidence is too generic to assign an application.,https://github.com/github/dmca/blob/master/2015/2015-07-06-jetbrains.md; https://github.com/muhasturk/JetbrainsPatchKeygen,true
lineage_muki-skywalker_intellij-idea-13-keygen,,,,,,unresolved,0,,,{},Evidence is too generic to assign an application.,https://github.com/github/dmca/blob/master/2015/2015-07-06-jetbrains.md; https://github.com/Muki-SkyWalker/IntelliJ-IDEA-13-keygen,true
lineage_mumutou_mumutou.github.com,,,,,,unresolved,0,,,{},Evidence is too generic to assign an application.,https://github.com/github/dmca/blob/master/2015/2015-07-06-jetbrains.md; https://github.com/mumutou/mumutou.github.com/blob/master/_posts/2014-04-08-webstorm80-license.md; https://github.com/mumutou/mumutou.github.com,true
lineage_muniz95_louxiaojian,,,,,,unresolved,0,,,{},Evidence is too generic to assign an application.,https://github.com/github/dmca/blob/master/2015/2015-07-06-jetbrains.md; https://github.com/muniz95/louxiaojian/blob/master/notes/other/webstorm/webstorm-key.txt; https://github.com/muniz95/louxiaojian,true
lineage_muyiwadosunmu_golangbooks,,,,,,unresolved,0,,,{},Evidence is too generic to assign an application.,https://github.com/github/dmca/blob/master/2025/05/2025-05-29-packt.md; https://github.com/muyiwadosunmu/GoLangBooks,true
lineage_mwenjoy_jetbrainspatchkeygen,,,,,,unresolved,0,,,{},Evidence is too generic to assign an application.,https://github.com/github/dmca/blob/master/2015/2015-07-06-jetbrains.md; https://github.com/Mwenjoy/JetbrainsPatchKeygen,true
lineage_my-golang-repo_golangbooks,,,,,,unresolved,0,,,{},Evidence is too generic to assign an application.,https://github.com/github/dmca/blob/master/2025/05/2025-05-29-packt.md; https://github.com/My-Golang-Repo/GoLangBooks,true
lineage_mystigan_golangbooks,,,,,,unresolved,0,,,{},Evidence is too generic to assign an application.,https://github.com/github/dmca/blob/master/2025/05/2025-05-29-packt.md; https://github.com/Mystigan/GoLangBooks,true
lineage_n-cizauskas_tds_project,,,,,,unresolved,0,,,{},Evidence is too generic to assign an application.,https://github.com/github/dmca/blob/master/2026/04/2026-04-10-uk-biobank-4.md; https://github.com/N-cizauskas/TDS_Project/blob/38a5c9564a1076d492411c0241a83fd587070200/extraction_and_recoding/outputs/ukb_extracted.rds; https://github.com/N-cizauskas/TDS_Project; https://github.com/github/dmca/blob/master/2026/04/2026-04-10-uk-biobank-4.md; https://github.com/N-cizauskas/TDS_Project/blob/38a5c9564a1076d492411c0241a83fd587070200/extraction_and_recoding/outputs/ukb_final.rds; https://github.com/N-cizauskas/TDS_Project; https://github.com/github/dmca/blob/master/2026/04/2026-04-10-uk-biobank-4.md; https://github.com/N-cizauskas/TDS_Project/blob/38a5c9564a1076d492411c0241a83fd587070200/extraction_and_recoding/outputs/ukb_recoded.rds; https://github.com/N-cizauskas/TDS_Project; https://github.com/github/dmca/blob/master/2026/04/2026-04-10-uk-biobank-4.md; https://github.com/N-cizauskas/TDS_Project/blob/38a5c9564a1076d492411c0241a83fd587070200/outcome_definition/Outputs/output_final.rds; https://github.com/N-cizauskas/TDS_Project; https://github.com/github/dmca/blob/master/2026/04/2026-04-10-uk-biobank-4.md; https://github.com/N-cizauskas/TDS_Project/blob/38a5c9564a1076d492411c0241a83fd587070200/outcome_definition/Outputs/output_hes.rds; https://github.com/N-cizauskas/TDS_Project; https://github.com/github/dmca/blob/master/2026/04/2026-04-10-uk-biobank-4.md; https://github.com/N-cizauskas/TDS_Project/blob/38a5c9564a1076d492411c0241a83fd587070200/outcome_definition/Outputs/output_registries.rds; https://github.com/N-cizauskas/TDS_Project,true
lineage_nagaraj-shan_intellij-idea-14-keygen,,,,,,unresolved,0,,,{},Evidence is too generic to assign an application.,https://github.com/github/dmca/blob/master/2015/2015-07-06-jetbrains.md; https://github.com/nagaraj-shan/IntelliJ-IDEA-14-keygen,true
lineage_nahuel1440_golangbooks,,,,,,unresolved,0,,,{},Evidence is too generic to assign an application.,https://github.com/github/dmca/blob/master/2025/05/2025-05-29-packt.md; https://github.com/Nahuel1440/GoLangBooks,true
lineage_naineel1209_golangbooks,,,,,,unresolved,0,,,{},Evidence is too generic to assign an application.,https://github.com/github/dmca/blob/master/2025/05/2025-05-29-packt.md; https://github.com/naineel1209/GoLangBooks,true
lineage_nakulbh_golangbooks,,,,,,unresolved,0,,,{},Evidence is too generic to assign an application.,https://github.com/github/dmca/blob/master/2025/05/2025-05-29-packt.md; https://github.com/nakulbh/GoLangBooks,true
lineage_nanduwastaken_yang,,,,,,unresolved,0,,,{},Evidence is too generic to assign an application.,https://github.com/github/dmca/blob/master/2023/10/2023-10-12-discord.md; https://github.com/NanduWasTaken/YANG,true
lineage_nanhui2000_ukb,,,,,,unresolved,0,,,{},Evidence is too generic to assign an application.,https://github.com/github/dmca/blob/master/2025/11/2025-11-14-uk-biobank.md; https://github.com/nanhui2000/ukb,true
lineage_nannoy_golangbooks,,,,,,unresolved,0,,,{},Evidence is too generic to assign an application.,https://github.com/github/dmca/blob/master/2025/05/2025-05-29-packt.md; https://github.com/Nannoy/GoLangBooks,true
lineage_nanosoft774849_golangbooks,,,,,,unresolved,0,,,{},Evidence is too generic to assign an application.,https://github.com/github/dmca/blob/master/2025/05/2025-05-29-packt.md; https://github.com/NanoSoft774849/GoLangBooks,true
lineage_naonaoyh_jetbrains-intellij-idea-key-generator,,,,,,unresolved,0,,,{},Evidence is too generic to assign an application.,https://github.com/github/dmca/blob/master/2015/2015-07-06-jetbrains.md; https://github.com/naonaoyh/Jetbrains-IntelliJ-IDEA-Key-Generator,true
lineage_nartvt_books,,,,,,unresolved,0,,,{},Evidence is too generic to assign an application.,https://github.com/github/dmca/blob/master/2025/05/2025-05-29-packt.md; https://github.com/nartvt/books,true
lineage_natantn_golangbooks,,,,,,unresolved,0,,,{},Evidence is too generic to assign an application.,https://github.com/github/dmca/blob/master/2025/05/2025-05-29-packt.md; https://github.com/natantn/GoLangBooks,true
lineage_naveen42kumar_golangbooks,,,,,,unresolved,0,,,{},Evidence is too generic to assign an application.,https://github.com/github/dmca/blob/master/2025/05/2025-05-29-packt.md; https://github.com/naveen42kumar/GoLangBooks,true
lineage_nazrdogan_jetbrains-intellij-idea-key-generator,,,,,,unresolved,0,,,{},Evidence is too generic to assign an application.,https://github.com/github/dmca/blob/master/2015/2015-07-06-jetbrains.md; https://github.com/nazrdogan/Jetbrains-IntelliJ-IDEA-Key-Generator,true
lineage_neati_intellij-idea-14-keygen,,,,,,unresolved,0,,,{},Evidence is too generic to assign an application.,https://github.com/github/dmca/blob/master/2015/2015-07-06-jetbrains.md; https://github.com/neati/IntelliJ-IDEA-14-keygen,true
lineage_nebrunai_prs-dash-boxplot-app,,,,,,unresolved,0,,,{},Evidence is too generic to assign an application.,https://github.com/github/dmca/blob/master/2026/03/2026-03-27-uk-biobank-4.md; https://github.com/NeBruNAI/PRS-dash-boxplot-app/blob/165390e4028569a79b1fcda72bf43dffa55adf1e/data/PCA_and_phenotype.tsv; https://github.com/NeBruNAI/PRS-dash-boxplot-app; https://github.com/github/dmca/blob/master/2026/03/2026-03-27-uk-biobank-4.md; https://github.com/NeBruNAI/PRS-dash-boxplot-app/blob/3863afaf0a87cc94d1476dad3aa6108283cfc1ad/p22011_a3_kinship.tsv; https://github.com/NeBruNAI/PRS-dash-boxplot-app; https://github.com/github/dmca/blob/master/2026/03/2026-03-27-uk-biobank-4.md; https://github.com/NeBruNAI/PRS-dash-boxplot-app/blob/3863afaf0a87cc94d1476dad3aa6108283cfc1ad/p22011_a1_kinship.tsv; https://github.com/NeBruNAI/PRS-dash-boxplot-app; https://github.com/github/dmca/blob/master/2026/03/2026-03-27-uk-biobank-4.md; https://github.com/NeBruNAI/PRS-dash-boxplot-app/blob/165390e4028569a79b1fcda72bf43dffa55adf1e/export_masked_samples_id.txt; https://github.com/NeBruNAI/PRS-dash-boxplot-app; https://github.com/github/dmca/blob/master/2026/03/2026-03-27-uk-biobank-4.md; https://github.com/NeBruNAI/PRS-dash-boxplot-app/blob/3863afaf0a87cc94d1476dad3aa6108283cfc1ad/p22011_a0_kinship.tsv; https://github.com/NeBruNAI/PRS-dash-boxplot-app; https://github.com/github/dmca/blob/master/2026/03/2026-03-27-uk-biobank-4.md; https://github.com/NeBruNAI/PRS-dash-boxplot-app/blob/3863afaf0a87cc94d1476dad3aa6108283cfc1ad/p22011_a2_kinship.tsv; https://github.com/NeBruNAI/PRS-dash-boxplot-app; https://github.com/github/dmca/blob/master/2026/03/2026-03-27-uk-biobank-4.md; https://github.com/NeBruNAI/PRS-dash-boxplot-app/blob/3863afaf0a87cc94d1476dad3aa6108283cfc1ad/p22011_a4_kinship.tsv; https://github.com/NeBruNAI/PRS-dash-boxplot-app; https://github.com/github/dmca/blob/master/2026/03/2026-03-27-uk-biobank-4.md; https://github.com/NeBruNAI/PRS-dash-boxplot-app/blob/3863afaf0a87cc94d1476dad3aa6108283cfc1ad/kinship_UKBiobank_p220011.zip; https://github.com/NeBruNAI/PRS-dash-boxplot-app; https://github.com/github/dmca/blob/master/2026/03/2026-03-27-uk-biobank-4.md; https://github.com/NeBruNAI/PRS-dash-boxplot-app/blob/3863afaf0a87cc94d1476dad3aa6108283cfc1ad/p220011_kinship_ids.zip; https://github.com/NeBruNAI/PRS-dash-boxplot-app; https://github.com/github/dmca/blob/master/2026/03/2026-03-27-uk-biobank-4.md; https://github.com/NeBruNAI/PRS-dash-boxplot-app/blob/3863afaf0a87cc94d1476dad3aa6108283cfc1ad/p22011_kinship.zip; https://github.com/NeBruNAI/PRS-dash-boxplot-app,true
lineage_nekitos_jetbrainspatchkeygen,,,,,,unresolved,0,,,{},Evidence is too generic to assign an application.,https://github.com/github/dmca/blob/master/2015/2015-07-06-jetbrains.md; https://github.com/Nekitos/JetbrainsPatchKeygen,true
lineage_nektoo_font-awesome-pro,,,,,,unresolved,0,,,{},Evidence is too generic to assign an application.,https://github.com/github/dmca/blob/master/2024/05/2024-05-21-fonticons.md; https://github.com/Nektoo/font-awesome-pro,true
lineage_nelsonking_self,,,,,,unresolved,0,,,{},Evidence is too generic to assign an application.,https://github.com/github/dmca/blob/master/2015/2015-07-06-jetbrains.md; https://github.com/nelsonking/self/blob/master/emacs/org/note.org; https://github.com/nelsonking/self,true
lineage_neri0304_ukbpheno,,,,,,unresolved,0,,,{},Evidence is too generic to assign an application.,https://github.com/github/dmca/blob/master/2025/12/2025-12-10-uk-biobank.md; https://github.com/Neri0304/ukbpheno/blob/42fd07d2145b706581ba0a021a222f6be669a36c/R/plot_timeline.R; https://github.com/Neri0304/ukbpheno,true
lineage_newheight_golangbooks,,,,,,unresolved,0,,,{},Evidence is too generic to assign an application.,https://github.com/github/dmca/blob/master/2025/05/2025-05-29-packt.md; https://github.com/NewHeight/GoLangBooks,true
lineage_nguyenvuhaiha_golangbooks,,,,,,unresolved,0,,,{},Evidence is too generic to assign an application.,https://github.com/github/dmca/blob/master/2025/05/2025-05-29-packt.md; https://github.com/NguyenVuHaiHa/GoLangBooks,true
lineage_nhokboo_golangbooks,,,,,,unresolved,0,,,{},Evidence is too generic to assign an application.,https://github.com/github/dmca/blob/master/2025/05/2025-05-29-packt.md; https://github.com/nhokboo/GoLangBooks,true
lineage_nichokas_discord-nitro,,,,,,unresolved,0,,,{},Evidence is too generic to assign an application.,https://github.com/github/dmca/blob/master/2023/10/2023-10-12-discord.md; https://github.com/Nichokas/Discord-Nitro,true
lineage_nickathans_master-thesis,,,,,,unresolved,0,,,{},Evidence is too generic to assign an application.,https://github.com/github/dmca/blob/master/2026/03/2026-03-23-uk-biobank-2.md; https://github.com/nickathans/master-thesis/blob/04789702319801d91a860f57fe6ca873a5700b10/patients.csv; https://github.com/nickathans/master-thesis; https://github.com/github/dmca/blob/master/2026/03/2026-03-23-uk-biobank-2.md; https://github.com/nickathans/master-thesis/blob/04789702319801d91a860f57fe6ca873a5700b10/ECG_MRI_Reconstruction_Training.ipynb; https://github.com/nickathans/master-thesis; https://github.com/github/dmca/blob/master/2026/03/2026-03-23-uk-biobank-2.md; https://github.com/nickathans/master-thesis/blob/e320c589c23dc790a85a808c5e7e9682c39985eb/ECG_MRI_Evaluation.ipynb; https://github.com/nickathans/master-thesis; https://github.com/github/dmca/blob/master/2026/03/2026-03-23-uk-biobank-2.md; https://github.com/nickathans/master-thesis/blob/04789702319801d91a860f57fe6ca873a5700b10/ECG_Autoencoder.ipynb; https://github.com/nickathans/master-thesis; https://github.com/github/dmca/blob/master/2026/03/2026-03-23-uk-biobank-2.md; https://github.com/nickathans/master-thesis/blob/e320c589c23dc790a85a808c5e7e9682c39985eb/MRI_Autoencoder.ipynb; https://github.com/nickathans/master-thesis,true
lineage_nicolas-97_golangbooks,,,,,,unresolved,0,,,{},Evidence is too generic to assign an application.,https://github.com/github/dmca/blob/master/2025/05/2025-05-29-packt.md; https://github.com/nicolas-97/GoLangBooks,true
lineage_nihaoqkl_linux-base,,,,,,unresolved,0,,,{},Evidence is too generic to assign an application.,https://github.com/github/dmca/blob/master/2015/2015-07-06-jetbrains.md; https://github.com/nihaoqkl/linux-base/blob/master/setup_webstorm9.md; https://github.com/nihaoqkl/linux-base,true
lineage_nijezacopilot0001_font-awesome-pro,,,,,,unresolved,0,,,{},Evidence is too generic to assign an application.,https://github.com/github/dmca/blob/master/2024/05/2024-05-21-fonticons.md; https://github.com/NijeZaCopilot0001/font-awesome-pro,true
lineage_nilaxan_jetbrainspatchkeygen,,,,,,unresolved,0,,,{},Evidence is too generic to assign an application.,https://github.com/github/dmca/blob/master/2015/2015-07-06-jetbrains.md; https://github.com/nilaxan/JetbrainsPatchKeygen,true
lineage_nining_jetbrainspatchkeygen,,,,,,unresolved,0,,,{},Evidence is too generic to assign an application.,https://github.com/github/dmca/blob/master/2015/2015-07-06-jetbrains.md; https://github.com/nining/JetbrainsPatchKeygen,true
lineage_nintran52_golangbooks,,,,,,unresolved,0,,,{},Evidence is too generic to assign an application.,https://github.com/github/dmca/blob/master/2025/05/2025-05-29-packt.md; https://github.com/nintran52/GoLangBooks,true
lineage_nisabzahid_golangbooks,,,,,,unresolved,0,,,{},Evidence is too generic to assign an application.,https://github.com/github/dmca/blob/master/2025/05/2025-05-29-packt.md; https://github.com/nisabzahid/GoLangBooks,true
lineage_nithishgwd_golangbooks,,,,,,unresolved,0,,,{},Evidence is too generic to assign an application.,https://github.com/github/dmca/blob/master/2025/05/2025-05-29-packt.md; https://github.com/nithishgwd/GoLangBooks,true
lineage_nizigama_golangbooks,,,,,,unresolved,0,,,{},Evidence is too generic to assign an application.,https://github.com/github/dmca/blob/master/2025/05/2025-05-29-packt.md; https://github.com/nizigama/GoLangBooks,true
lineage_nntrinh_durandalnodejs,,,,,,unresolved,0,,,{},Evidence is too generic to assign an application.,https://github.com/github/dmca/blob/master/2015/2015-07-06-jetbrains.md; https://github.com/nntrinh/DurandalNodejs/blob/master/README.md; https://github.com/nntrinh/DurandalNodejs,true
lineage_nnzhaocs_golangbooks,,,,,,unresolved,0,,,{},Evidence is too generic to assign an application.,https://github.com/github/dmca/blob/master/2025/05/2025-05-29-packt.md; https://github.com/nnzhaocs/GoLangBooks,true
lineage_nonsoamadi10_golangbooks,,,,,,unresolved,0,,,{},Evidence is too generic to assign an application.,https://github.com/github/dmca/blob/master/2025/05/2025-05-29-packt.md; https://github.com/NonsoAmadi10/GoLangBooks,true
lineage_novazee_golangbooks,,,,,,unresolved,0,,,{},Evidence is too generic to assign an application.,https://github.com/github/dmca/blob/master/2025/05/2025-05-29-packt.md; https://github.com/NovaZee/GoLangBooks,true
lineage_ntlcn_golangbooks,,,,,,unresolved,0,,,{},Evidence is too generic to assign an application.,https://github.com/github/dmca/blob/master/2025/05/2025-05-29-packt.md; https://github.com/ntlcn/GoLangBooks,true
lineage_ntt2k_jetbrainspatchkeygen,,,,,,unresolved,0,,,{},Evidence is too generic to assign an application.,https://github.com/github/dmca/blob/master/2015/2015-07-06-jetbrains.md; https://github.com/ntt2k/JetbrainsPatchKeygen,true
lineage_nyx2014_jetbrainspatchkeygen,,,,,,unresolved,0,,,{},Evidence is too generic to assign an application.,https://github.com/github/dmca/blob/master/2015/2015-07-06-jetbrains.md; https://github.com/nyx2014/JetbrainsPatchKeygen,true
lineage_o-tero_golangbooks,,,,,,unresolved,0,,,{},Evidence is too generic to assign an application.,https://github.com/github/dmca/blob/master/2025/05/2025-05-29-packt.md; https://github.com/O-tero/GoLangBooks,true
lineage_oblivioz_fapro-xivi,,,,,,unresolved,0,,,{},Evidence is too generic to assign an application.,https://github.com/github/dmca/blob/master/2024/05/2024-05-21-fonticons.md; https://github.com/oblivioz/fapro-xivi,true
lineage_obsidiancrew_obsidian,,,,,,unresolved,0,,,{},Evidence is too generic to assign an application.,https://github.com/github/dmca/blob/master/2023/10/2023-10-12-discord.md; https://github.com/ObsidianCrew/obsidian,true
lineage_odd-cat_golangbooks,,,,,,unresolved,0,,,{},Evidence is too generic to assign an application.,https://github.com/github/dmca/blob/master/2025/05/2025-05-29-packt.md; https://github.com/odd-cat/GoLangBooks,true
lineage_odelaneau_shapeit5,,,,,,unresolved,0,,,{},Evidence is too generic to assign an application.,https://github.com/github/dmca/blob/master/2025/11/2025-11-13-uk-biobank.md; https://github.com/odelaneau/shapeit5/blob/0b40edb8ef2678fd4ef0f0286dffe9ef0ba9b254/tasks/phasingUKB/step2_wgs/step9_imputation_rerun_new_chunks/data/1k_samples_wbi.txt#L1-L5; https://github.com/odelaneau/shapeit5,true
lineage_okoropaulc_test_exposome_aging_ukb,,,,,,unresolved,0,,,{},Evidence is too generic to assign an application.,https://github.com/github/dmca/blob/master/2025/11/2025-11-13-ukbiobank.md; https://github.com/okoropaulc/test_exposome_aging_ukb/blob/db5c05e6e271ec4ac01aa7737aec34b6b9c6877b/scripts/02-UKB_data_recoding.Rmd; https://github.com/okoropaulc/test_exposome_aging_ukb; https://github.com/github/dmca/blob/master/2025/11/2025-11-13-ukbiobank.md; https://github.com/okoropaulc/test_exposome_aging_ukb/blob/32ce0e30165cdf9cc840fb5b1d007eed46a0e070/05-missing-data-imputation.Rmd; https://github.com/okoropaulc/test_exposome_aging_ukb; https://github.com/github/dmca/blob/master/2025/11/2025-11-13-ukbiobank.md; https://github.com/okoropaulc/test_exposome_aging_ukb/blob/0834d982e28d994f428b7d58bc19bc18a143848b/02-data-recoding.Rmd; https://github.com/okoropaulc/test_exposome_aging_ukb; https://github.com/github/dmca/blob/master/2025/11/2025-11-13-ukbiobank.md; https://github.com/okoropaulc/test_exposome_aging_ukb/blob/0b9e4c00c8af6055e6e6b823c6e40f869a8ca3d3/02-data-recoding.Rmd; https://github.com/okoropaulc/test_exposome_aging_ukb; https://github.com/github/dmca/blob/master/2025/11/2025-11-13-ukbiobank.md; https://github.com/okoropaulc/test_exposome_aging_ukb/blob/63da85f6e3f5648791c5bb80617b1ac53ac9d9c8/scripts/04-ACM-data-imputation.Rmd; https://github.com/okoropaulc/test_exposome_aging_ukb,true
lineage_olaadeleye_golangbooks,,,,,,unresolved,0,,,{},Evidence is too generic to assign an application.,https://github.com/github/dmca/blob/master/2025/05/2025-05-29-packt.md; https://github.com/olaadeleye/GoLangBooks,true
lineage_oleve2_golangbooks,,,,,,unresolved,0,,,{},Evidence is too generic to assign an application.,https://github.com/github/dmca/blob/master/2025/05/2025-05-29-packt.md; https://github.com/oleve2/GoLangBooks,true
lineage_omept_golangbooks,,,,,,unresolved,0,,,{},Evidence is too generic to assign an application.,https://github.com/github/dmca/blob/master/2025/05/2025-05-29-packt.md; https://github.com/omept/GoLangBooks,true
lineage_omerli-faruk_discord-nitro-generator,,,,,,unresolved,0,,,{},Evidence is too generic to assign an application.,https://github.com/github/dmca/blob/master/2023/10/2023-10-12-discord.md; https://github.com/Omerli-Faruk/discord-nitro-generator,true
lineage_omrigruman_ukb-atherosclerosis-prediction,,,,,,unresolved,0,,,{},Evidence is too generic to assign an application.,https://github.com/github/dmca/blob/master/2025/11/2025-11-07-uk-biobank-2.md; https://github.com/OmriGruman/ukb-atherosclerosis-prediction/blob/8b9014d4a685fe5f1f7bcae02f709c68a9159738/data/eid_sick#L1-L5; https://github.com/OmriGruman/ukb-atherosclerosis-prediction,true
lineage_opssy_golangbooks,,,,,,unresolved,0,,,{},Evidence is too generic to assign an application.,https://github.com/github/dmca/blob/master/2025/05/2025-05-29-packt.md; https://github.com/Opssy/GoLangBooks,true
lineage_os01_biobankread-bash,,,,,,unresolved,0,,,{},Evidence is too generic to assign an application.,https://github.com/github/dmca/blob/master/2025/07/2025-07-18-ukbiobank.md; https://github.com/os01/BiobankRead-Bash/blob/5093ff460740e1a998439a4d7287de3904798dc7/CVD_10035.csv; https://github.com/os01/BiobankRead-Bash; https://github.com/github/dmca/blob/master/2025/07/2025-07-18-ukbiobank.md; https://github.com/os01/BiobankRead-Bash/blob/b6b919af62b41671957ec02d1cb883d6e81f9c0c/test.csv; https://github.com/os01/BiobankRead-Bash; https://github.com/github/dmca/blob/master/2025/07/2025-07-18-ukbiobank.md; https://github.com/os01/BiobankRead-Bash/blob/9f9569d678f6951bbcd9275ca864f0965b867207/test.csv; https://github.com/os01/BiobankRead-Bash; https://github.com/github/dmca/blob/master/2025/07/2025-07-18-ukbiobank.md; https://github.com/os01/BiobankRead-Bash/blob/32b4450c732fc6c8f566f089469dea5c7b4f1d31/test.csv; https://github.com/os01/BiobankRead-Bash; https://github.com/github/dmca/blob/master/2025/07/2025-07-18-ukbiobank.md; https://github.com/os01/BiobankRead-Bash/blob/4b039b1f420006ce21e545170f1242dcb11e396b/test.csv; https://github.com/os01/BiobankRead-Bash; https://github.com/github/dmca/blob/master/2025/07/2025-07-18-ukbiobank.md; https://github.com/os01/BiobankRead-Bash/blob/d358b68ae7c68dfdd2c0f00a5a2b42edab29c30f/test.csv; https://github.com/os01/BiobankRead-Bash; https://github.com/github/dmca/blob/master/2025/07/2025-07-18-ukbiobank.md; https://github.com/os01/BiobankRead-Bash/blob/316087423db1b9d070ebb75386c9bb804d4e5147/test_hpc.csv; https://github.com/os01/BiobankRead-Bash; https://github.com/github/dmca/blob/master/2025/07/2025-07-18-ukbiobank.md; https://github.com/os01/BiobankRead-Bash/blob/b6b919af62b41671957ec02d1cb883d6e81f9c0c/testnew.csv; https://github.com/os01/BiobankRead-Bash; https://github.com/github/dmca/blob/master/2025/07/2025-07-18-ukbiobank.md; https://github.com/os01/BiobankRead-Bash/blob/b6b919af62b41671957ec02d1cb883d6e81f9c0c/testnewDEATH.csv; https://github.com/os01/BiobankRead-Bash; https://github.com/github/dmca/blob/master/2025/07/2025-07-18-ukbiobank.md; https://github.com/os01/BiobankRead-Bash/blob/a1307b9e70ed8bceda4c1cc2f4bd344645dab8fb/testnewVARpartial.csv; https://github.com/os01/BiobankRead-Bash; https://github.com/github/dmca/blob/master/2025/07/2025-07-18-ukbiobank.md; https://github.com/os01/BiobankRead-Bash/blob/fd988508f364c44dd1ac9531607504409bd4298a/testnewVARpartial_HES.csv; https://github.com/os01/BiobankRead-Bash; https://github.com/github/dmca/blob/master/2025/07/2025-07-18-ukbiobank.md; https://github.com/os01/BiobankRead-Bash/blob/fd988508f364c44dd1ac9531607504409bd4298a/testnewVARpartial_SR.csv; https://github.com/os01/BiobankRead-Bash; https://github.com/github/dmca/blob/master/2025/07/2025-07-18-ukbiobank.md; https://github.com/os01/BiobankRead-Bash/blob/fd988508f364c44dd1ac9531607504409bd4298a/testnewVARpartial_death.csv; https://github.com/os01/BiobankRead-Bash; https://github.com/github/dmca/blob/master/2025/07/2025-07-18-ukbiobank.md; https://github.com/os01/BiobankRead-Bash/blob/a1307b9e70ed8bceda4c1cc2f4bd344645dab8fb/testnewVARpartial_deaths.csv; https://github.com/os01/BiobankRead-Bash; https://github.com/github/dmca/blob/master/2025/07/2025-07-18-ukbiobank.md; https://github.com/os01/BiobankRead-Bash/blob/b6b919af62b41671957ec02d1cb883d6e81f9c0c/testorigDEATH.csv; https://github.com/os01/BiobankRead-Bash,true
lineage_oszc_jetbrainspatchkeygen,,,,,,unresolved,0,,,{},Evidence is too generic to assign an application.,https://github.com/github/dmca/blob/master/2015/2015-07-06-jetbrains.md; https://github.com/oszc/JetbrainsPatchKeygen,true
lineage_ouroborus_jetbrainspatchkeygen,,,,,,unresolved,0,,,{},Evidence is too generic to assign an application.,https://github.com/github/dmca/blob/master/2015/2015-07-06-jetbrains.md; https://github.com/ouroborus/JetbrainsPatchKeygen,true
lineage_ouzhizi_jetbrainspatchkeygen,,,,,,unresolved,0,,,{},Evidence is too generic to assign an application.,https://github.com/github/dmca/blob/master/2015/2015-07-06-jetbrains.md; https://github.com/ouzhizi/JetbrainsPatchKeygen,true
lineage_owain-s_ukb-cancer-24h,,,,,,unresolved,0,,,{},Evidence is too generic to assign an application.,https://github.com/github/dmca/blob/master/2025/11/2025-11-13-uk-biobank-2.md; https://github.com/Owain-S/ukb-cancer-24h/blob/7fc9f820230f8c5703ab7a375f30ff0f0566bedb/ukb-cancer-24h-data.R; https://github.com/Owain-S/ukb-cancer-24h,true
lineage_oxks_golangbooks,,,,,,unresolved,0,,,{},Evidence is too generic to assign an application.,https://github.com/github/dmca/blob/master/2025/05/2025-05-29-packt.md; https://github.com/oxks/GoLangBooks,true
lineage_oxwearables_ukb_exome,,,,,,unresolved,0,,,{},Evidence is too generic to assign an application.,https://github.com/github/dmca/blob/master/2025/12/2025-12-08-uk-biobank-3.md; https://github.com/OxWearables/ukb_exome/blob/fdecefc37b3f83e5ca1aad85dc62e79d27496a43/prototype/covariate.csv; https://github.com/OxWearables/ukb_exome; https://github.com/github/dmca/blob/master/2025/12/2025-12-08-uk-biobank-3.md; https://github.com/OxWearables/ukb_exome/blob/fdecefc37b3f83e5ca1aad85dc62e79d27496a43/prototype/phenotype.csv; https://github.com/OxWearables/ukb_exome,true
lineage_ozaryx_golangbooks,,,,,,unresolved,0,,,{},Evidence is too generic to assign an application.,https://github.com/github/dmca/blob/master/2025/05/2025-05-29-packt.md; https://github.com/ozaryx/GoLangBooks,true
lineage_pablo-costanzo_golangbooks,,,,,,unresolved,0,,,{},Evidence is too generic to assign an application.,https://github.com/github/dmca/blob/master/2025/05/2025-05-29-packt.md; https://github.com/pablo-costanzo/GoLangBooks,true
lineage_palafoxisc_intellij-idea-14-keygen,,,,,,unresolved,0,,,{},Evidence is too generic to assign an application.,https://github.com/github/dmca/blob/master/2015/2015-07-06-jetbrains.md; https://github.com/palafoxisc/IntelliJ-IDEA-14-keygen,true
lineage_panhao000_jetbrainspatchkeygen,,,,,,unresolved,0,,,{},Evidence is too generic to assign an application.,https://github.com/github/dmca/blob/master/2015/2015-07-06-jetbrains.md; https://github.com/PanHao000/JetbrainsPatchKeygen,true
lineage_pankhur_golangbooks,,,,,,unresolved,0,,,{},Evidence is too generic to assign an application.,https://github.com/github/dmca/blob/master/2025/05/2025-05-29-packt.md; https://github.com/Pankhur/GoLangBooks,true
lineage_papalagichen_jetbrains-intellij-idea-key-generator,,,,,,unresolved,0,,,{},Evidence is too generic to assign an application.,https://github.com/github/dmca/blob/master/2015/2015-07-06-jetbrains.md; https://github.com/papalagichen/Jetbrains-IntelliJ-IDEA-Key-Generator,true
lineage_paritoshmmmec_jetbrains-intellij-idea-key-generator,,,,,,unresolved,0,,,{},Evidence is too generic to assign an application.,https://github.com/github/dmca/blob/master/2015/2015-07-06-jetbrains.md; https://github.com/paritoshmmmec/Jetbrains-IntelliJ-IDEA-Key-Generator,true
lineage_parsboy1987_genepy-2,,,,,,unresolved,0,,,{},Evidence is too generic to assign an application.,https://github.com/github/dmca/blob/master/2025/11/2025-11-14-uk-biobank-2.md; https://github.com/parsboy1987/GenePy-2/blob/main/GenePy2_UKBiobank/Nextflow_Genepy2_UKBB_V3/templates/ethinicity.txt; https://github.com/parsboy1987/GenePy-2,true
lineage_parsonw_aa,,,,,,unresolved,0,,,{},Evidence is too generic to assign an application.,https://github.com/github/dmca/blob/master/2015/2015-07-06-jetbrains.md; https://github.com/ParsonW/aa/blob/master/key.txt; https://github.com/ParsonW/aa,true
lineage_parthoshuvo_louxiaojian,,,,,,unresolved,0,,,{},Evidence is too generic to assign an application.,https://github.com/github/dmca/blob/master/2015/2015-07-06-jetbrains.md; https://github.com/ParthoShuvo/louxiaojian/blob/master/notes/other/webstorm/webstorm-key.txt; https://github.com/ParthoShuvo/louxiaojian,true
lineage_passerby4j_jetbrainspatchkeygen,,,,,,unresolved,0,,,{},Evidence is too generic to assign an application.,https://github.com/github/dmca/blob/master/2015/2015-07-06-jetbrains.md; https://github.com/passerby4j/JetbrainsPatchKeygen,true
lineage_paulo-neves_jetbrains-intellij-idea-key-generator,,,,,,unresolved,0,,,{},Evidence is too generic to assign an application.,https://github.com/github/dmca/blob/master/2015/2015-07-06-jetbrains.md; https://github.com/paulo-neves/Jetbrains-IntelliJ-IDEA-Key-Generator,true
lineage_pebblets_jm-gwas,,,,,,unresolved,0,,,{},Evidence is too generic to assign an application.,https://github.com/github/dmca/blob/master/2025/11/2025-11-13-uk-biobank-8.md; https://github.com/pebblets/JM-GWAS/blob/0ea4467cbc376db71be7d13cd8fe7aae0de0f6f3/0_DATA/VitaminD_PRS_geneGC.txt.gz; https://github.com/pebblets/JM-GWAS; https://github.com/github/dmca/blob/master/2025/11/2025-11-13-uk-biobank-8.md; https://github.com/pebblets/JM-GWAS/blob/master/0_DATA/PRS_with_PC.txt.gz; https://github.com/pebblets/JM-GWAS; https://github.com/github/dmca/blob/master/2025/11/2025-11-13-uk-biobank-8.md; https://github.com/pebblets/JM-GWAS/blob/master/0_DATA/PRS_with_diseases.txt.gz; https://github.com/pebblets/JM-GWAS; https://github.com/github/dmca/blob/master/2025/11/2025-11-13-uk-biobank-8.md; https://github.com/pebblets/JM-GWAS/blob/master/0_DATA/pheno.txt.gz; https://github.com/pebblets/JM-GWAS; https://github.com/github/dmca/blob/master/2025/11/2025-11-13-uk-biobank-8.md; https://github.com/pebblets/JM-GWAS/blob/master/0_DATA/VitaminD_PRS_with_GPS.txt.gz; https://github.com/pebblets/JM-GWAS,true
lineage_personomicslab_popmodel_ml_mh,,,,,,unresolved,0,,,{},Evidence is too generic to assign an application.,https://github.com/github/dmca/blob/master/2025/11/2025-11-12-uk-biobank.md; https://github.com/PersonomicsLab/popmodel_ML_MH/blob/81fdab51cb8c1928318d69aab13b48fc423728b3/manipulations/phenotype_averaging/WAPIAW2_Clean.ipynb; https://github.com/PersonomicsLab/popmodel_ML_MH,true
lineage_pescarcena_jetbrains-intellij-idea-key-generator,,,,,,unresolved,0,,,{},Evidence is too generic to assign an application.,https://github.com/github/dmca/blob/master/2015/2015-07-06-jetbrains.md; https://github.com/pescarcena/Jetbrains-IntelliJ-IDEA-Key-Generator,true
lineage_petergerlach1_gogogpcr,,,,,,unresolved,0,,,{},Evidence is too generic to assign an application.,https://github.com/github/dmca/blob/master/2025/12/2025-12-08-uk-biobank.md; https://github.com/petergerlach1/gogoGPCR/blob/c9df069580c277fe60d2bf67c9532201f056b887/notebooks/0_import_matrixtable.ipynb; https://github.com/petergerlach1/gogoGPCR; https://github.com/github/dmca/blob/master/2025/12/2025-12-08-uk-biobank.md; https://github.com/petergerlach1/gogoGPCR/blob/c2cb03d8ca76cd454688782f468867e170a7d798/notebooks/0_burden_files.ipynb; https://github.com/petergerlach1/gogoGPCR; https://github.com/github/dmca/blob/master/2025/12/2025-12-08-uk-biobank.md; https://github.com/petergerlach1/gogoGPCR/blob/0b3457853125a88ecb11bc1763c63ea7c8879aab/notebooks/1_burden_files.ipynb; https://github.com/petergerlach1/gogoGPCR; https://github.com/github/dmca/blob/master/2025/12/2025-12-08-uk-biobank.md; https://github.com/petergerlach1/gogoGPCR/blob/a3ba973a555acb8d23d5594be1969a105e9f324b/data/withdrawn_samples.csv; https://github.com/petergerlach1/gogoGPCR; https://github.com/github/dmca/blob/master/2025/12/2025-12-08-uk-biobank.md; https://github.com/petergerlach1/gogoGPCR/blob/daf3eb012558a373ff3e3534278c6be9786e8588/notebooks/04_fix_phesant_output.ipynb; https://github.com/petergerlach1/gogoGPCR; https://github.com/github/dmca/blob/master/2025/12/2025-12-08-uk-biobank.md; https://github.com/petergerlach1/gogoGPCR/blob/a06d7f313cba51625b28ef71e2e575180f5342f6/notebooks/02_covariates.ipynb; https://github.com/petergerlach1/gogoGPCR; https://github.com/github/dmca/blob/master/2025/12/2025-12-08-uk-biobank.md; https://github.com/petergerlach1/gogoGPCR/blob/173114a4ef37b99bca5010892053bbf904b43c22/notebooks/01_sample_hard_filter.ipynb; https://github.com/petergerlach1/gogoGPCR; https://github.com/github/dmca/blob/master/2025/12/2025-12-08-uk-biobank.md; https://github.com/petergerlach1/gogoGPCR/blob/8113a4e453f6fe6958e58eaab0258606d3630ba2/notebooks/1_sample_hard_filter.ipynb; https://github.com/petergerlach1/gogoGPCR,true
lineage_petergi_jetbrains-intellij-idea-key-generator,,,,,,unresolved,0,,,{},Evidence is too generic to assign an application.,https://github.com/github/dmca/blob/master/2015/2015-07-06-jetbrains.md; https://github.com/petergi/Jetbrains-IntelliJ-IDEA-Key-Generator,true
lineage_phamtuanchip_golangbooks,,,,,,unresolved,0,,,{},Evidence is too generic to assign an application.,https://github.com/github/dmca/blob/master/2025/05/2025-05-29-packt.md; https://github.com/phamtuanchip/GoLangBooks,true
lineage_phantomray_font-awesome-pro,,,,,,unresolved,0,,,{},Evidence is too generic to assign an application.,https://github.com/github/dmca/blob/master/2024/05/2024-05-21-fonticons.md; https://github.com/PhantomRay/font-awesome-pro,true
lineage_pichayean_golangbooks,,,,,,unresolved,0,,,{},Evidence is too generic to assign an application.,https://github.com/github/dmca/blob/master/2025/05/2025-05-29-packt.md; https://github.com/pichayean/GoLangBooks,true
lineage_pikachu973_pikagen,,,,,,unresolved,0,,,{},Evidence is too generic to assign an application.,https://github.com/github/dmca/blob/master/2023/10/2023-10-12-discord.md; https://github.com/Pikachu973/PikaGen,true
lineage_pinkbluersglobal_golangprogrammingbooks,,,,,,unresolved,0,,,{},Evidence is too generic to assign an application.,https://github.com/github/dmca/blob/master/2025/05/2025-05-29-packt.md; https://github.com/pinkbluersglobal/GoLangProgrammingBooks,true
lineage_polaris-zx_intellij-idea-14-keygen,,,,,,unresolved,0,,,{},Evidence is too generic to assign an application.,https://github.com/github/dmca/blob/master/2015/2015-07-06-jetbrains.md; https://github.com/polaris-zx/IntelliJ-IDEA-14-keygen,true
lineage_polyakov-andrey_intellij-idea-14-keygen,,,,,,unresolved,0,,,{},Evidence is too generic to assign an application.,https://github.com/github/dmca/blob/master/2015/2015-07-06-jetbrains.md; https://github.com/Polyakov-Andrey/IntelliJ-IDEA-14-keygen,true
lineage_popbrain_jetbrains-intellij-idea-key-generator,,,,,,unresolved,0,,,{},Evidence is too generic to assign an application.,https://github.com/github/dmca/blob/master/2015/2015-07-06-jetbrains.md; https://github.com/Popbrain/Jetbrains-IntelliJ-IDEA-Key-Generator,true
lineage_postincredible_ukbb,,,,,,unresolved,0,,,{},Evidence is too generic to assign an application.,https://github.com/github/dmca/blob/master/2026/03/2026-03-27-uk-biobank-2.md; https://github.com/postincredible/ukbb/blob/0f62a4eef5aa39676617fe360a58188156a10379/cleaned_ukbb_disT2D_indicator.ipynb; https://github.com/postincredible/ukbb; https://github.com/github/dmca/blob/master/2026/03/2026-03-27-uk-biobank-2.md; https://github.com/postincredible/ukbb/blob/0f62a4eef5aa39676617fe360a58188156a10379/cleaned_HES_add_visits_count.ipynb; https://github.com/postincredible/ukbb; https://github.com/github/dmca/blob/master/2026/03/2026-03-27-uk-biobank-2.md; https://github.com/postincredible/ukbb/blob/0f62a4eef5aa39676617fe360a58188156a10379/cleaned_ukbb_disRA_indicator.ipynb.ipynb; https://github.com/postincredible/ukbb; https://github.com/github/dmca/blob/master/2026/03/2026-03-27-uk-biobank-2.md; https://github.com/postincredible/ukbb/blob/0f62a4eef5aa39676617fe360a58188156a10379/cleaned_HES_disRA.ipynb.ipynb; https://github.com/postincredible/ukbb; https://github.com/github/dmca/blob/master/2026/03/2026-03-27-uk-biobank-2.md; https://github.com/postincredible/ukbb/blob/0f62a4eef5aa39676617fe360a58188156a10379/cleaned_HES_2nd_ICD_long_to_wide.ipynb; https://github.com/postincredible/ukbb; https://github.com/github/dmca/blob/master/2026/03/2026-03-27-uk-biobank-2.md; https://github.com/postincredible/ukbb/blob/0f62a4eef5aa39676617fe360a58188156a10379/cleaned_HES_disT2D.ipynb; https://github.com/postincredible/ukbb,true
lineage_potievdev_golangbooks,,,,,,unresolved,0,,,{},Evidence is too generic to assign an application.,https://github.com/github/dmca/blob/master/2025/05/2025-05-29-packt.md; https://github.com/potievdev/GoLangBooks,true
lineage_prabhuroy01_jetbrains-intellij-idea-key-generator,,,,,,unresolved,0,,,{},Evidence is too generic to assign an application.,https://github.com/github/dmca/blob/master/2015/2015-07-06-jetbrains.md; https://github.com/prabhuroy01/Jetbrains-IntelliJ-IDEA-Key-Generator,true
lineage_pranavmangalgi_golangbooks,,,,,,unresolved,0,,,{},Evidence is too generic to assign an application.,https://github.com/github/dmca/blob/master/2025/05/2025-05-29-packt.md; https://github.com/PranavMangalgi/GoLangBooks,true
lineage_pranavskurup_intellij-idea-14-keygen,,,,,,unresolved,0,,,{},Evidence is too generic to assign an application.,https://github.com/github/dmca/blob/master/2015/2015-07-06-jetbrains.md; https://github.com/pranavskurup/IntelliJ-IDEA-14-keygen,true
lineage_psakshaycode_golangbooks,,,,,,unresolved,0,,,{},Evidence is too generic to assign an application.,https://github.com/github/dmca/blob/master/2025/05/2025-05-29-packt.md; https://github.com/psakshaycode/GoLangBooks,true
lineage_pskpg86_golangbooks,,,,,,unresolved,0,,,{},Evidence is too generic to assign an application.,https://github.com/github/dmca/blob/master/2025/05/2025-05-29-packt.md; https://github.com/pskpg86/GoLangBooks,true
lineage_purnanandahari_golangbooks,,,,,,unresolved,0,,,{},Evidence is too generic to assign an application.,https://github.com/github/dmca/blob/master/2025/05/2025-05-29-packt.md; https://github.com/purnanandahari/GoLangBooks,true
lineage_purpie-dragonman_nitro-generator-bot,,,,,,unresolved,0,,,{},Evidence is too generic to assign an application.,https://github.com/github/dmca/blob/master/2023/10/2023-10-12-discord.md; https://github.com/PurpIe-dragonman/Nitro-Generator-Bot,true
lineage_pussgrc_golangbooks,,,,,,unresolved,0,,,{},Evidence is too generic to assign an application.,https://github.com/github/dmca/blob/master/2025/05/2025-05-29-packt.md; https://github.com/PUSSGRC/GoLangBooks,true
lineage_putona7040300_discord-nitro,,,,,,unresolved,0,,,{},Evidence is too generic to assign an application.,https://github.com/github/dmca/blob/master/2023/10/2023-10-12-discord.md; https://github.com/PUTONA7040300/Discord-Nitro,true
lineage_pv-ajay-thota_golangbooks,,,,,,unresolved,0,,,{},Evidence is too generic to assign an application.,https://github.com/github/dmca/blob/master/2025/05/2025-05-29-packt.md; https://github.com/pv-ajay-thota/GoLangBooks,true
lineage_pwelyn_jetbrainspatchkeygen,,,,,,unresolved,0,,,{},Evidence is too generic to assign an application.,https://github.com/github/dmca/blob/master/2015/2015-07-06-jetbrains.md; https://github.com/pwelyn/JetbrainsPatchKeygen,true
lineage_qinyuan_note,,,,,,unresolved,0,,,{},Evidence is too generic to assign an application.,https://github.com/github/dmca/blob/master/2015/2015-07-06-jetbrains.md; https://github.com/qinyuan/note/blob/master/python/pycharm.txt; https://github.com/qinyuan/note; https://github.com/github/dmca/blob/master/2015/2015-07-06-jetbrains.md; https://github.com/qinyuan/note/blob/master/php/phpstorm.txt; https://github.com/qinyuan/note; https://github.com/github/dmca/blob/master/2015/2015-07-06-jetbrains.md; https://github.com/qinyuan/note/blob/master/javascript/WebStorm.txt; https://github.com/qinyuan/note,true
lineage_qiquanlu_golangbooks,,,,,,unresolved,0,,,{},Evidence is too generic to assign an application.,https://github.com/github/dmca/blob/master/2025/05/2025-05-29-packt.md; https://github.com/qiquanlu/GoLangBooks,true
lineage_qiyongqiang_golangbooks,,,,,,unresolved,0,,,{},Evidence is too generic to assign an application.,https://github.com/github/dmca/blob/master/2025/05/2025-05-29-packt.md; https://github.com/qiyongqiang/GoLangBooks,true
lineage_quangfe_golangbooks,,,,,,unresolved,0,,,{},Evidence is too generic to assign an application.,https://github.com/github/dmca/blob/master/2025/05/2025-05-29-packt.md; https://github.com/QuangFe/GoLangBooks,true
lineage_quangson91_jetbrainspatchkeygen,,,,,,unresolved,0,,,{},Evidence is too generic to assign an application.,https://github.com/github/dmca/blob/master/2015/2015-07-06-jetbrains.md; https://github.com/quangson91/JetbrainsPatchKeygen,true
lineage_quatrosem_bangkok,,,,,,unresolved,0,,,{},Evidence is too generic to assign an application.,https://github.com/github/dmca/blob/master/2015/2015-07-06-jetbrains.md; https://github.com/quatrosem/Bangkok/blob/master/Internet/django%20instructions.rtf; https://github.com/quatrosem/Bangkok,true
lineage_quatrosem_pelocano---ic-2014,,,,,,unresolved,0,,,{},Evidence is too generic to assign an application.,https://github.com/github/dmca/blob/master/2015/2015-07-06-jetbrains.md; https://github.com/quatrosem/PeloCano---IC-2014-/blob/master/django%20instructions.rtf; https://github.com/quatrosem/PeloCano---IC-2014-,true
lineage_quocgiahcmut_font-awesome-pro,,,,,,unresolved,0,,,{},Evidence is too generic to assign an application.,https://github.com/github/dmca/blob/master/2024/05/2024-05-21-fonticons.md; https://github.com/quocgiahcmut/font-awesome-pro,true
lineage_quyen-n_golangbooks,,,,,,unresolved,0,,,{},Evidence is too generic to assign an application.,https://github.com/github/dmca/blob/master/2025/05/2025-05-29-packt.md; https://github.com/Quyen-N/GoLangBooks,true
lineage_qwerchenok_crack,,,,,,unresolved,0,,,{},Evidence is too generic to assign an application.,https://github.com/github/dmca/blob/master/2015/2015-07-06-jetbrains.md; https://github.com/qwerchenok/Crack/blob/master/Ruby%20Mine%207; https://github.com/qwerchenok/Crack,true
lineage_r1q_font-awesome-pro,,,,,,unresolved,0,,,{},Evidence is too generic to assign an application.,https://github.com/github/dmca/blob/master/2024/05/2024-05-21-fonticons.md; https://github.com/r1q/font-awesome-pro,true
lineage_r3solve_golangbooks,,,,,,unresolved,0,,,{},Evidence is too generic to assign an application.,https://github.com/github/dmca/blob/master/2025/05/2025-05-29-packt.md; https://github.com/r3solve/GoLangBooks,true
lineage_r4dn3t_golangbooks,,,,,,unresolved,0,,,{},Evidence is too generic to assign an application.,https://github.com/github/dmca/blob/master/2025/05/2025-05-29-packt.md; https://github.com/r4dn3t/GoLangBooks,true
lineage_radut_jetbrainspatchkeygen,,,,,,unresolved,0,,,{},Evidence is too generic to assign an application.,https://github.com/github/dmca/blob/master/2015/2015-07-06-jetbrains.md; https://github.com/radut/JetbrainsPatchKeygen,true
lineage_rahmanmajeed_golangbooks,,,,,,unresolved,0,,,{},Evidence is too generic to assign an application.,https://github.com/github/dmca/blob/master/2025/05/2025-05-29-packt.md; https://github.com/rahmanmajeed/GoLangBooks,true
lineage_rahulvramesh_louxiaojian,,,,,,unresolved,0,,,{},Evidence is too generic to assign an application.,https://github.com/github/dmca/blob/master/2015/2015-07-06-jetbrains.md; https://github.com/rahulvramesh/louxiaojian/blob/master/notes/other/webstorm/webstorm-key.txt; https://github.com/rahulvramesh/louxiaojian,true
lineage_rainard_golangbooks,,,,,,unresolved,0,,,{},Evidence is too generic to assign an application.,https://github.com/github/dmca/blob/master/2025/05/2025-05-29-packt.md; https://github.com/rainard/GoLangBooks,true
lineage_raizul8_razit,,,,,,unresolved,0,,,{},Evidence is too generic to assign an application.,https://github.com/github/dmca/blob/master/2015/2015-07-06-jetbrains.md; https://github.com/raizul8/razIT/blob/master/Notes/idea/keyWS10.txt; https://github.com/raizul8/razIT,true
lineage_rajendarreddyj_jetbrains-intellij-idea-key-generator,,,,,,unresolved,0,,,{},Evidence is too generic to assign an application.,https://github.com/github/dmca/blob/master/2015/2015-07-06-jetbrains.md; https://github.com/rajendarreddyj/Jetbrains-IntelliJ-IDEA-Key-Generator,true
lineage_rako87_louxiaojian,,,,,,unresolved,0,,,{},Evidence is too generic to assign an application.,https://github.com/github/dmca/blob/master/2015/2015-07-06-jetbrains.md; https://github.com/rako87/louxiaojian/blob/master/notes/other/webstorm/webstorm-key.txt; https://github.com/rako87/louxiaojian,true
lineage_rami-nasfi_font-awesome-pro,,,,,,unresolved,0,,,{},Evidence is too generic to assign an application.,https://github.com/github/dmca/blob/master/2024/05/2024-05-21-fonticons.md; https://github.com/rami-nasfi/font-awesome-pro,true
lineage_ran485_biomarkers,,,,,,unresolved,0,,,{},Evidence is too generic to assign an application.,https://github.com/github/dmca/blob/master/2025/08/2025-08-22-uk-biobank.md; https://github.com/Ran485/biomarkers/blob/1c0da07a271784cdcb890e5a7e4a97f03547e82b/clumping/clumped/GLOBAL_Alanine_aminotransferase.hh; https://github.com/Ran485/biomarkers; https://github.com/github/dmca/blob/master/2025/08/2025-08-22-uk-biobank.md; https://github.com/Ran485/biomarkers/blob/1c0da07a271784cdcb890e5a7e4a97f03547e82b/clumping/clumped/GLOBAL_Albumin.hh; https://github.com/Ran485/biomarkers; https://github.com/github/dmca/blob/master/2025/08/2025-08-22-uk-biobank.md; https://github.com/Ran485/biomarkers/blob/1c0da07a271784cdcb890e5a7e4a97f03547e82b/clumping/clumped/GLOBAL_Alkaline_phosphatase.hh; https://github.com/Ran485/biomarkers; https://github.com/github/dmca/blob/master/2025/08/2025-08-22-uk-biobank.md; https://github.com/Ran485/biomarkers/blob/1c0da07a271784cdcb890e5a7e4a97f03547e82b/clumping/clumped/GLOBAL_Apolipoprotein_A.hh; https://github.com/Ran485/biomarkers; https://github.com/github/dmca/blob/master/2025/08/2025-08-22-uk-biobank.md; https://github.com/Ran485/biomarkers/blob/1c0da07a271784cdcb890e5a7e4a97f03547e82b/clumping/clumped/GLOBAL_Apolipoprotein_B.hh; https://github.com/Ran485/biomarkers; https://github.com/github/dmca/blob/master/2025/08/2025-08-22-uk-biobank.md; https://github.com/Ran485/biomarkers/blob/1c0da07a271784cdcb890e5a7e4a97f03547e82b/clumping/clumped/GLOBAL_Apolipoprotein_B_adjstatins.hh; https://github.com/Ran485/biomarkers; https://github.com/github/dmca/blob/master/2025/08/2025-08-22-uk-biobank.md; https://github.com/Ran485/biomarkers/blob/1c0da07a271784cdcb890e5a7e4a97f03547e82b/clumping/clumped/GLOBAL_Aspartate_aminotransferase.hh; https://github.com/Ran485/biomarkers; https://github.com/github/dmca/blob/master/2025/08/2025-08-22-uk-biobank.md; https://github.com/Ran485/biomarkers/blob/1c0da07a271784cdcb890e5a7e4a97f03547e82b/clumping/clumped/GLOBAL_AST_ALT_ratio.hh; https://github.com/Ran485/biomarkers; https://github.com/github/dmca/blob/master/2025/08/2025-08-22-uk-biobank.md; https://github.com/Ran485/biomarkers/blob/1c0da07a271784cdcb890e5a7e4a97f03547e82b/clumping/clumped/GLOBAL_C_reactive_protein.hh; https://github.com/Ran485/biomarkers; https://github.com/github/dmca/blob/master/2025/08/2025-08-22-uk-biobank.md; https://github.com/Ran485/biomarkers/blob/1c0da07a271784cdcb890e5a7e4a97f03547e82b/clumping/clumped/GLOBAL_Calcium.hh; https://github.com/Ran485/biomarkers; https://github.com/github/dmca/blob/master/2025/08/2025-08-22-uk-biobank.md; https://github.com/Ran485/biomarkers/blob/1c0da07a271784cdcb890e5a7e4a97f03547e82b/clumping/clumped/GLOBAL_Cholesterol.hh; https://github.com/Ran485/biomarkers; https://github.com/github/dmca/blob/master/2025/08/2025-08-22-uk-biobank.md; https://github.com/Ran485/biomarkers/blob/1c0da07a271784cdcb890e5a7e4a97f03547e82b/clumping/clumped/GLOBAL_Cholesterol_adjstatins.hh; https://github.com/Ran485/biomarkers; https://github.com/github/dmca/blob/master/2025/08/2025-08-22-uk-biobank.md; https://github.com/Ran485/biomarkers/blob/1c0da07a271784cdcb890e5a7e4a97f03547e82b/clumping/clumped/GLOBAL_Creatinine.hh; https://github.com/Ran485/biomarkers; https://github.com/github/dmca/blob/master/2025/08/2025-08-22-uk-biobank.md; https://github.com/Ran485/biomarkers/blob/1c0da07a271784cdcb890e5a7e4a97f03547e82b/clumping/clumped/GLOBAL_Creatinine_in_urine.hh; https://github.com/Ran485/biomarkers; https://github.com/github/dmca/blob/master/2025/08/2025-08-22-uk-biobank.md; https://github.com/Ran485/biomarkers/blob/1c0da07a271784cdcb890e5a7e4a97f03547e82b/clumping/clumped/GLOBAL_Cystatin_C.hh; https://github.com/Ran485/biomarkers; https://github.com/github/dmca/blob/master/2025/08/2025-08-22-uk-biobank.md; https://github.com/Ran485/biomarkers/blob/1c0da07a271784cdcb890e5a7e4a97f03547e82b/clumping/clumped/GLOBAL_Direct_bilirubin.hh; https://github.com/Ran485/biomarkers; https://github.com/github/dmca/blob/master/2025/08/2025-08-22-uk-biobank.md; https://github.com/Ran485/biomarkers/blob/1c0da07a271784cdcb890e5a7e4a97f03547e82b/clumping/clumped/GLOBAL_eGFR.hh; https://github.com/Ran485/biomarkers; https://github.com/github/dmca/blob/master/2025/08/2025-08-22-uk-biobank.md; https://github.com/Ran485/biomarkers/blob/1c0da07a271784cdcb890e5a7e4a97f03547e82b/clumping/clumped/GLOBAL_Fasting_glucose.hh; https://github.com/Ran485/biomarkers; https://github.com/github/dmca/blob/master/2025/08/2025-08-22-uk-biobank.md; https://github.com/Ran485/biomarkers/blob/1c0da07a271784cdcb890e5a7e4a97f03547e82b/clumping/clumped/GLOBAL_Gamma_glutamyltransferase.hh; https://github.com/Ran485/biomarkers; https://github.com/github/dmca/blob/master/2025/08/2025-08-22-uk-biobank.md; https://github.com/Ran485/biomarkers/blob/1c0da07a271784cdcb890e5a7e4a97f03547e82b/clumping/clumped/GLOBAL_Glucose.hh; https://github.com/Ran485/biomarkers; https://github.com/github/dmca/blob/master/2025/08/2025-08-22-uk-biobank.md; https://github.com/Ran485/biomarkers/blob/1c0da07a271784cdcb890e5a7e4a97f03547e82b/clumping/clumped/GLOBAL_Glycated_haemoglobin_HbA1c.hh; https://github.com/Ran485/biomarkers; https://github.com/github/dmca/blob/master/2025/08/2025-08-22-uk-biobank.md; https://github.com/Ran485/biomarkers/blob/1c0da07a271784cdcb890e5a7e4a97f03547e82b/clumping/clumped/GLOBAL_HbA1c.hh; https://github.com/Ran485/biomarkers; https://github.com/github/dmca/blob/master/2025/08/2025-08-22-uk-biobank.md; https://github.com/Ran485/biomarkers/blob/1c0da07a271784cdcb890e5a7e4a97f03547e82b/clumping/clumped/GLOBAL_HDL.hh; https://github.com/Ran485/biomarkers; https://github.com/github/dmca/blob/master/2025/08/2025-08-22-uk-biobank.md; https://github.com/Ran485/biomarkers/blob/1c0da07a271784cdcb890e5a7e4a97f03547e82b/clumping/clumped/GLOBAL_HDL_cholesterol.hh; https://github.com/Ran485/biomarkers; https://github.com/github/dmca/blob/master/2025/08/2025-08-22-uk-biobank.md; https://github.com/Ran485/biomarkers/blob/1c0da07a271784cdcb890e5a7e4a97f03547e82b/clumping/clumped/GLOBAL_IGF_1.hh; https://github.com/Ran485/biomarkers; https://github.com/github/dmca/blob/master/2025/08/2025-08-22-uk-biobank.md; https://github.com/Ran485/biomarkers/blob/1c0da07a271784cdcb890e5a7e4a97f03547e82b/clumping/clumped/GLOBAL_LDL.hh; https://github.com/Ran485/biomarkers; https://github.com/github/dmca/blob/master/2025/08/2025-08-22-uk-biobank.md; https://github.com/Ran485/biomarkers/blob/1c0da07a271784cdcb890e5a7e4a97f03547e82b/clumping/clumped/GLOBAL_LDL_adjstatins.hh; https://github.com/Ran485/biomarkers; https://github.com/github/dmca/blob/master/2025/08/2025-08-22-uk-biobank.md; https://github.com/Ran485/biomarkers/blob/1c0da07a271784cdcb890e5a7e4a97f03547e82b/clumping/clumped/GLOBAL_LDL_direct.hh; https://github.com/Ran485/biomarkers; https://github.com/github/dmca/blob/master/2025/08/2025-08-22-uk-biobank.md; https://github.com/Ran485/biomarkers/blob/1c0da07a271784cdcb890e5a7e4a97f03547e82b/clumping/clumped/GLOBAL_LDL_direct_adjstatins.hh; https://github.com/Ran485/biomarkers; https://github.com/github/dmca/blob/master/2025/08/2025-08-22-uk-biobank.md; https://github.com/Ran485/biomarkers/blob/1c0da07a271784cdcb890e5a7e4a97f03547e82b/clumping/clumped/GLOBAL_Lipoprotein_A.hh; https://github.com/Ran485/biomarkers; https://github.com/github/dmca/blob/master/2025/08/2025-08-22-uk-biobank.md; https://github.com/Ran485/biomarkers/blob/1c0da07a271784cdcb890e5a7e4a97f03547e82b/clumping/clumped/GLOBAL_Microalbumin_in_urine.hh; https://github.com/Ran485/biomarkers; https://github.com/github/dmca/blob/master/2025/08/2025-08-22-uk-biobank.md; https://github.com/Ran485/biomarkers/blob/1c0da07a271784cdcb890e5a7e4a97f03547e82b/clumping/clumped/GLOBAL_Non_albumin_protein.hh; https://github.com/Ran485/biomarkers; https://github.com/github/dmca/blob/master/2025/08/2025-08-22-uk-biobank.md; https://github.com/Ran485/biomarkers/blob/1c0da07a271784cdcb890e5a7e4a97f03547e82b/clumping/clumped/GLOBAL_Oestradiol.hh; https://github.com/Ran485/biomarkers; https://github.com/github/dmca/blob/master/2025/08/2025-08-22-uk-biobank.md; https://github.com/Ran485/biomarkers/blob/1c0da07a271784cdcb890e5a7e4a97f03547e82b/clumping/clumped/GLOBAL_Phosphate.hh; https://github.com/Ran485/biomarkers; https://github.com/github/dmca/blob/master/2025/08/2025-08-22-uk-biobank.md; https://github.com/Ran485/biomarkers/blob/1c0da07a271784cdcb890e5a7e4a97f03547e82b/clumping/clumped/GLOBAL_Potassium_in_urine.hh; https://github.com/Ran485/biomarkers; https://github.com/github/dmca/blob/master/2025/08/2025-08-22-uk-biobank.md; https://github.com/Ran485/biomarkers/blob/1c0da07a271784cdcb890e5a7e4a97f03547e82b/clumping/clumped/GLOBAL_Rheumatoid_factor.hh; https://github.com/Ran485/biomarkers; https://github.com/github/dmca/blob/master/2025/08/2025-08-22-uk-biobank.md; https://github.com/Ran485/biomarkers/blob/1c0da07a271784cdcb890e5a7e4a97f03547e82b/clumping/clumped/GLOBAL_SHBG.hh; https://github.com/Ran485/biomarkers; https://github.com/github/dmca/blob/master/2025/08/2025-08-22-uk-biobank.md; https://github.com/Ran485/biomarkers/blob/1c0da07a271784cdcb890e5a7e4a97f03547e82b/clumping/clumped/GLOBAL_Sodium_in_urine.hh; https://github.com/Ran485/biomarkers; https://github.com/github/dmca/blob/master/2025/08/2025-08-22-uk-biobank.md; https://github.com/Ran485/biomarkers/blob/1c0da07a271784cdcb890e5a7e4a97f03547e82b/clumping/clumped/GLOBAL_Testosterone.hh; https://github.com/Ran485/biomarkers; https://github.com/github/dmca/blob/master/2025/08/2025-08-22-uk-biobank.md; https://github.com/Ran485/biomarkers/blob/1c0da07a271784cdcb890e5a7e4a97f03547e82b/clumping/clumped/GLOBAL_Total_bilirubin.hh; https://github.com/Ran485/biomarkers; https://github.com/github/dmca/blob/master/2025/08/2025-08-22-uk-biobank.md; https://github.com/Ran485/biomarkers/blob/1c0da07a271784cdcb890e5a7e4a97f03547e82b/clumping/clumped/GLOBAL_Total_protein.hh; https://github.com/Ran485/biomarkers; https://github.com/github/dmca/blob/master/2025/08/2025-08-22-uk-biobank.md; https://github.com/Ran485/biomarkers/blob/1c0da07a271784cdcb890e5a7e4a97f03547e82b/clumping/clumped/GLOBAL_Triglycerides.hh; https://github.com/Ran485/biomarkers; https://github.com/github/dmca/blob/master/2025/08/2025-08-22-uk-biobank.md; https://github.com/Ran485/biomarkers/blob/1c0da07a271784cdcb890e5a7e4a97f03547e82b/clumping/clumped/GLOBAL_Urate.hh; https://github.com/Ran485/biomarkers; https://github.com/github/dmca/blob/master/2025/08/2025-08-22-uk-biobank.md; https://github.com/Ran485/biomarkers/blob/1c0da07a271784cdcb890e5a7e4a97f03547e82b/clumping/clumped/GLOBAL_Urea.hh; https://github.com/Ran485/biomarkers; https://github.com/github/dmca/blob/master/2025/08/2025-08-22-uk-biobank.md; https://github.com/Ran485/biomarkers/blob/1c0da07a271784cdcb890e5a7e4a97f03547e82b/clumping/clumped/GLOBAL_Vitamin_D.hh; https://github.com/Ran485/biomarkers,true
lineage_randers00_intellij-idea-14-keygen,,,,,,unresolved,0,,,{},Evidence is too generic to assign an application.,https://github.com/github/dmca/blob/master/2015/2015-07-06-jetbrains.md; https://github.com/RAnders00/IntelliJ-IDEA-14-keygen,true
lineage_rapixar_golangbooks,,,,,,unresolved,0,,,{},Evidence is too generic to assign an application.,https://github.com/github/dmca/blob/master/2025/05/2025-05-29-packt.md; https://github.com/Rapixar/GoLangBooks,true
lineage_rasilvap_golangbooks,,,,,,unresolved,0,,,{},Evidence is too generic to assign an application.,https://github.com/github/dmca/blob/master/2025/05/2025-05-29-packt.md; https://github.com/rasilvap/GoLangBooks,true
lineage_ratancs_intellij-idea-14-keygen,,,,,,unresolved,0,,,{},Evidence is too generic to assign an application.,https://github.com/github/dmca/blob/master/2015/2015-07-06-jetbrains.md; https://github.com/ratancs/IntelliJ-IDEA-14-keygen,true
lineage_ravieraa_font-awesome-pro,,,,,,unresolved,0,,,{},Evidence is too generic to assign an application.,https://github.com/github/dmca/blob/master/2024/05/2024-05-21-fonticons.md; https://github.com/ravieraa/font-awesome-pro,true
lineage_raxefron_intellij-idea-14-keygen,,,,,,unresolved,0,,,{},Evidence is too generic to assign an application.,https://github.com/github/dmca/blob/master/2015/2015-07-06-jetbrains.md; https://github.com/raxefron/IntelliJ-IDEA-14-keygen,true
lineage_rayan1635_rnitrogenerator,,,,,,unresolved,0,,,{},Evidence is too generic to assign an application.,https://github.com/github/dmca/blob/master/2023/10/2023-10-12-discord.md; https://github.com/Rayan1635/RNitroGenerator,true
lineage_rdo_intellij-idea-14-keygen,,,,,,unresolved,0,,,{},Evidence is too generic to assign an application.,https://github.com/github/dmca/blob/master/2015/2015-07-06-jetbrains.md; https://github.com/rdo/IntelliJ-IDEA-14-keygen,true
lineage_rduboveckij_intellij-idea-14-keygen,,,,,,unresolved,0,,,{},Evidence is too generic to assign an application.,https://github.com/github/dmca/blob/master/2015/2015-07-06-jetbrains.md; https://github.com/rduboveckij/IntelliJ-IDEA-14-keygen,true
lineage_reborn1867_golangbooks,,,,,,unresolved,0,,,{},Evidence is too generic to assign an application.,https://github.com/github/dmca/blob/master/2025/05/2025-05-29-packt.md; https://github.com/reborn1867/GoLangBooks,true
lineage_redhander_golangbooks,,,,,,unresolved,0,,,{},Evidence is too generic to assign an application.,https://github.com/github/dmca/blob/master/2025/05/2025-05-29-packt.md; https://github.com/redhander/GoLangBooks,true
lineage_reesun_jetbrainspatchkeygen,,,,,,unresolved,0,,,{},Evidence is too generic to assign an application.,https://github.com/github/dmca/blob/master/2015/2015-07-06-jetbrains.md; https://github.com/reesun/JetbrainsPatchKeygen,true
lineage_reifier92_font-awesome-pro,,,,,,unresolved,0,,,{},Evidence is too generic to assign an application.,https://github.com/github/dmca/blob/master/2024/05/2024-05-21-fonticons.md; https://github.com/reifier92/font-awesome-pro,true
lineage_ren4u_golangbooks,,,,,,unresolved,0,,,{},Evidence is too generic to assign an application.,https://github.com/github/dmca/blob/master/2025/05/2025-05-29-packt.md; https://github.com/Ren4u/GoLangBooks,true
lineage_repoleved08_golangbooks,,,,,,unresolved,0,,,{},Evidence is too generic to assign an application.,https://github.com/github/dmca/blob/master/2025/05/2025-05-29-packt.md; https://github.com/repoleved08/GoLangBooks,true
lineage_reynacortez3_lacosecha,,,,,,unresolved,0,,,{},Evidence is too generic to assign an application.,https://github.com/github/dmca/blob/master/2015/2015-07-06-jetbrains.md; https://github.com/reynacortez3/LaCosecha/blob/master/phpStorm.txt; https://github.com/reynacortez3/LaCosecha,true
lineage_rez1dent3_jetbrains-keygen,,,,,,unresolved,0,,,{},Evidence is too generic to assign an application.,https://github.com/github/dmca/blob/master/2015/2015-07-06-jetbrains.md; https://github.com/REZ1DENT3/Jetbrains-KeyGen,true
lineage_rezkycodes_golangbooks,,,,,,unresolved,0,,,{},Evidence is too generic to assign an application.,https://github.com/github/dmca/blob/master/2025/05/2025-05-29-packt.md; https://github.com/rezkycodes/GoLangBooks,true
lineage_rhutch117_golangbooks,,,,,,unresolved,0,,,{},Evidence is too generic to assign an application.,https://github.com/github/dmca/blob/master/2025/05/2025-05-29-packt.md; https://github.com/rhutch117/GoLangBooks,true
lineage_richard-liang_jetbrainspatchkeygen,,,,,,unresolved,0,,,{},Evidence is too generic to assign an application.,https://github.com/github/dmca/blob/master/2015/2015-07-06-jetbrains.md; https://github.com/richard-liang/JetbrainsPatchKeygen,true
lineage_richxcame_golangbooks,,,,,,unresolved,0,,,{},Evidence is too generic to assign an application.,https://github.com/github/dmca/blob/master/2025/05/2025-05-29-packt.md; https://github.com/richxcame/GoLangBooks,true
lineage_rick-chen-pku_001,,,,,,unresolved,0,,,{},Evidence is too generic to assign an application.,https://github.com/github/dmca/blob/master/2025/11/2025-11-14-uk-biobank.md; https://github.com/Rick-Chen-PKU/001,true
lineage_rimanb_shapeit5,,,,,,unresolved,0,,,{},Evidence is too generic to assign an application.,https://github.com/github/dmca/blob/master/2025/11/2025-11-13-uk-biobank.md; https://github.com/RimanB/shapeit5/blob/0b40edb8ef2678fd4ef0f0286dffe9ef0ba9b254/tasks/phasingUKB/step2_wgs/step9_imputation_rerun_new_chunks/data/1k_samples_wbi.txt#L1-L5; https://github.com/RimanB/shapeit5,true
lineage_rishiboy786_golangbooks,,,,,,unresolved,0,,,{},Evidence is too generic to assign an application.,https://github.com/github/dmca/blob/master/2025/05/2025-05-29-packt.md; https://github.com/Rishiboy786/GoLangBooks,true
lineage_riteshpatadiya_golangbooks,,,,,,unresolved,0,,,{},Evidence is too generic to assign an application.,https://github.com/github/dmca/blob/master/2025/05/2025-05-29-packt.md; https://github.com/riteshpatadiya/GoLangBooks,true
lineage_riyuexing_font-awesome-pro,,,,,,unresolved,0,,,{},Evidence is too generic to assign an application.,https://github.com/github/dmca/blob/master/2024/05/2024-05-21-fonticons.md; https://github.com/riyuexing/font-awesome-pro,true
lineage_rjanak1-mufin_golangbooks,,,,,,unresolved,0,,,{},Evidence is too generic to assign an application.,https://github.com/github/dmca/blob/master/2025/05/2025-05-29-packt.md; https://github.com/rjanak1-mufin/GoLangBooks,true
lineage_rksmannem_golangbooks,,,,,,unresolved,0,,,{},Evidence is too generic to assign an application.,https://github.com/github/dmca/blob/master/2025/05/2025-05-29-packt.md; https://github.com/rksmannem/GoLangBooks,true
lineage_robchou_jetbrainspatchkeygen,,,,,,unresolved,0,,,{},Evidence is too generic to assign an application.,https://github.com/github/dmca/blob/master/2015/2015-07-06-jetbrains.md; https://github.com/robchou/JetbrainsPatchKeygen,true
lineage_robokafka_golangbooks,,,,,,unresolved,0,,,{},Evidence is too generic to assign an application.,https://github.com/github/dmca/blob/master/2025/05/2025-05-29-packt.md; https://github.com/RoboKafka/GoLangBooks,true
lineage_rohitdas13595_golangbooks,,,,,,unresolved,0,,,{},Evidence is too generic to assign an application.,https://github.com/github/dmca/blob/master/2025/05/2025-05-29-packt.md; https://github.com/rohitdas13595/GoLangBooks,true
lineage_rolandopalermo_golangbooks,,,,,,unresolved,0,,,{},Evidence is too generic to assign an application.,https://github.com/github/dmca/blob/master/2025/05/2025-05-29-packt.md; https://github.com/rolandopalermo/GoLangBooks,true
lineage_ronaldwindwaai_intellij-idea-14-keygen,,,,,,unresolved,0,,,{},Evidence is too generic to assign an application.,https://github.com/github/dmca/blob/master/2015/2015-07-06-jetbrains.md; https://github.com/ronaldwindwaai/IntelliJ-IDEA-14-keygen,true
lineage_rongbino_jetbrainspatchkeygen,,,,,,unresolved,0,,,{},Evidence is too generic to assign an application.,https://github.com/github/dmca/blob/master/2015/2015-07-06-jetbrains.md; https://github.com/rongbino/JetbrainsPatchKeygen,true
lineage_rootcn_golangbooks,,,,,,unresolved,0,,,{},Evidence is too generic to assign an application.,https://github.com/github/dmca/blob/master/2025/05/2025-05-29-packt.md; https://github.com/rootcn/GoLangBooks,true
lineage_rooty29_ukbiobank,,,,,,unresolved,0,,,{},Evidence is too generic to assign an application.,https://github.com/github/dmca/blob/master/2025/11/2025-11-13-uk-biobank-6.md; https://github.com/Rooty29/UKBiobank/blob/894734f006b1ff92e2ebc0b65c98f15882765f2f/2_matching.R; https://github.com/Rooty29/UKBiobank,true
lineage_rover12421_jetbrainspatchkeygen,,,,,,unresolved,0,,,{},Evidence is too generic to assign an application.,https://github.com/github/dmca/blob/master/2015/2015-07-06-jetbrains.md; https://github.com/rover12421/JetbrainsPatchKeygen,true
lineage_roytrix_intellij-idea-14-keygen,,,,,,unresolved,0,,,{},Evidence is too generic to assign an application.,https://github.com/github/dmca/blob/master/2015/2015-07-06-jetbrains.md; https://github.com/Roytrix/IntelliJ-IDEA-14-keygen,true
lineage_roytrix_jetbrainspatchkeygen,,,,,,unresolved,0,,,{},Evidence is too generic to assign an application.,https://github.com/github/dmca/blob/master/2015/2015-07-06-jetbrains.md; https://github.com/Roytrix/JetbrainsPatchKeygen,true
lineage_rrrrrs1_exposome-aging-ukb,,,,,,unresolved,0,,,{},Evidence is too generic to assign an application.,https://github.com/github/dmca/blob/master/2025/11/2025-11-13-ukbiobank.md; https://github.com/rrrrrs1/exposome-aging-ukb/blob/2aed50ab60974a20be04721d5fecac73d2563c0b/scripts/05-coding-disease-indicators.Rmd; https://github.com/rrrrrs1/exposome-aging-ukb; https://github.com/github/dmca/blob/master/2025/11/2025-11-13-ukbiobank.md; https://github.com/rrrrrs1/exposome-aging-ukb/blob/32ce0e30165cdf9cc840fb5b1d007eed46a0e070/05-missing-data-imputation.Rmd; https://github.com/rrrrrs1/exposome-aging-ukb; https://github.com/github/dmca/blob/master/2025/11/2025-11-13-ukbiobank.md; https://github.com/rrrrrs1/exposome-aging-ukb/blob/0834d982e28d994f428b7d58bc19bc18a143848b/02-data-recoding.Rmd; https://github.com/rrrrrs1/exposome-aging-ukb; https://github.com/github/dmca/blob/master/2025/11/2025-11-13-ukbiobank.md; https://github.com/rrrrrs1/exposome-aging-ukb/blob/0b9e4c00c8af6055e6e6b823c6e40f869a8ca3d3/02-data-recoding.Rmd; https://github.com/rrrrrs1/exposome-aging-ukb; https://github.com/github/dmca/blob/master/2025/11/2025-11-13-ukbiobank.md; https://github.com/rrrrrs1/exposome-aging-ukb/blob/63da85f6e3f5648791c5bb80617b1ac53ac9d9c8/scripts/04-ACM-data-imputation.Rmd; https://github.com/rrrrrs1/exposome-aging-ukb; https://github.com/github/dmca/blob/master/2025/11/2025-11-13-ukbiobank.md; https://github.com/rrrrrs1/exposome-aging-ukb/blob/db5c05e6e271ec4ac01aa7737aec34b6b9c6877b/scripts/02-UKB_data_recoding.Rmd; https://github.com/rrrrrs1/exposome-aging-ukb,true
lineage_rrrrrs1_uk_biobank_survival,,,,,,unresolved,0,,,{},Evidence is too generic to assign an application.,https://github.com/github/dmca/blob/master/2025/11/2025-11-04-uk-biobank-2.md; https://github.com/rrrrrs1/uk_biobank_survival/blob/main/scripts/00_ukb_to_hdf5.py; https://github.com/rrrrrs1/uk_biobank_survival; https://github.com/github/dmca/blob/master/2025/11/2025-11-04-uk-biobank-2.md; https://github.com/rrrrrs1/uk_biobank_survival/blob/77c5883b70551ea480dfcc291d3fd412f7e23dd8/scripts/.ipynb_checkpoints/00_ukb_to_hdf5-checkpoint.py; https://github.com/rrrrrs1/uk_biobank_survival,true
lineage_rrrrrs1_ukbbmodriskr,,,,,,unresolved,0,,,{},Evidence is too generic to assign an application.,https://github.com/github/dmca/blob/master/2025/10/2025-10-15-uk-biobank-2.md; https://github.com/rrrrrs1/UKBBModRiskR/blob/main/Code/ukbb_final_file_construction_v3.R; https://github.com/rrrrrs1/UKBBModRiskR; https://github.com/github/dmca/blob/master/2025/10/2025-10-15-uk-biobank-2.md; https://github.com/rrrrrs1/UKBBModRiskR/blob/a012c1525f57c9a9a788c9a45a2525aa10fd3f99/ukbb_final_file_construction_v3.R; https://github.com/rrrrrs1/UKBBModRiskR,true
lineage_rsanthoshclt38_font-awesome-pro,,,,,,unresolved,0,,,{},Evidence is too generic to assign an application.,https://github.com/github/dmca/blob/master/2024/05/2024-05-21-fonticons.md; https://github.com/rsanthoshclt38/font-awesome-pro,true
lineage_rtfmoz2_obsidian,,,,,,unresolved,0,,,{},Evidence is too generic to assign an application.,https://github.com/github/dmca/blob/master/2023/10/2023-10-12-discord.md; https://github.com/rtfmoz2/obsidian,true
lineage_runli_golangbooks,,,,,,unresolved,0,,,{},Evidence is too generic to assign an application.,https://github.com/github/dmca/blob/master/2025/05/2025-05-29-packt.md; https://github.com/Runli/GoLangBooks,true
lineage_russellchang54_eeotmqxglxlmk26dkwk,,,,,,unresolved,0,,,{},Evidence is too generic to assign an application.,https://github.com/github/dmca/blob/master/2015/2015-07-06-jetbrains.md; https://github.com/russellchang54/EeotMQXGLXlmk26DKwK/blob/master/daily-note.txt; https://github.com/russellchang54/EeotMQXGLXlmk26DKwK,true
lineage_rwk-unil_shapeit5,,,,,,unresolved,0,,,{},Evidence is too generic to assign an application.,https://github.com/github/dmca/blob/master/2025/11/2025-11-13-uk-biobank.md; https://github.com/rwk-unil/shapeit5/blob/0b40edb8ef2678fd4ef0f0286dffe9ef0ba9b254/tasks/phasingUKB/step2_wgs/step9_imputation_rerun_new_chunks/data/1k_samples_wbi.txt#L1-L5; https://github.com/rwk-unil/shapeit5,true
lineage_ryyt-cg_golangbooks,,,,,,unresolved,0,,,{},Evidence is too generic to assign an application.,https://github.com/github/dmca/blob/master/2025/05/2025-05-29-packt.md; https://github.com/ryyt-cg/GoLangBooks,true
lineage_s4kibs4mi_collected-app-keys,,,,,,unresolved,0,,,{},Evidence is too generic to assign an application.,https://github.com/github/dmca/blob/master/2015/2015-07-06-jetbrains.md; https://github.com/s4kibs4mi/Collected-App-Keys/blob/master/JetBrains%20WebStrom10.txt; https://github.com/s4kibs4mi/Collected-App-Keys; https://github.com/github/dmca/blob/master/2015/2015-07-06-jetbrains.md; https://github.com/s4kibs4mi/Collected-App-Keys/blob/master/JetBrains%20PyCharm4.txt; https://github.com/s4kibs4mi/Collected-App-Keys,true
lineage_sachinkeshav_jetbrains-intellij-idea-key-generator,,,,,,unresolved,0,,,{},Evidence is too generic to assign an application.,https://github.com/github/dmca/blob/master/2015/2015-07-06-jetbrains.md; https://github.com/sachinkeshav/Jetbrains-IntelliJ-IDEA-Key-Generator,true
lineage_safdarimam_jetbrains-intellij-idea-key-generator,,,,,,unresolved,0,,,{},Evidence is too generic to assign an application.,https://github.com/github/dmca/blob/master/2015/2015-07-06-jetbrains.md; https://github.com/safdarimam/Jetbrains-IntelliJ-IDEA-Key-Generator,true
lineage_saffrondigits_golangbooks,,,,,,unresolved,0,,,{},Evidence is too generic to assign an application.,https://github.com/github/dmca/blob/master/2025/05/2025-05-29-packt.md; https://github.com/saffrondigits/GoLangBooks,true
lineage_saigerutherford_evidence_embracing_nm,,,,,,unresolved,0,,,{},Evidence is too generic to assign an application.,https://github.com/github/dmca/blob/master/2025/11/2025-11-07-uk-biobank-6.md; https://github.com/saigerutherford/evidence_embracing_nm/blob/main/data/lifespan_surfacearea_46K_cov.csv; https://github.com/saigerutherford/evidence_embracing_nm; https://github.com/github/dmca/blob/master/2025/11/2025-11-07-uk-biobank-6.md; https://github.com/saigerutherford/evidence_embracing_nm/blob/main/data/lifespan_controls_yeo17_tr_cov.csv; https://github.com/saigerutherford/evidence_embracing_nm; https://github.com/github/dmca/blob/master/2025/11/2025-11-07-uk-biobank-6.md; https://github.com/saigerutherford/evidence_embracing_nm/blob/main/data/lifespan_controls_yeo17_te_cov.csv; https://github.com/saigerutherford/evidence_embracing_nm,true
lineage_saikiranrallabandi_golangbooks,,,,,,unresolved,0,,,{},Evidence is too generic to assign an application.,https://github.com/github/dmca/blob/master/2025/05/2025-05-29-packt.md; https://github.com/saikiranrallabandi/GoLangBooks,true
lineage_saisiva249_golangbooks,,,,,,unresolved,0,,,{},Evidence is too generic to assign an application.,https://github.com/github/dmca/blob/master/2025/05/2025-05-29-packt.md; https://github.com/saisiva249/GoLangBooks,true
lineage_sal234_golangbooks,,,,,,unresolved,0,,,{},Evidence is too generic to assign an application.,https://github.com/github/dmca/blob/master/2025/05/2025-05-29-packt.md; https://github.com/sal234/GoLangBooks,true
lineage_salah121343_discord-nitro,,,,,,unresolved,0,,,{},Evidence is too generic to assign an application.,https://github.com/github/dmca/blob/master/2023/10/2023-10-12-discord.md; https://github.com/SALAH121343/Discord-Nitro,true
lineage_saliva520319_jetbrainspatchkeygen,,,,,,unresolved,0,,,{},Evidence is too generic to assign an application.,https://github.com/github/dmca/blob/master/2015/2015-07-06-jetbrains.md; https://github.com/Saliva520319/JetbrainsPatchKeygen,true
lineage_salmdu2_yang,,,,,,unresolved,0,,,{},Evidence is too generic to assign an application.,https://github.com/github/dmca/blob/master/2023/10/2023-10-12-discord.md; https://github.com/Salmdu2/YANG,true
lineage_salty-coder_ngen,,,,,,unresolved,0,,,{},Evidence is too generic to assign an application.,https://github.com/github/dmca/blob/master/2023/10/2023-10-12-discord.md; https://github.com/Salty-Coder/NGEN,true
lineage_samarpita-saha293_sas_sample_extraction,,,,,,unresolved,0,,,{},Evidence is too generic to assign an application.,https://github.com/github/dmca/blob/master/2025/12/2025-12-01-uk-biobank-4.md; https://github.com/samarpita-saha293/SAS_sample_extraction/blob/b7d859b403f6bd185bca6014d2568713042a2093/SAS_500k_sampleIDS.csv; https://github.com/samarpita-saha293/SAS_sample_extraction; https://github.com/github/dmca/blob/master/2025/12/2025-12-01-uk-biobank-4.md; https://github.com/samarpita-saha293/SAS_sample_extraction/blob/90c254951ee9857e8a20a95c81a6d79babdd8ea1/SAS_8020_500k_sampleIDS.csv; https://github.com/samarpita-saha293/SAS_sample_extraction,true
lineage_samnangcattor_golangbooks,,,,,,unresolved,0,,,{},Evidence is too generic to assign an application.,https://github.com/github/dmca/blob/master/2025/05/2025-05-29-packt.md; https://github.com/samnangcattor/GoLangBooks,true
lineage_samyak1729_ukbbprodromalpd,,,,,,unresolved,0,,,{},Evidence is too generic to assign an application.,https://github.com/github/dmca/blob/master/2025/10/2025-10-02-uk-biobank-3.md; https://github.com/samyak1729/ukbbprodromalpd/blob/9581ee8254d82ede6f4e49aa6a396017db21f0aa/analyses/1_download_preprocess/Medication.ipynb; https://github.com/samyak1729/ukbbprodromalpd; https://github.com/github/dmca/blob/master/2025/10/2025-10-02-uk-biobank-3.md; https://github.com/samyak1729/ukbbprodromalpd/blob/09f3edc4e244a0b01bc997bcc8108a64301605d0/make_figures/Fig7_TimetoDiagnosis.ipynb; https://github.com/samyak1729/ukbbprodromalpd; https://github.com/github/dmca/blob/master/2025/10/2025-10-02-uk-biobank-3.md; https://github.com/samyak1729/ukbbprodromalpd/blob/09f3edc4e244a0b01bc997bcc8108a64301605d0/analyses/1_download_preprocess/Medication.ipynb; https://github.com/samyak1729/ukbbprodromalpd; https://github.com/github/dmca/blob/master/2025/10/2025-10-02-uk-biobank-3.md; https://github.com/samyak1729/ukbbprodromalpd/blob/09f3edc4e244a0b01bc997bcc8108a64301605d0/analyses/1_download_preprocess/6_ProdromalSymptoms.ipynb; https://github.com/samyak1729/ukbbprodromalpd; https://github.com/github/dmca/blob/master/2025/10/2025-10-02-uk-biobank-3.md; https://github.com/samyak1729/ukbbprodromalpd/blob/9581ee8254d82ede6f4e49aa6a396017db21f0aa/analyses/1_download_preprocess/6_ProdromalSymptoms.ipynb; https://github.com/samyak1729/ukbbprodromalpd; https://github.com/github/dmca/blob/master/2025/10/2025-10-02-uk-biobank-3.md; https://github.com/samyak1729/ukbbprodromalpd/blob/09f3edc4e244a0b01bc997bcc8108a64301605d0/analyses/1_download_preprocess/5_Accelerometer_ExtractFeatures.ipynb; https://github.com/samyak1729/ukbbprodromalpd; https://github.com/github/dmca/blob/master/2025/10/2025-10-02-uk-biobank-3.md; https://github.com/samyak1729/ukbbprodromalpd/blob/09f3edc4e244a0b01bc997bcc8108a64301605d0/analyses/5_Incidence_Prevalence/PrevalenceIncidence.ipynb; https://github.com/samyak1729/ukbbprodromalpd; https://github.com/github/dmca/blob/master/2025/10/2025-10-02-uk-biobank-3.md; https://github.com/samyak1729/ukbbprodromalpd/blob/9581ee8254d82ede6f4e49aa6a396017db21f0aa/analyses/1_download_preprocess/3_CurateDatasets.ipynb; https://github.com/samyak1729/ukbbprodromalpd; https://github.com/github/dmca/blob/master/2025/10/2025-10-02-uk-biobank-3.md; https://github.com/samyak1729/ukbbprodromalpd/blob/09f3edc4e244a0b01bc997bcc8108a64301605d0/analyses/additional_analyses/Berg2015formula.ipynb; https://github.com/samyak1729/ukbbprodromalpd; https://github.com/github/dmca/blob/master/2025/10/2025-10-02-uk-biobank-3.md; https://github.com/samyak1729/ukbbprodromalpd/blob/9581ee8254d82ede6f4e49aa6a396017db21f0aa/analyses/additional_analyses/Berg2015formula.ipynb; https://github.com/samyak1729/ukbbprodromalpd,true
lineage_sandyyy123_jm-gwas,,,,,,unresolved,0,,,{},Evidence is too generic to assign an application.,https://github.com/github/dmca/blob/master/2025/11/2025-11-13-uk-biobank-8.md; https://github.com/Sandyyy123/JM-GWAS/blob/0ea4467cbc376db71be7d13cd8fe7aae0de0f6f3/0_DATA/VitaminD_PRS_geneGC.txt.gz; https://github.com/Sandyyy123/JM-GWAS; https://github.com/github/dmca/blob/master/2025/11/2025-11-13-uk-biobank-8.md; https://github.com/Sandyyy123/JM-GWAS/blob/master/0_DATA/PRS_with_PC.txt.gz; https://github.com/Sandyyy123/JM-GWAS; https://github.com/github/dmca/blob/master/2025/11/2025-11-13-uk-biobank-8.md; https://github.com/Sandyyy123/JM-GWAS/blob/master/0_DATA/PRS_with_diseases.txt.gz; https://github.com/Sandyyy123/JM-GWAS; https://github.com/github/dmca/blob/master/2025/11/2025-11-13-uk-biobank-8.md; https://github.com/Sandyyy123/JM-GWAS/blob/master/0_DATA/pheno.txt.gz; https://github.com/Sandyyy123/JM-GWAS; https://github.com/github/dmca/blob/master/2025/11/2025-11-13-uk-biobank-8.md; https://github.com/Sandyyy123/JM-GWAS/blob/master/0_DATA/VitaminD_PRS_with_GPS.txt.gz; https://github.com/Sandyyy123/JM-GWAS,true
lineage_sangam-ghimire_golangbooks,,,,,,unresolved,0,,,{},Evidence is too generic to assign an application.,https://github.com/github/dmca/blob/master/2025/05/2025-05-29-packt.md; https://github.com/Sangam-ghimire/GoLangBooks,true
lineage_sanhnx_prj-restaurantsystem,,,,,,unresolved,0,,,{},Evidence is too generic to assign an application.,https://github.com/github/dmca/blob/master/2015/2015-07-06-jetbrains.md; https://github.com/SanhNX/prj-restaurantsystem/blob/master/TOOL/Key.txt; https://github.com/SanhNX/prj-restaurantsystem,true
lineage_saorisakura_golangbooks,,,,,,unresolved,0,,,{},Evidence is too generic to assign an application.,https://github.com/github/dmca/blob/master/2025/05/2025-05-29-packt.md; https://github.com/saorisakura/GoLangBooks,true
lineage_sapthesh_font-awesome-pro-v6.5.1,,,,,,unresolved,0,,,{},Evidence is too generic to assign an application.,https://github.com/github/dmca/blob/master/2024/05/2024-05-21-fonticons.md; https://github.com/sapthesh/font-awesome-pro-v6.5.1,true
lineage_sarkimudboy_golangbooks,,,,,,unresolved,0,,,{},Evidence is too generic to assign an application.,https://github.com/github/dmca/blob/master/2025/05/2025-05-29-packt.md; https://github.com/SarkiMudboy/GoLangBooks,true
lineage_sas0ri_jetbrainspatchkeygen,,,,,,unresolved,0,,,{},Evidence is too generic to assign an application.,https://github.com/github/dmca/blob/master/2015/2015-07-06-jetbrains.md; https://github.com/Sas0ri/JetbrainsPatchKeygen,true
lineage_sblg_uk-biobank-gcg,,,,,,unresolved,0,,,{},Evidence is too generic to assign an application.,https://github.com/github/dmca/blob/master/2025/12/2025-12-08-uk-biobank-5.md; https://github.com/sblg/UK-Biobank-GCG/blob/8677857eba64191f419db2d1f719080f8275afb2/Python_merge_exomeseq_csv_files/merge_all_info_vcf.ipynb; https://github.com/sblg/UK-Biobank-GCG,true
lineage_scott1028_jetbrainspatchkeygen,,,,,,unresolved,0,,,{},Evidence is too generic to assign an application.,https://github.com/github/dmca/blob/master/2015/2015-07-06-jetbrains.md; https://github.com/scott1028/JetbrainsPatchKeygen,true
lineage_scottsplayssus_yang-scottsplays,,,,,,unresolved,0,,,{},Evidence is too generic to assign an application.,https://github.com/github/dmca/blob/master/2023/10/2023-10-12-discord.md; https://github.com/ScottsplaysSus/YANG-Scottsplays,true
lineage_sdlylshl_jetbrainspatchkeygen,,,,,,unresolved,0,,,{},Evidence is too generic to assign an application.,https://github.com/github/dmca/blob/master/2015/2015-07-06-jetbrains.md; https://github.com/sdlylshl/JetbrainsPatchKeygen,true
lineage_seerazz_golangbooks,,,,,,unresolved,0,,,{},Evidence is too generic to assign an application.,https://github.com/github/dmca/blob/master/2025/05/2025-05-29-packt.md; https://github.com/seerazz/GoLangBooks,true
lineage_sekouzed_jetbrainspatchkeygen,,,,,,unresolved,0,,,{},Evidence is too generic to assign an application.,https://github.com/github/dmca/blob/master/2015/2015-07-06-jetbrains.md; https://github.com/sekouzed/JetbrainsPatchKeygen,true
lineage_seonchoe_biobank-read,,,,,,unresolved,0,,,{},Evidence is too generic to assign an application.,https://github.com/github/dmca/blob/master/2025/07/2025-07-18-ukbiobank.md; https://github.com/SEONCHOE/biobank-read/blob/5093ff460740e1a998439a4d7287de3904798dc7/CVD_10035.csv; https://github.com/SEONCHOE/biobank-read; https://github.com/github/dmca/blob/master/2025/07/2025-07-18-ukbiobank.md; https://github.com/SEONCHOE/biobank-read/blob/b6b919af62b41671957ec02d1cb883d6e81f9c0c/test.csv; https://github.com/SEONCHOE/biobank-read; https://github.com/github/dmca/blob/master/2025/07/2025-07-18-ukbiobank.md; https://github.com/SEONCHOE/biobank-read/blob/9f9569d678f6951bbcd9275ca864f0965b867207/test.csv; https://github.com/SEONCHOE/biobank-read; https://github.com/github/dmca/blob/master/2025/07/2025-07-18-ukbiobank.md; https://github.com/SEONCHOE/biobank-read/blob/32b4450c732fc6c8f566f089469dea5c7b4f1d31/test.csv; https://github.com/SEONCHOE/biobank-read; https://github.com/github/dmca/blob/master/2025/07/2025-07-18-ukbiobank.md; https://github.com/SEONCHOE/biobank-read/blob/4b039b1f420006ce21e545170f1242dcb11e396b/test.csv; https://github.com/SEONCHOE/biobank-read; https://github.com/github/dmca/blob/master/2025/07/2025-07-18-ukbiobank.md; https://github.com/SEONCHOE/biobank-read/blob/d358b68ae7c68dfdd2c0f00a5a2b42edab29c30f/test.csv; https://github.com/SEONCHOE/biobank-read; https://github.com/github/dmca/blob/master/2025/07/2025-07-18-ukbiobank.md; https://github.com/SEONCHOE/biobank-read/blob/316087423db1b9d070ebb75386c9bb804d4e5147/test_hpc.csv; https://github.com/SEONCHOE/biobank-read; https://github.com/github/dmca/blob/master/2025/07/2025-07-18-ukbiobank.md; https://github.com/SEONCHOE/biobank-read/blob/b6b919af62b41671957ec02d1cb883d6e81f9c0c/testnew.csv; https://github.com/SEONCHOE/biobank-read; https://github.com/github/dmca/blob/master/2025/07/2025-07-18-ukbiobank.md; https://github.com/SEONCHOE/biobank-read/blob/b6b919af62b41671957ec02d1cb883d6e81f9c0c/testnewDEATH.csv; https://github.com/SEONCHOE/biobank-read; https://github.com/github/dmca/blob/master/2025/07/2025-07-18-ukbiobank.md; https://github.com/SEONCHOE/biobank-read/blob/a1307b9e70ed8bceda4c1cc2f4bd344645dab8fb/testnewVARpartial.csv; https://github.com/SEONCHOE/biobank-read; https://github.com/github/dmca/blob/master/2025/07/2025-07-18-ukbiobank.md; https://github.com/SEONCHOE/biobank-read/blob/fd988508f364c44dd1ac9531607504409bd4298a/testnewVARpartial_HES.csv; https://github.com/SEONCHOE/biobank-read; https://github.com/github/dmca/blob/master/2025/07/2025-07-18-ukbiobank.md; https://github.com/SEONCHOE/biobank-read/blob/fd988508f364c44dd1ac9531607504409bd4298a/testnewVARpartial_SR.csv; https://github.com/SEONCHOE/biobank-read; https://github.com/github/dmca/blob/master/2025/07/2025-07-18-ukbiobank.md; https://github.com/SEONCHOE/biobank-read/blob/fd988508f364c44dd1ac9531607504409bd4298a/testnewVARpartial_death.csv; https://github.com/SEONCHOE/biobank-read; https://github.com/github/dmca/blob/master/2025/07/2025-07-18-ukbiobank.md; https://github.com/SEONCHOE/biobank-read/blob/a1307b9e70ed8bceda4c1cc2f4bd344645dab8fb/testnewVARpartial_deaths.csv; https://github.com/SEONCHOE/biobank-read; https://github.com/github/dmca/blob/master/2025/07/2025-07-18-ukbiobank.md; https://github.com/SEONCHOE/biobank-read/blob/b6b919af62b41671957ec02d1cb883d6e81f9c0c/testorigDEATH.csv; https://github.com/SEONCHOE/biobank-read,true
lineage_serenity-softworks_nitro-generator,,,,,,unresolved,0,,,{},Evidence is too generic to assign an application.,https://github.com/github/dmca/blob/master/2023/10/2023-10-12-discord.md; https://github.com/Serenity-Softworks/nitro-generator,true
lineage_sergeynosov_intellij-idea-14-keygen,,,,,,unresolved,0,,,{},Evidence is too generic to assign an application.,https://github.com/github/dmca/blob/master/2015/2015-07-06-jetbrains.md; https://github.com/SergeyNosov/IntelliJ-IDEA-14-keygen,true
lineage_sergio-dc_golangbooks,,,,,,unresolved,0,,,{},Evidence is too generic to assign an application.,https://github.com/github/dmca/blob/master/2025/05/2025-05-29-packt.md; https://github.com/Sergio-DC/GoLangBooks,true
lineage_seshghi_golangbooks,,,,,,unresolved,0,,,{},Evidence is too generic to assign an application.,https://github.com/github/dmca/blob/master/2025/05/2025-05-29-packt.md; https://github.com/SEshghi/GoLangBooks,true
lineage_sevencode_jetbrainspatchkeygen,,,,,,unresolved,0,,,{},Evidence is too generic to assign an application.,https://github.com/github/dmca/blob/master/2015/2015-07-06-jetbrains.md; https://github.com/SevenCode/JetbrainsPatchKeygen,true
lineage_sever2715_jetbrainspatchkeygen,,,,,,unresolved,0,,,{},Evidence is too generic to assign an application.,https://github.com/github/dmca/blob/master/2015/2015-07-06-jetbrains.md; https://github.com/sever2715/JetbrainsPatchKeygen,true
lineage_sgmqs_golangbooks,,,,,,unresolved,0,,,{},Evidence is too generic to assign an application.,https://github.com/github/dmca/blob/master/2025/05/2025-05-29-packt.md; https://github.com/sgmqs/GoLangBooks,true
lineage_shainodev_discordgenerator,,,,,,unresolved,0,,,{},Evidence is too generic to assign an application.,https://github.com/github/dmca/blob/master/2023/10/2023-10-12-discord.md; https://github.com/shainodev/DiscordGenerator,true
lineage_shaneholloman_font-awesome-pro,,,,,,unresolved,0,,,{},Evidence is too generic to assign an application.,https://github.com/github/dmca/blob/master/2024/05/2024-05-21-fonticons.md; https://github.com/shaneholloman/font-awesome-pro,true
lineage_shankha117_golangbooks,,,,,,unresolved,0,,,{},Evidence is too generic to assign an application.,https://github.com/github/dmca/blob/master/2025/05/2025-05-29-packt.md; https://github.com/shankha117/GoLangBooks,true
lineage_sharanbabumg_golangbooks,,,,,,unresolved,0,,,{},Evidence is too generic to assign an application.,https://github.com/github/dmca/blob/master/2025/05/2025-05-29-packt.md; https://github.com/sharanbabumg/GoLangBooks,true
lineage_sharondevop_golangbooks,,,,,,unresolved,0,,,{},Evidence is too generic to assign an application.,https://github.com/github/dmca/blob/master/2025/05/2025-05-29-packt.md; https://github.com/sharondevop/GoLangBooks,true
lineage_shazeb5656_yang,,,,,,unresolved,0,,,{},Evidence is too generic to assign an application.,https://github.com/github/dmca/blob/master/2023/10/2023-10-12-discord.md; https://github.com/Shazeb5656/YANG,true
lineage_sheikhasim_golangbooks,,,,,,unresolved,0,,,{},Evidence is too generic to assign an application.,https://github.com/github/dmca/blob/master/2025/05/2025-05-29-packt.md; https://github.com/sheikhasim/GoLangBooks,true
lineage_sheluvrecoil_nitro-generator,,,,,,unresolved,0,,,{},Evidence is too generic to assign an application.,https://github.com/github/dmca/blob/master/2023/10/2023-10-12-discord.md; https://github.com/sheluvrecoil/Nitro-Generator,true
lineage_shenlos_jetbrainspatchkeygen,,,,,,unresolved,0,,,{},Evidence is too generic to assign an application.,https://github.com/github/dmca/blob/master/2015/2015-07-06-jetbrains.md; https://github.com/shenlos/JetbrainsPatchKeygen,true
lineage_shervinbdndev_discord-nitro-genarator-py,,,,,,unresolved,0,,,{},Evidence is too generic to assign an application.,https://github.com/github/dmca/blob/master/2023/10/2023-10-12-discord.md; https://github.com/shervinbdndev/Discord-Nitro-Genarator-py,true
lineage_shicheng-guo_biomarkers,,,,,,unresolved,0,,,{},Evidence is too generic to assign an application.,https://github.com/github/dmca/blob/master/2025/08/2025-08-22-uk-biobank.md; https://github.com/Shicheng-Guo/biomarkers/blob/1c0da07a271784cdcb890e5a7e4a97f03547e82b/clumping/clumped/GLOBAL_Alanine_aminotransferase.hh; https://github.com/Shicheng-Guo/biomarkers; https://github.com/github/dmca/blob/master/2025/08/2025-08-22-uk-biobank.md; https://github.com/Shicheng-Guo/biomarkers/blob/1c0da07a271784cdcb890e5a7e4a97f03547e82b/clumping/clumped/GLOBAL_Albumin.hh; https://github.com/Shicheng-Guo/biomarkers; https://github.com/github/dmca/blob/master/2025/08/2025-08-22-uk-biobank.md; https://github.com/Shicheng-Guo/biomarkers/blob/1c0da07a271784cdcb890e5a7e4a97f03547e82b/clumping/clumped/GLOBAL_Alkaline_phosphatase.hh; https://github.com/Shicheng-Guo/biomarkers; https://github.com/github/dmca/blob/master/2025/08/2025-08-22-uk-biobank.md; https://github.com/Shicheng-Guo/biomarkers/blob/1c0da07a271784cdcb890e5a7e4a97f03547e82b/clumping/clumped/GLOBAL_Apolipoprotein_A.hh; https://github.com/Shicheng-Guo/biomarkers; https://github.com/github/dmca/blob/master/2025/08/2025-08-22-uk-biobank.md; https://github.com/Shicheng-Guo/biomarkers/blob/1c0da07a271784cdcb890e5a7e4a97f03547e82b/clumping/clumped/GLOBAL_Apolipoprotein_B.hh; https://github.com/Shicheng-Guo/biomarkers; https://github.com/github/dmca/blob/master/2025/08/2025-08-22-uk-biobank.md; https://github.com/Shicheng-Guo/biomarkers/blob/1c0da07a271784cdcb890e5a7e4a97f03547e82b/clumping/clumped/GLOBAL_Apolipoprotein_B_adjstatins.hh; https://github.com/Shicheng-Guo/biomarkers; https://github.com/github/dmca/blob/master/2025/08/2025-08-22-uk-biobank.md; https://github.com/Shicheng-Guo/biomarkers/blob/1c0da07a271784cdcb890e5a7e4a97f03547e82b/clumping/clumped/GLOBAL_Aspartate_aminotransferase.hh; https://github.com/Shicheng-Guo/biomarkers; https://github.com/github/dmca/blob/master/2025/08/2025-08-22-uk-biobank.md; https://github.com/Shicheng-Guo/biomarkers/blob/1c0da07a271784cdcb890e5a7e4a97f03547e82b/clumping/clumped/GLOBAL_AST_ALT_ratio.hh; https://github.com/Shicheng-Guo/biomarkers; https://github.com/github/dmca/blob/master/2025/08/2025-08-22-uk-biobank.md; https://github.com/Shicheng-Guo/biomarkers/blob/1c0da07a271784cdcb890e5a7e4a97f03547e82b/clumping/clumped/GLOBAL_C_reactive_protein.hh; https://github.com/Shicheng-Guo/biomarkers; https://github.com/github/dmca/blob/master/2025/08/2025-08-22-uk-biobank.md; https://github.com/Shicheng-Guo/biomarkers/blob/1c0da07a271784cdcb890e5a7e4a97f03547e82b/clumping/clumped/GLOBAL_Calcium.hh; https://github.com/Shicheng-Guo/biomarkers; https://github.com/github/dmca/blob/master/2025/08/2025-08-22-uk-biobank.md; https://github.com/Shicheng-Guo/biomarkers/blob/1c0da07a271784cdcb890e5a7e4a97f03547e82b/clumping/clumped/GLOBAL_Cholesterol.hh; https://github.com/Shicheng-Guo/biomarkers; https://github.com/github/dmca/blob/master/2025/08/2025-08-22-uk-biobank.md; https://github.com/Shicheng-Guo/biomarkers/blob/1c0da07a271784cdcb890e5a7e4a97f03547e82b/clumping/clumped/GLOBAL_Cholesterol_adjstatins.hh; https://github.com/Shicheng-Guo/biomarkers; https://github.com/github/dmca/blob/master/2025/08/2025-08-22-uk-biobank.md; https://github.com/Shicheng-Guo/biomarkers/blob/1c0da07a271784cdcb890e5a7e4a97f03547e82b/clumping/clumped/GLOBAL_Creatinine.hh; https://github.com/Shicheng-Guo/biomarkers; https://github.com/github/dmca/blob/master/2025/08/2025-08-22-uk-biobank.md; https://github.com/Shicheng-Guo/biomarkers/blob/1c0da07a271784cdcb890e5a7e4a97f03547e82b/clumping/clumped/GLOBAL_Creatinine_in_urine.hh; https://github.com/Shicheng-Guo/biomarkers; https://github.com/github/dmca/blob/master/2025/08/2025-08-22-uk-biobank.md; https://github.com/Shicheng-Guo/biomarkers/blob/1c0da07a271784cdcb890e5a7e4a97f03547e82b/clumping/clumped/GLOBAL_Cystatin_C.hh; https://github.com/Shicheng-Guo/biomarkers; https://github.com/github/dmca/blob/master/2025/08/2025-08-22-uk-biobank.md; https://github.com/Shicheng-Guo/biomarkers/blob/1c0da07a271784cdcb890e5a7e4a97f03547e82b/clumping/clumped/GLOBAL_Direct_bilirubin.hh; https://github.com/Shicheng-Guo/biomarkers; https://github.com/github/dmca/blob/master/2025/08/2025-08-22-uk-biobank.md; https://github.com/Shicheng-Guo/biomarkers/blob/1c0da07a271784cdcb890e5a7e4a97f03547e82b/clumping/clumped/GLOBAL_eGFR.hh; https://github.com/Shicheng-Guo/biomarkers; https://github.com/github/dmca/blob/master/2025/08/2025-08-22-uk-biobank.md; https://github.com/Shicheng-Guo/biomarkers/blob/1c0da07a271784cdcb890e5a7e4a97f03547e82b/clumping/clumped/GLOBAL_Fasting_glucose.hh; https://github.com/Shicheng-Guo/biomarkers; https://github.com/github/dmca/blob/master/2025/08/2025-08-22-uk-biobank.md; https://github.com/Shicheng-Guo/biomarkers/blob/1c0da07a271784cdcb890e5a7e4a97f03547e82b/clumping/clumped/GLOBAL_Gamma_glutamyltransferase.hh; https://github.com/Shicheng-Guo/biomarkers; https://github.com/github/dmca/blob/master/2025/08/2025-08-22-uk-biobank.md; https://github.com/Shicheng-Guo/biomarkers/blob/1c0da07a271784cdcb890e5a7e4a97f03547e82b/clumping/clumped/GLOBAL_Glucose.hh; https://github.com/Shicheng-Guo/biomarkers; https://github.com/github/dmca/blob/master/2025/08/2025-08-22-uk-biobank.md; https://github.com/Shicheng-Guo/biomarkers/blob/1c0da07a271784cdcb890e5a7e4a97f03547e82b/clumping/clumped/GLOBAL_Glycated_haemoglobin_HbA1c.hh; https://github.com/Shicheng-Guo/biomarkers; https://github.com/github/dmca/blob/master/2025/08/2025-08-22-uk-biobank.md; https://github.com/Shicheng-Guo/biomarkers/blob/1c0da07a271784cdcb890e5a7e4a97f03547e82b/clumping/clumped/GLOBAL_HbA1c.hh; https://github.com/Shicheng-Guo/biomarkers; https://github.com/github/dmca/blob/master/2025/08/2025-08-22-uk-biobank.md; https://github.com/Shicheng-Guo/biomarkers/blob/1c0da07a271784cdcb890e5a7e4a97f03547e82b/clumping/clumped/GLOBAL_HDL.hh; https://github.com/Shicheng-Guo/biomarkers; https://github.com/github/dmca/blob/master/2025/08/2025-08-22-uk-biobank.md; https://github.com/Shicheng-Guo/biomarkers/blob/1c0da07a271784cdcb890e5a7e4a97f03547e82b/clumping/clumped/GLOBAL_HDL_cholesterol.hh; https://github.com/Shicheng-Guo/biomarkers; https://github.com/github/dmca/blob/master/2025/08/2025-08-22-uk-biobank.md; https://github.com/Shicheng-Guo/biomarkers/blob/1c0da07a271784cdcb890e5a7e4a97f03547e82b/clumping/clumped/GLOBAL_IGF_1.hh; https://github.com/Shicheng-Guo/biomarkers; https://github.com/github/dmca/blob/master/2025/08/2025-08-22-uk-biobank.md; https://github.com/Shicheng-Guo/biomarkers/blob/1c0da07a271784cdcb890e5a7e4a97f03547e82b/clumping/clumped/GLOBAL_LDL.hh; https://github.com/Shicheng-Guo/biomarkers; https://github.com/github/dmca/blob/master/2025/08/2025-08-22-uk-biobank.md; https://github.com/Shicheng-Guo/biomarkers/blob/1c0da07a271784cdcb890e5a7e4a97f03547e82b/clumping/clumped/GLOBAL_LDL_adjstatins.hh; https://github.com/Shicheng-Guo/biomarkers; https://github.com/github/dmca/blob/master/2025/08/2025-08-22-uk-biobank.md; https://github.com/Shicheng-Guo/biomarkers/blob/1c0da07a271784cdcb890e5a7e4a97f03547e82b/clumping/clumped/GLOBAL_LDL_direct.hh; https://github.com/Shicheng-Guo/biomarkers; https://github.com/github/dmca/blob/master/2025/08/2025-08-22-uk-biobank.md; https://github.com/Shicheng-Guo/biomarkers/blob/1c0da07a271784cdcb890e5a7e4a97f03547e82b/clumping/clumped/GLOBAL_LDL_direct_adjstatins.hh; https://github.com/Shicheng-Guo/biomarkers; https://github.com/github/dmca/blob/master/2025/08/2025-08-22-uk-biobank.md; https://github.com/Shicheng-Guo/biomarkers/blob/1c0da07a271784cdcb890e5a7e4a97f03547e82b/clumping/clumped/GLOBAL_Lipoprotein_A.hh; https://github.com/Shicheng-Guo/biomarkers; https://github.com/github/dmca/blob/master/2025/08/2025-08-22-uk-biobank.md; https://github.com/Shicheng-Guo/biomarkers/blob/1c0da07a271784cdcb890e5a7e4a97f03547e82b/clumping/clumped/GLOBAL_Microalbumin_in_urine.hh; https://github.com/Shicheng-Guo/biomarkers; https://github.com/github/dmca/blob/master/2025/08/2025-08-22-uk-biobank.md; https://github.com/Shicheng-Guo/biomarkers/blob/1c0da07a271784cdcb890e5a7e4a97f03547e82b/clumping/clumped/GLOBAL_Non_albumin_protein.hh; https://github.com/Shicheng-Guo/biomarkers; https://github.com/github/dmca/blob/master/2025/08/2025-08-22-uk-biobank.md; https://github.com/Shicheng-Guo/biomarkers/blob/1c0da07a271784cdcb890e5a7e4a97f03547e82b/clumping/clumped/GLOBAL_Oestradiol.hh; https://github.com/Shicheng-Guo/biomarkers; https://github.com/github/dmca/blob/master/2025/08/2025-08-22-uk-biobank.md; https://github.com/Shicheng-Guo/biomarkers/blob/1c0da07a271784cdcb890e5a7e4a97f03547e82b/clumping/clumped/GLOBAL_Phosphate.hh; https://github.com/Shicheng-Guo/biomarkers; https://github.com/github/dmca/blob/master/2025/08/2025-08-22-uk-biobank.md; https://github.com/Shicheng-Guo/biomarkers/blob/1c0da07a271784cdcb890e5a7e4a97f03547e82b/clumping/clumped/GLOBAL_Potassium_in_urine.hh; https://github.com/Shicheng-Guo/biomarkers; https://github.com/github/dmca/blob/master/2025/08/2025-08-22-uk-biobank.md; https://github.com/Shicheng-Guo/biomarkers/blob/1c0da07a271784cdcb890e5a7e4a97f03547e82b/clumping/clumped/GLOBAL_Rheumatoid_factor.hh; https://github.com/Shicheng-Guo/biomarkers; https://github.com/github/dmca/blob/master/2025/08/2025-08-22-uk-biobank.md; https://github.com/Shicheng-Guo/biomarkers/blob/1c0da07a271784cdcb890e5a7e4a97f03547e82b/clumping/clumped/GLOBAL_SHBG.hh; https://github.com/Shicheng-Guo/biomarkers; https://github.com/github/dmca/blob/master/2025/08/2025-08-22-uk-biobank.md; https://github.com/Shicheng-Guo/biomarkers/blob/1c0da07a271784cdcb890e5a7e4a97f03547e82b/clumping/clumped/GLOBAL_Sodium_in_urine.hh; https://github.com/Shicheng-Guo/biomarkers; https://github.com/github/dmca/blob/master/2025/08/2025-08-22-uk-biobank.md; https://github.com/Shicheng-Guo/biomarkers/blob/1c0da07a271784cdcb890e5a7e4a97f03547e82b/clumping/clumped/GLOBAL_Testosterone.hh; https://github.com/Shicheng-Guo/biomarkers; https://github.com/github/dmca/blob/master/2025/08/2025-08-22-uk-biobank.md; https://github.com/Shicheng-Guo/biomarkers/blob/1c0da07a271784cdcb890e5a7e4a97f03547e82b/clumping/clumped/GLOBAL_Total_bilirubin.hh; https://github.com/Shicheng-Guo/biomarkers; https://github.com/github/dmca/blob/master/2025/08/2025-08-22-uk-biobank.md; https://github.com/Shicheng-Guo/biomarkers/blob/1c0da07a271784cdcb890e5a7e4a97f03547e82b/clumping/clumped/GLOBAL_Total_protein.hh; https://github.com/Shicheng-Guo/biomarkers; https://github.com/github/dmca/blob/master/2025/08/2025-08-22-uk-biobank.md; https://github.com/Shicheng-Guo/biomarkers/blob/1c0da07a271784cdcb890e5a7e4a97f03547e82b/clumping/clumped/GLOBAL_Triglycerides.hh; https://github.com/Shicheng-Guo/biomarkers; https://github.com/github/dmca/blob/master/2025/08/2025-08-22-uk-biobank.md; https://github.com/Shicheng-Guo/biomarkers/blob/1c0da07a271784cdcb890e5a7e4a97f03547e82b/clumping/clumped/GLOBAL_Urate.hh; https://github.com/Shicheng-Guo/biomarkers; https://github.com/github/dmca/blob/master/2025/08/2025-08-22-uk-biobank.md; https://github.com/Shicheng-Guo/biomarkers/blob/1c0da07a271784cdcb890e5a7e4a97f03547e82b/clumping/clumped/GLOBAL_Urea.hh; https://github.com/Shicheng-Guo/biomarkers; https://github.com/github/dmca/blob/master/2025/08/2025-08-22-uk-biobank.md; https://github.com/Shicheng-Guo/biomarkers/blob/1c0da07a271784cdcb890e5a7e4a97f03547e82b/clumping/clumped/GLOBAL_Vitamin_D.hh; https://github.com/Shicheng-Guo/biomarkers,true
lineage_shicheng-guo_prs_height_admixed_populations,,,,,,unresolved,0,,,{},Evidence is too generic to assign an application.,https://github.com/github/dmca/blob/master/2025/08/2025-08-11-ukbiobank.md; https://github.com/Shicheng-Guo/PRS_Height_Admixed_Populations/blob/19585ef9c3b14e8c58f12312176b905a7eca8b65/PCA_and_GWAS/UKB_AFR.bas.evec; https://github.com/Shicheng-Guo/PRS_Height_Admixed_Populations; https://github.com/github/dmca/blob/master/2025/08/2025-08-11-ukbiobank.md; https://github.com/Shicheng-Guo/PRS_Height_Admixed_Populations/blob/19585ef9c3b14e8c58f12312176b905a7eca8b65/PCA_and_GWAS/panel_file2.txt; https://github.com/Shicheng-Guo/PRS_Height_Admixed_Populations; https://github.com/github/dmca/blob/master/2025/08/2025-08-11-ukbiobank.md; https://github.com/Shicheng-Guo/PRS_Height_Admixed_Populations/blob/bba2c5e61e8f0ba47d36dcef6dce66a7fea1d5ec/strat_prs/scripts/.RDataTmp; https://github.com/Shicheng-Guo/PRS_Height_Admixed_Populations; https://github.com/github/dmca/blob/master/2025/08/2025-08-11-ukbiobank.md; https://github.com/Shicheng-Guo/PRS_Height_Admixed_Populations/blob/bba2c5e61e8f0ba47d36dcef6dce66a7fea1d5ec/strat_prs/scripts/.RDataTmp1; https://github.com/Shicheng-Guo/PRS_Height_Admixed_Populations; https://github.com/github/dmca/blob/master/2025/08/2025-08-11-ukbiobank.md; https://github.com/Shicheng-Guo/PRS_Height_Admixed_Populations/blob/bba2c5e61e8f0ba47d36dcef6dce66a7fea1d5ec/strat_prs/scripts/.RDataTmp2; https://github.com/Shicheng-Guo/PRS_Height_Admixed_Populations; https://github.com/github/dmca/blob/master/2025/08/2025-08-11-ukbiobank.md; https://github.com/Shicheng-Guo/PRS_Height_Admixed_Populations/blob/bba2c5e61e8f0ba47d36dcef6dce66a7fea1d5ec/strat_prs/scripts/.RData; https://github.com/Shicheng-Guo/PRS_Height_Admixed_Populations; https://github.com/github/dmca/blob/master/2025/08/2025-08-11-ukbiobank.md; https://github.com/Shicheng-Guo/PRS_Height_Admixed_Populations/blob/e09bd3872f8d536a6245bdaf9396acedad52c76f/sib_betas/JHS/scripts/.RData; https://github.com/Shicheng-Guo/PRS_Height_Admixed_Populations,true
lineage_shicheng-guo_ukbb-1,,,,,,unresolved,0,,,{},Evidence is too generic to assign an application.,https://github.com/github/dmca/blob/master/2025/09/2025-09-25-ukbiobank.md; https://github.com/Shicheng-Guo/ukbb-1/blob/master/anna_code%2Facclerometry_download%2Fto_download.accel.txt; https://github.com/Shicheng-Guo/ukbb-1; https://github.com/github/dmca/blob/master/2025/09/2025-09-25-ukbiobank.md; https://github.com/Shicheng-Guo/ukbb-1/blob/anna/anna_code%2Facclerometry_download%2Fto_download.accel.txt; https://github.com/Shicheng-Guo/ukbb-1,true
lineage_shiiaii_book-diptomondal007-golangbooks,,,,,,unresolved,0,,,{},Evidence is too generic to assign an application.,https://github.com/github/dmca/blob/master/2025/05/2025-05-29-packt.md; https://github.com/shiiaii/book-diptomondal007-GoLangBooks,true
lineage_shiok-tech_golangbooks,,,,,,unresolved,0,,,{},Evidence is too generic to assign an application.,https://github.com/github/dmca/blob/master/2025/05/2025-05-29-packt.md; https://github.com/shiok-tech/GoLangBooks,true
lineage_shithubhumanware_yangautobuild,,,,,,unresolved,0,,,{},Evidence is too generic to assign an application.,https://github.com/github/dmca/blob/master/2023/10/2023-10-12-discord.md; https://github.com/ShitHubHumanWare/YANGautobuild,true
lineage_shitkoder_discord-nitro,,,,,,unresolved,0,,,{},Evidence is too generic to assign an application.,https://github.com/github/dmca/blob/master/2023/10/2023-10-12-discord.md; https://github.com/shitkoder/Discord-Nitro,true
lineage_shivayan-bora_golangbooks,,,,,,unresolved,0,,,{},Evidence is too generic to assign an application.,https://github.com/github/dmca/blob/master/2025/05/2025-05-29-packt.md; https://github.com/shivayan-bora/GoLangBooks,true
lineage_shownhub_jetbrainspatchkeygen,,,,,,unresolved,0,,,{},Evidence is too generic to assign an application.,https://github.com/github/dmca/blob/master/2015/2015-07-06-jetbrains.md; https://github.com/shownhub/JetbrainsPatchKeygen,true
lineage_shrestha-bijen_golangbooks,,,,,,unresolved,0,,,{},Evidence is too generic to assign an application.,https://github.com/github/dmca/blob/master/2025/05/2025-05-29-packt.md; https://github.com/shrestha-bijen/GoLangBooks,true
lineage_shreyansh-ml_golangbooks,,,,,,unresolved,0,,,{},Evidence is too generic to assign an application.,https://github.com/github/dmca/blob/master/2025/05/2025-05-29-packt.md; https://github.com/shreyansh-ML/GoLangBooks,true
lineage_shuge_man,,,,,,unresolved,0,,,{},Evidence is too generic to assign an application.,https://github.com/github/dmca/blob/master/2015/2015-07-06-jetbrains.md; https://github.com/shuge/man/blob/master/lang/py/ide-for-py/pycharm.md; https://github.com/shuge/man,true
lineage_shuhaib-kv_golangbooks,,,,,,unresolved,0,,,{},Evidence is too generic to assign an application.,https://github.com/github/dmca/blob/master/2025/05/2025-05-29-packt.md; https://github.com/shuhaib-kv/GoLangBooks,true
lineage_shuvigoss_jetbrainspatchkeygen,,,,,,unresolved,0,,,{},Evidence is too generic to assign an application.,https://github.com/github/dmca/blob/master/2015/2015-07-06-jetbrains.md; https://github.com/shuvigoss/JetbrainsPatchKeygen,true
lineage_sic4rio_golangbooks,,,,,,unresolved,0,,,{},Evidence is too generic to assign an application.,https://github.com/github/dmca/blob/master/2025/05/2025-05-29-packt.md; https://github.com/Sic4rio/GoLangBooks,true
lineage_sid7862_golangbooks,,,,,,unresolved,0,,,{},Evidence is too generic to assign an application.,https://github.com/github/dmca/blob/master/2025/05/2025-05-29-packt.md; https://github.com/Sid7862/GoLangBooks,true
lineage_sidrockzz_golangbooks,,,,,,unresolved,0,,,{},Evidence is too generic to assign an application.,https://github.com/github/dmca/blob/master/2025/05/2025-05-29-packt.md; https://github.com/sidrockzz/GoLangBooks,true
lineage_silva6_jetbrainspatchkeygen,,,,,,unresolved,0,,,{},Evidence is too generic to assign an application.,https://github.com/github/dmca/blob/master/2015/2015-07-06-jetbrains.md; https://github.com/silva6/JetbrainsPatchKeygen,true
lineage_singhalnikhiljx_golangbooks,,,,,,unresolved,0,,,{},Evidence is too generic to assign an application.,https://github.com/github/dmca/blob/master/2025/05/2025-05-29-packt.md; https://github.com/singhalnikhiljx/GoLangBooks,true
lineage_sirius-yang_imds_wes,,,,,,unresolved,0,,,{},Evidence is too generic to assign an application.,https://github.com/github/dmca/blob/master/2025/12/2025-12-01-uk-biobank-2.md; https://github.com/Sirius-Yang/IMDs_WES/blob/b5c5f22385240a447dae8d0baf0fdb986e50541d/QC/Step4/ukb_wes_chr_all_king_sample_qc_example.kin0; https://github.com/Sirius-Yang/IMDs_WES; https://github.com/github/dmca/blob/master/2025/12/2025-12-01-uk-biobank-2.md; https://github.com/Sirius-Yang/IMDs_WES/blob/88c851e9b48f198cea156c505109c628ea0f15f1/QC/Step4/ukb_wes_chr_all_king_sample_qc.kin0; https://github.com/Sirius-Yang/IMDs_WES; https://github.com/github/dmca/blob/master/2025/12/2025-12-01-uk-biobank-2.md; https://github.com/Sirius-Yang/IMDs_WES/blob/4569154fd8536efa13e3c0d92cfb2195fd2572c9/QC/Step3/ukb_wes_chr11_sample_qc_example.scount; https://github.com/Sirius-Yang/IMDs_WES; https://github.com/github/dmca/blob/master/2025/12/2025-12-01-uk-biobank-2.md; https://github.com/Sirius-Yang/IMDs_WES/blob/705ebe6d34fea3ec769b9b0084a8f90f922b0512/QC/Step4/king_example.con; https://github.com/Sirius-Yang/IMDs_WES; https://github.com/github/dmca/blob/master/2025/12/2025-12-01-uk-biobank-2.md; https://github.com/Sirius-Yang/IMDs_WES/blob/1fc8786e8a99499106f809247aa4c7ae499c4ede/QC/Step3/non_retracted_and_sex_qc_filtered_example.txt; https://github.com/Sirius-Yang/IMDs_WES; https://github.com/github/dmca/blob/master/2025/12/2025-12-01-uk-biobank-2.md; https://github.com/Sirius-Yang/IMDs_WES/blob/f214e38c7526854348ed69a33e30f97d5d0960e6/QC/Stepnon_retracted_and_sex_qc_filtered_example.txt; https://github.com/Sirius-Yang/IMDs_WES; https://github.com/github/dmca/blob/master/2025/12/2025-12-01-uk-biobank-2.md; https://github.com/Sirius-Yang/IMDs_WES/blob/c8d24849d3c95588f591371e90d98876f22f88f5/QC/Step3/head; https://github.com/Sirius-Yang/IMDs_WES; https://github.com/github/dmca/blob/master/2025/12/2025-12-01-uk-biobank-2.md; https://github.com/Sirius-Yang/IMDs_WES/blob/7a2acb497cfe1232ef8c5fe03a8e16b291b9cdbf/QC/Step4/ukb_wes_chr_all_king_sample_qc_final_unrelated_example.eigenval; https://github.com/Sirius-Yang/IMDs_WES; https://github.com/github/dmca/blob/master/2025/12/2025-12-01-uk-biobank-2.md; https://github.com/Sirius-Yang/IMDs_WES/blob/7327cc7176c03a9143132df3e57f0c30a7d96084/QC/Step3/sample_qc_final_keep_example.txt; https://github.com/Sirius-Yang/IMDs_WES; https://github.com/github/dmca/blob/master/2025/12/2025-12-01-uk-biobank-2.md; https://github.com/Sirius-Yang/IMDs_WES/blob/5923d751916249d87435632333be6cb4d7002956/PostAnalysis/conditional.R; https://github.com/Sirius-Yang/IMDs_WES; https://github.com/github/dmca/blob/master/2025/12/2025-12-01-uk-biobank-2.md; https://github.com/Sirius-Yang/IMDs_WES/blob/5923d751916249d87435632333be6cb4d7002956/QC/QC_Step3.bash; https://github.com/Sirius-Yang/IMDs_WES,true
lineage_sith-call_golangbooks,,,,,,unresolved,0,,,{},Evidence is too generic to assign an application.,https://github.com/github/dmca/blob/master/2025/05/2025-05-29-packt.md; https://github.com/Sith-call/GoLangBooks,true
lineage_sjndhkl_jetbrains-intellij-idea-key-generator,,,,,,unresolved,0,,,{},Evidence is too generic to assign an application.,https://github.com/github/dmca/blob/master/2015/2015-07-06-jetbrains.md; https://github.com/sjndhkl/Jetbrains-IntelliJ-IDEA-Key-Generator,true
lineage_sk464036801_jetbrainspatchkeygen,,,,,,unresolved,0,,,{},Evidence is too generic to assign an application.,https://github.com/github/dmca/blob/master/2015/2015-07-06-jetbrains.md; https://github.com/Sk464036801/JetbrainsPatchKeygen,true
lineage_skylerzhou_ukb_gwaspipeline_subcorticalregions,,,,,,unresolved,0,,,{},Evidence is too generic to assign an application.,https://github.com/github/dmca/blob/master/2025/12/2025-12-01-uk-biobank-3.md; https://github.com/SkylerZhou/UKB_GWASpipeline_SubcorticalRegions/blob/a4ab55af3393f528fe89f875dfd7994ea5fc2baa/PartA_step1_FIRSTtableQC.ipynb; https://github.com/SkylerZhou/UKB_GWASpipeline_SubcorticalRegions; https://github.com/github/dmca/blob/master/2025/12/2025-12-01-uk-biobank-3.md; https://github.com/SkylerZhou/UKB_GWASpipeline_SubcorticalRegions/blob/a4ab55af3393f528fe89f875dfd7994ea5fc2baa/PartD_step2_FIRSTtable_wes_regenie2; https://github.com/SkylerZhou/UKB_GWASpipeline_SubcorticalRegions,true
lineage_sld666666_blogs,,,,,,unresolved,0,,,{},Evidence is too generic to assign an application.,https://github.com/github/dmca/blob/master/2015/2015-07-06-jetbrains.md; https://github.com/sld666666/blogs/blob/gh-pages/makedown/tools/webstrom%20install%20and%20setting.md; https://github.com/sld666666/blogs; https://github.com/github/dmca/blob/master/2015/2015-07-06-jetbrains.md; https://github.com/sld666666/blogs/blob/gh-pages/makedown/tools/pyCharm%20install%20and%20setting.md; https://github.com/sld666666/blogs; https://github.com/github/dmca/blob/master/2015/2015-07-06-jetbrains.md; https://github.com/sld666666/blogs/blob/gh-pages/index.html; https://github.com/sld666666/blogs; https://github.com/github/dmca/blob/master/2015/2015-07-06-jetbrains.md; https://github.com/sld666666/blogs/blob/gh-pages/feeds/all.atom.xml; https://github.com/sld666666/blogs,true
lineage_slowcloud_golangbooks,,,,,,unresolved,0,,,{},Evidence is too generic to assign an application.,https://github.com/github/dmca/blob/master/2025/05/2025-05-29-packt.md; https://github.com/SlowCloud/GoLangBooks,true
lineage_smiles2011hyc_001,,,,,,unresolved,0,,,{},Evidence is too generic to assign an application.,https://github.com/github/dmca/blob/master/2025/11/2025-11-14-uk-biobank.md; https://github.com/smiles2011hyc/001,true
lineage_smiles2011hyc_biomarkers,,,,,,unresolved,0,,,{},Evidence is too generic to assign an application.,https://github.com/github/dmca/blob/master/2025/08/2025-08-22-uk-biobank.md; https://github.com/smiles2011hyc/biomarkers/blob/1c0da07a271784cdcb890e5a7e4a97f03547e82b/clumping/clumped/GLOBAL_Alanine_aminotransferase.hh; https://github.com/smiles2011hyc/biomarkers; https://github.com/github/dmca/blob/master/2025/08/2025-08-22-uk-biobank.md; https://github.com/smiles2011hyc/biomarkers/blob/1c0da07a271784cdcb890e5a7e4a97f03547e82b/clumping/clumped/GLOBAL_Albumin.hh; https://github.com/smiles2011hyc/biomarkers; https://github.com/github/dmca/blob/master/2025/08/2025-08-22-uk-biobank.md; https://github.com/smiles2011hyc/biomarkers/blob/1c0da07a271784cdcb890e5a7e4a97f03547e82b/clumping/clumped/GLOBAL_Alkaline_phosphatase.hh; https://github.com/smiles2011hyc/biomarkers; https://github.com/github/dmca/blob/master/2025/08/2025-08-22-uk-biobank.md; https://github.com/smiles2011hyc/biomarkers/blob/1c0da07a271784cdcb890e5a7e4a97f03547e82b/clumping/clumped/GLOBAL_Apolipoprotein_A.hh; https://github.com/smiles2011hyc/biomarkers; https://github.com/github/dmca/blob/master/2025/08/2025-08-22-uk-biobank.md; https://github.com/smiles2011hyc/biomarkers/blob/1c0da07a271784cdcb890e5a7e4a97f03547e82b/clumping/clumped/GLOBAL_Apolipoprotein_B.hh; https://github.com/smiles2011hyc/biomarkers; https://github.com/github/dmca/blob/master/2025/08/2025-08-22-uk-biobank.md; https://github.com/smiles2011hyc/biomarkers/blob/1c0da07a271784cdcb890e5a7e4a97f03547e82b/clumping/clumped/GLOBAL_Apolipoprotein_B_adjstatins.hh; https://github.com/smiles2011hyc/biomarkers; https://github.com/github/dmca/blob/master/2025/08/2025-08-22-uk-biobank.md; https://github.com/smiles2011hyc/biomarkers/blob/1c0da07a271784cdcb890e5a7e4a97f03547e82b/clumping/clumped/GLOBAL_Aspartate_aminotransferase.hh; https://github.com/smiles2011hyc/biomarkers; https://github.com/github/dmca/blob/master/2025/08/2025-08-22-uk-biobank.md; https://github.com/smiles2011hyc/biomarkers/blob/1c0da07a271784cdcb890e5a7e4a97f03547e82b/clumping/clumped/GLOBAL_AST_ALT_ratio.hh; https://github.com/smiles2011hyc/biomarkers; https://github.com/github/dmca/blob/master/2025/08/2025-08-22-uk-biobank.md; https://github.com/smiles2011hyc/biomarkers/blob/1c0da07a271784cdcb890e5a7e4a97f03547e82b/clumping/clumped/GLOBAL_C_reactive_protein.hh; https://github.com/smiles2011hyc/biomarkers; https://github.com/github/dmca/blob/master/2025/08/2025-08-22-uk-biobank.md; https://github.com/smiles2011hyc/biomarkers/blob/1c0da07a271784cdcb890e5a7e4a97f03547e82b/clumping/clumped/GLOBAL_Calcium.hh; https://github.com/smiles2011hyc/biomarkers; https://github.com/github/dmca/blob/master/2025/08/2025-08-22-uk-biobank.md; https://github.com/smiles2011hyc/biomarkers/blob/1c0da07a271784cdcb890e5a7e4a97f03547e82b/clumping/clumped/GLOBAL_Cholesterol.hh; https://github.com/smiles2011hyc/biomarkers; https://github.com/github/dmca/blob/master/2025/08/2025-08-22-uk-biobank.md; https://github.com/smiles2011hyc/biomarkers/blob/1c0da07a271784cdcb890e5a7e4a97f03547e82b/clumping/clumped/GLOBAL_Cholesterol_adjstatins.hh; https://github.com/smiles2011hyc/biomarkers; https://github.com/github/dmca/blob/master/2025/08/2025-08-22-uk-biobank.md; https://github.com/smiles2011hyc/biomarkers/blob/1c0da07a271784cdcb890e5a7e4a97f03547e82b/clumping/clumped/GLOBAL_Creatinine.hh; https://github.com/smiles2011hyc/biomarkers; https://github.com/github/dmca/blob/master/2025/08/2025-08-22-uk-biobank.md; https://github.com/smiles2011hyc/biomarkers/blob/1c0da07a271784cdcb890e5a7e4a97f03547e82b/clumping/clumped/GLOBAL_Creatinine_in_urine.hh; https://github.com/smiles2011hyc/biomarkers; https://github.com/github/dmca/blob/master/2025/08/2025-08-22-uk-biobank.md; https://github.com/smiles2011hyc/biomarkers/blob/1c0da07a271784cdcb890e5a7e4a97f03547e82b/clumping/clumped/GLOBAL_Cystatin_C.hh; https://github.com/smiles2011hyc/biomarkers; https://github.com/github/dmca/blob/master/2025/08/2025-08-22-uk-biobank.md; https://github.com/smiles2011hyc/biomarkers/blob/1c0da07a271784cdcb890e5a7e4a97f03547e82b/clumping/clumped/GLOBAL_Direct_bilirubin.hh; https://github.com/smiles2011hyc/biomarkers; https://github.com/github/dmca/blob/master/2025/08/2025-08-22-uk-biobank.md; https://github.com/smiles2011hyc/biomarkers/blob/1c0da07a271784cdcb890e5a7e4a97f03547e82b/clumping/clumped/GLOBAL_eGFR.hh; https://github.com/smiles2011hyc/biomarkers; https://github.com/github/dmca/blob/master/2025/08/2025-08-22-uk-biobank.md; https://github.com/smiles2011hyc/biomarkers/blob/1c0da07a271784cdcb890e5a7e4a97f03547e82b/clumping/clumped/GLOBAL_Fasting_glucose.hh; https://github.com/smiles2011hyc/biomarkers; https://github.com/github/dmca/blob/master/2025/08/2025-08-22-uk-biobank.md; https://github.com/smiles2011hyc/biomarkers/blob/1c0da07a271784cdcb890e5a7e4a97f03547e82b/clumping/clumped/GLOBAL_Gamma_glutamyltransferase.hh; https://github.com/smiles2011hyc/biomarkers; https://github.com/github/dmca/blob/master/2025/08/2025-08-22-uk-biobank.md; https://github.com/smiles2011hyc/biomarkers/blob/1c0da07a271784cdcb890e5a7e4a97f03547e82b/clumping/clumped/GLOBAL_Glucose.hh; https://github.com/smiles2011hyc/biomarkers; https://github.com/github/dmca/blob/master/2025/08/2025-08-22-uk-biobank.md; https://github.com/smiles2011hyc/biomarkers/blob/1c0da07a271784cdcb890e5a7e4a97f03547e82b/clumping/clumped/GLOBAL_Glycated_haemoglobin_HbA1c.hh; https://github.com/smiles2011hyc/biomarkers; https://github.com/github/dmca/blob/master/2025/08/2025-08-22-uk-biobank.md; https://github.com/smiles2011hyc/biomarkers/blob/1c0da07a271784cdcb890e5a7e4a97f03547e82b/clumping/clumped/GLOBAL_HbA1c.hh; https://github.com/smiles2011hyc/biomarkers; https://github.com/github/dmca/blob/master/2025/08/2025-08-22-uk-biobank.md; https://github.com/smiles2011hyc/biomarkers/blob/1c0da07a271784cdcb890e5a7e4a97f03547e82b/clumping/clumped/GLOBAL_HDL.hh; https://github.com/smiles2011hyc/biomarkers; https://github.com/github/dmca/blob/master/2025/08/2025-08-22-uk-biobank.md; https://github.com/smiles2011hyc/biomarkers/blob/1c0da07a271784cdcb890e5a7e4a97f03547e82b/clumping/clumped/GLOBAL_HDL_cholesterol.hh; https://github.com/smiles2011hyc/biomarkers; https://github.com/github/dmca/blob/master/2025/08/2025-08-22-uk-biobank.md; https://github.com/smiles2011hyc/biomarkers/blob/1c0da07a271784cdcb890e5a7e4a97f03547e82b/clumping/clumped/GLOBAL_IGF_1.hh; https://github.com/smiles2011hyc/biomarkers; https://github.com/github/dmca/blob/master/2025/08/2025-08-22-uk-biobank.md; https://github.com/smiles2011hyc/biomarkers/blob/1c0da07a271784cdcb890e5a7e4a97f03547e82b/clumping/clumped/GLOBAL_LDL.hh; https://github.com/smiles2011hyc/biomarkers; https://github.com/github/dmca/blob/master/2025/08/2025-08-22-uk-biobank.md; https://github.com/smiles2011hyc/biomarkers/blob/1c0da07a271784cdcb890e5a7e4a97f03547e82b/clumping/clumped/GLOBAL_LDL_adjstatins.hh; https://github.com/smiles2011hyc/biomarkers; https://github.com/github/dmca/blob/master/2025/08/2025-08-22-uk-biobank.md; https://github.com/smiles2011hyc/biomarkers/blob/1c0da07a271784cdcb890e5a7e4a97f03547e82b/clumping/clumped/GLOBAL_LDL_direct.hh; https://github.com/smiles2011hyc/biomarkers; https://github.com/github/dmca/blob/master/2025/08/2025-08-22-uk-biobank.md; https://github.com/smiles2011hyc/biomarkers/blob/1c0da07a271784cdcb890e5a7e4a97f03547e82b/clumping/clumped/GLOBAL_LDL_direct_adjstatins.hh; https://github.com/smiles2011hyc/biomarkers; https://github.com/github/dmca/blob/master/2025/08/2025-08-22-uk-biobank.md; https://github.com/smiles2011hyc/biomarkers/blob/1c0da07a271784cdcb890e5a7e4a97f03547e82b/clumping/clumped/GLOBAL_Lipoprotein_A.hh; https://github.com/smiles2011hyc/biomarkers; https://github.com/github/dmca/blob/master/2025/08/2025-08-22-uk-biobank.md; https://github.com/smiles2011hyc/biomarkers/blob/1c0da07a271784cdcb890e5a7e4a97f03547e82b/clumping/clumped/GLOBAL_Microalbumin_in_urine.hh; https://github.com/smiles2011hyc/biomarkers; https://github.com/github/dmca/blob/master/2025/08/2025-08-22-uk-biobank.md; https://github.com/smiles2011hyc/biomarkers/blob/1c0da07a271784cdcb890e5a7e4a97f03547e82b/clumping/clumped/GLOBAL_Non_albumin_protein.hh; https://github.com/smiles2011hyc/biomarkers; https://github.com/github/dmca/blob/master/2025/08/2025-08-22-uk-biobank.md; https://github.com/smiles2011hyc/biomarkers/blob/1c0da07a271784cdcb890e5a7e4a97f03547e82b/clumping/clumped/GLOBAL_Oestradiol.hh; https://github.com/smiles2011hyc/biomarkers; https://github.com/github/dmca/blob/master/2025/08/2025-08-22-uk-biobank.md; https://github.com/smiles2011hyc/biomarkers/blob/1c0da07a271784cdcb890e5a7e4a97f03547e82b/clumping/clumped/GLOBAL_Phosphate.hh; https://github.com/smiles2011hyc/biomarkers; https://github.com/github/dmca/blob/master/2025/08/2025-08-22-uk-biobank.md; https://github.com/smiles2011hyc/biomarkers/blob/1c0da07a271784cdcb890e5a7e4a97f03547e82b/clumping/clumped/GLOBAL_Potassium_in_urine.hh; https://github.com/smiles2011hyc/biomarkers; https://github.com/github/dmca/blob/master/2025/08/2025-08-22-uk-biobank.md; https://github.com/smiles2011hyc/biomarkers/blob/1c0da07a271784cdcb890e5a7e4a97f03547e82b/clumping/clumped/GLOBAL_Rheumatoid_factor.hh; https://github.com/smiles2011hyc/biomarkers; https://github.com/github/dmca/blob/master/2025/08/2025-08-22-uk-biobank.md; https://github.com/smiles2011hyc/biomarkers/blob/1c0da07a271784cdcb890e5a7e4a97f03547e82b/clumping/clumped/GLOBAL_SHBG.hh; https://github.com/smiles2011hyc/biomarkers; https://github.com/github/dmca/blob/master/2025/08/2025-08-22-uk-biobank.md; https://github.com/smiles2011hyc/biomarkers/blob/1c0da07a271784cdcb890e5a7e4a97f03547e82b/clumping/clumped/GLOBAL_Sodium_in_urine.hh; https://github.com/smiles2011hyc/biomarkers; https://github.com/github/dmca/blob/master/2025/08/2025-08-22-uk-biobank.md; https://github.com/smiles2011hyc/biomarkers/blob/1c0da07a271784cdcb890e5a7e4a97f03547e82b/clumping/clumped/GLOBAL_Testosterone.hh; https://github.com/smiles2011hyc/biomarkers; https://github.com/github/dmca/blob/master/2025/08/2025-08-22-uk-biobank.md; https://github.com/smiles2011hyc/biomarkers/blob/1c0da07a271784cdcb890e5a7e4a97f03547e82b/clumping/clumped/GLOBAL_Total_bilirubin.hh; https://github.com/smiles2011hyc/biomarkers; https://github.com/github/dmca/blob/master/2025/08/2025-08-22-uk-biobank.md; https://github.com/smiles2011hyc/biomarkers/blob/1c0da07a271784cdcb890e5a7e4a97f03547e82b/clumping/clumped/GLOBAL_Total_protein.hh; https://github.com/smiles2011hyc/biomarkers; https://github.com/github/dmca/blob/master/2025/08/2025-08-22-uk-biobank.md; https://github.com/smiles2011hyc/biomarkers/blob/1c0da07a271784cdcb890e5a7e4a97f03547e82b/clumping/clumped/GLOBAL_Triglycerides.hh; https://github.com/smiles2011hyc/biomarkers; https://github.com/github/dmca/blob/master/2025/08/2025-08-22-uk-biobank.md; https://github.com/smiles2011hyc/biomarkers/blob/1c0da07a271784cdcb890e5a7e4a97f03547e82b/clumping/clumped/GLOBAL_Urate.hh; https://github.com/smiles2011hyc/biomarkers; https://github.com/github/dmca/blob/master/2025/08/2025-08-22-uk-biobank.md; https://github.com/smiles2011hyc/biomarkers/blob/1c0da07a271784cdcb890e5a7e4a97f03547e82b/clumping/clumped/GLOBAL_Urea.hh; https://github.com/smiles2011hyc/biomarkers; https://github.com/github/dmca/blob/master/2025/08/2025-08-22-uk-biobank.md; https://github.com/smiles2011hyc/biomarkers/blob/1c0da07a271784cdcb890e5a7e4a97f03547e82b/clumping/clumped/GLOBAL_Vitamin_D.hh; https://github.com/smiles2011hyc/biomarkers,true
lineage_snowcamel_jetbrains-intellij-idea-key-generator,,,,,,unresolved,0,,,{},Evidence is too generic to assign an application.,https://github.com/github/dmca/blob/master/2015/2015-07-06-jetbrains.md; https://github.com/snowcamel/Jetbrains-IntelliJ-IDEA-Key-Generator,true
lineage_sobhan-srza_nitro-generator,,,,,,unresolved,0,,,{},Evidence is too generic to assign an application.,https://github.com/github/dmca/blob/master/2023/10/2023-10-12-discord.md; https://github.com/Sobhan-SRZA/Nitro-Generator,true
lineage_sobhan-srza_nitro-generator-bot,,,,,,unresolved,0,,,{},Evidence is too generic to assign an application.,https://github.com/github/dmca/blob/master/2023/10/2023-10-12-discord.md; https://github.com/Sobhan-SRZA/Nitro-Generator-Bot,true
lineage_sobowale-olayiwola_golangbooks,,,,,,unresolved,0,,,{},Evidence is too generic to assign an application.,https://github.com/github/dmca/blob/master/2025/05/2025-05-29-packt.md; https://github.com/Sobowale-Olayiwola/GoLangBooks,true
lineage_soffchen_font-awesome-pro,,,,,,unresolved,0,,,{},Evidence is too generic to assign an application.,https://github.com/github/dmca/blob/master/2024/05/2024-05-21-fonticons.md; https://github.com/soffchen/font-awesome-pro,true
lineage_solarstudio_nx-gen,,,,,,unresolved,0,,,{},Evidence is too generic to assign an application.,https://github.com/github/dmca/blob/master/2023/10/2023-10-12-discord.md; https://github.com/SolarStudio/NX-Gen,true
lineage_solidismail_jetbrains-intellij-idea-key-generator,,,,,,unresolved,0,,,{},Evidence is too generic to assign an application.,https://github.com/github/dmca/blob/master/2015/2015-07-06-jetbrains.md; https://github.com/solidismail/Jetbrains-IntelliJ-IDEA-Key-Generator,true
lineage_song88180_human_sex_ratio,,,,,,unresolved,0,,,{},Evidence is too generic to assign an application.,https://github.com/github/dmca/blob/master/2025/12/2025-12-08-uk-biobank-7.md; https://github.com/song88180/Human_sex_ratio/blob/28c718d80392a23be38227af63e5172b20a7063b/04_Family_based_heritability.ipynb; https://github.com/song88180/Human_sex_ratio,true
lineage_songallna_golangbooks,,,,,,unresolved,0,,,{},Evidence is too generic to assign an application.,https://github.com/github/dmca/blob/master/2025/05/2025-05-29-packt.md; https://github.com/songallna/GoLangBooks,true
lineage_sonofescobar1337_yang,,,,,,unresolved,0,,,{},Evidence is too generic to assign an application.,https://github.com/github/dmca/blob/master/2023/10/2023-10-12-discord.md; https://github.com/sonofescobar1337/YANG,true
lineage_sonoftheweb_golangbooks,,,,,,unresolved,0,,,{},Evidence is too generic to assign an application.,https://github.com/github/dmca/blob/master/2025/05/2025-05-29-packt.md; https://github.com/sonoftheweb/GoLangBooks,true
lineage_sorivevol_jetbrainspatchkeygen,,,,,,unresolved,0,,,{},Evidence is too generic to assign an application.,https://github.com/github/dmca/blob/master/2015/2015-07-06-jetbrains.md; https://github.com/sorivevol/JetbrainsPatchKeygen,true
lineage_spamerl_golangbooks,,,,,,unresolved,0,,,{},Evidence is too generic to assign an application.,https://github.com/github/dmca/blob/master/2025/05/2025-05-29-packt.md; https://github.com/SpamerL/GoLangBooks,true
lineage_spinales_golangbooks,,,,,,unresolved,0,,,{},Evidence is too generic to assign an application.,https://github.com/github/dmca/blob/master/2025/05/2025-05-29-packt.md; https://github.com/spinales/GoLangBooks,true
lineage_sqshine_golangbooks,,,,,,unresolved,0,,,{},Evidence is too generic to assign an application.,https://github.com/github/dmca/blob/master/2025/05/2025-05-29-packt.md; https://github.com/sqshine/GoLangBooks,true
lineage_sreenichelikam_golangbooks,,,,,,unresolved,0,,,{},Evidence is too generic to assign an application.,https://github.com/github/dmca/blob/master/2025/05/2025-05-29-packt.md; https://github.com/sreenichelikam/GoLangBooks,true
lineage_srikalyan_jetbrains-intellij-idea-key-generator,,,,,,unresolved,0,,,{},Evidence is too generic to assign an application.,https://github.com/github/dmca/blob/master/2015/2015-07-06-jetbrains.md; https://github.com/srikalyan/Jetbrains-IntelliJ-IDEA-Key-Generator,true
lineage_sspl33_sophia_cross_sectional,,,,,,unresolved,0,,,{},Evidence is too generic to assign an application.,https://github.com/github/dmca/blob/master/2025/11/2025-11-25-uk-biobank-5.md; https://github.com/sspl33/SOPHIA_Cross_Sectional/blob/095c8dd13b635e54889beddd15e9481b5edd8464/Guideline.ipynb; https://github.com/sspl33/SOPHIA_Cross_Sectional,true
lineage_stalicla-rnd_ukbbmriutils,,,,,,unresolved,0,,,{},Evidence is too generic to assign an application.,https://github.com/github/dmca/blob/master/2026/04/2026-04-08-uk-biobank.md; https://github.com/STALICLA-RnD/UkbbMriUtils/blob/e897539c3743df160e86b2bce21dd6b5ae9076fe/inst/extdata/test_freesurfer_mri_data_2.txt; https://github.com/STALICLA-RnD/UkbbMriUtils; https://github.com/github/dmca/blob/master/2026/04/2026-04-08-uk-biobank.md; https://github.com/STALICLA-RnD/UkbbMriUtils/blob/e897539c3743df160e86b2bce21dd6b5ae9076fe/inst/extdata/test_freesurfer_mri_data.txt; https://github.com/STALICLA-RnD/UkbbMriUtils,true
lineage_stanislav-coding_golangbooks,,,,,,unresolved,0,,,{},Evidence is too generic to assign an application.,https://github.com/github/dmca/blob/master/2025/05/2025-05-29-packt.md; https://github.com/stanislav-coding/GoLangBooks,true
lineage_stardeuu_fa6pro,,,,,,unresolved,0,,,{},Evidence is too generic to assign an application.,https://github.com/github/dmca/blob/master/2024/05/2024-05-21-fonticons.md; https://github.com/stardeuu/FA6PRO,true
lineage_staticallyfluid_metacheck,,,,,,unresolved,0,,,{},Evidence is too generic to assign an application.,https://github.com/github/dmca/blob/master/2015/2015-07-06-jetbrains.md; https://github.com/staticallyFluid/metacheck/blob/license/program/Ruby/Ruby%20Help%20(Codeschool; https://github.com/staticallyFluid/metacheck,true
lineage_stefanogg_ukbpheno,,,,,,unresolved,0,,,{},Evidence is too generic to assign an application.,https://github.com/github/dmca/blob/master/2025/12/2025-12-10-uk-biobank.md; https://github.com/stefanogg/ukbpheno/blob/42fd07d2145b706581ba0a021a222f6be669a36c/R/plot_timeline.R; https://github.com/stefanogg/ukbpheno,true
lineage_steven-innover_jetbrainspatchkeygen,,,,,,unresolved,0,,,{},Evidence is too generic to assign an application.,https://github.com/github/dmca/blob/master/2015/2015-07-06-jetbrains.md; https://github.com/steven-innover/JetbrainsPatchKeygen,true
lineage_stilyng94_golangbooks,,,,,,unresolved,0,,,{},Evidence is too generic to assign an application.,https://github.com/github/dmca/blob/master/2025/05/2025-05-29-packt.md; https://github.com/stilyng94/GoLangBooks,true
lineage_stnc-go_golangbooks,,,,,,unresolved,0,,,{},Evidence is too generic to assign an application.,https://github.com/github/dmca/blob/master/2025/05/2025-05-29-packt.md; https://github.com/stnc-go/GoLangBooks,true
lineage_studycwq_jetbrainspatchkeygen,,,,,,unresolved,0,,,{},Evidence is too generic to assign an application.,https://github.com/github/dmca/blob/master/2015/2015-07-06-jetbrains.md; https://github.com/studycwq/JetbrainsPatchKeygen,true
lineage_sudosuraj_golangbooks,,,,,,unresolved,0,,,{},Evidence is too generic to assign an application.,https://github.com/github/dmca/blob/master/2025/05/2025-05-29-packt.md; https://github.com/sudosuraj/GoLangBooks,true
lineage_sumnous_sumnous.github.io,,,,,,unresolved,0,,,{},Evidence is too generic to assign an application.,https://github.com/github/dmca/blob/master/2015/2015-07-06-jetbrains.md; https://github.com/sumnous/sumnous.github.io/blob/master/blog/categories/jdk/atom.xml; https://github.com/sumnous/sumnous.github.io,true
lineage_sunday4me_golangbooks,,,,,,unresolved,0,,,{},Evidence is too generic to assign an application.,https://github.com/github/dmca/blob/master/2025/05/2025-05-29-packt.md; https://github.com/sunday4me/GoLangBooks,true
lineage_sundhar-sg_font-awesome-pro,,,,,,unresolved,0,,,{},Evidence is too generic to assign an application.,https://github.com/github/dmca/blob/master/2024/05/2024-05-21-fonticons.md; https://github.com/sundhar-sg/font-awesome-pro,true
lineage_sunfirefox_intellij-idea-13-keygen,,,,,,unresolved,0,,,{},Evidence is too generic to assign an application.,https://github.com/github/dmca/blob/master/2015/2015-07-06-jetbrains.md; https://github.com/sunfirefox/IntelliJ-IDEA-13-keygen,true
lineage_sunfl4wer_golangbooks,,,,,,unresolved,0,,,{},Evidence is too generic to assign an application.,https://github.com/github/dmca/blob/master/2025/05/2025-05-29-packt.md; https://github.com/Sunfl4wer/GoLangBooks,true
lineage_sunhongtao_myhexo,,,,,,unresolved,0,,,{},Evidence is too generic to assign an application.,https://github.com/github/dmca/blob/master/2015/2015-07-06-jetbrains.md; https://github.com/sunhongtao/Myhexo/blob/sun/source/_posts/pycharm%E4%B8%8Bdjango%E7%8E%AF%E5%A2%83%E9%85%8D%E7%BD%AE.md; https://github.com/sunhongtao/Myhexo,true
lineage_suniljmanohar_ukbiobank_ecg,,,,,,unresolved,0,,,{},Evidence is too generic to assign an application.,https://github.com/github/dmca/blob/master/2025/11/2025-11-25-uk-biobank-2.md; https://github.com/suniljmanohar/UKBiobank_ECG/blob/87bf000247aa5de5ac23bcede79bcf330174d032/UKBiobank_ECG_parser.py; https://github.com/suniljmanohar/UKBiobank_ECG; https://github.com/github/dmca/blob/master/2025/11/2025-11-25-uk-biobank-2.md; https://github.com/suniljmanohar/UKBiobank_ECG/blob/efcf8addf94b8a63b1659ecf428e00a385253972/UKBiobank_stress_ECG_parser.py; https://github.com/suniljmanohar/UKBiobank_ECG,true
lineage_sunjunzero_jetbrainspatchkeygen,,,,,,unresolved,0,,,{},Evidence is too generic to assign an application.,https://github.com/github/dmca/blob/master/2015/2015-07-06-jetbrains.md; https://github.com/sunjunzero/JetbrainsPatchKeygen,true
lineage_sunrisefor_shapeit5,,,,,,unresolved,0,,,{},Evidence is too generic to assign an application.,https://github.com/github/dmca/blob/master/2025/11/2025-11-13-uk-biobank.md; https://github.com/sunrisefor/shapeit5/blob/0b40edb8ef2678fd4ef0f0286dffe9ef0ba9b254/tasks/phasingUKB/step2_wgs/step9_imputation_rerun_new_chunks/data/1k_samples_wbi.txt#L1-L5; https://github.com/sunrisefor/shapeit5,true
lineage_supunlakshanwork_jetbrains-intellij-idea-key-generator,,,,,,unresolved,0,,,{},Evidence is too generic to assign an application.,https://github.com/github/dmca/blob/master/2015/2015-07-06-jetbrains.md; https://github.com/supunlakshanwork/Jetbrains-IntelliJ-IDEA-Key-Generator,true
lineage_suyanzhou626_bnn-for-uncertainty-estimation-of-imaging-biomarkers,,,,,,unresolved,0,,,{},Evidence is too generic to assign an application.,https://github.com/github/dmca/blob/master/2025/09/2025-09-12-uk-biobank.md; https://github.com/suyanzhou626/BNN-for-Uncertainty-Estimation-of-Imaging-Biomarkers,true
lineage_swadha22_genetic_association,,,,,,unresolved,0,,,{},Evidence is too generic to assign an application.,https://github.com/github/dmca/blob/master/2026/03/2026-03-23-uk-biobank.md; https://github.com/Swadha22/Genetic_association/blob/b86acee2631341e1e940b06a45a855a64a8627e7/data_cleaned.csv; https://github.com/Swadha22/Genetic_association; https://github.com/github/dmca/blob/master/2026/03/2026-03-23-uk-biobank.md; https://github.com/Swadha22/Genetic_association/blob/f78cc951e430c22b03e594db3b243595f3e15334/README.md; https://github.com/Swadha22/Genetic_association,true
lineage_swbiggs4_ukbb_asthma,,,,,,unresolved,0,,,{},Evidence is too generic to assign an application.,https://github.com/github/dmca/blob/master/2025/11/2025-11-06-ukbiobank.md; https://github.com/swbiggs4/ukbb_asthma/blob/master/Untitled2.ipynb; https://github.com/swbiggs4/ukbb_asthma,true
lineage_sweetjian_jetbrainspatchkeygen,,,,,,unresolved,0,,,{},Evidence is too generic to assign an application.,https://github.com/github/dmca/blob/master/2015/2015-07-06-jetbrains.md; https://github.com/sweetjian/JetbrainsPatchKeygen,true
lineage_sxyx2008_jetbrainspatchkeygen,,,,,,unresolved,0,,,{},Evidence is too generic to assign an application.,https://github.com/github/dmca/blob/master/2015/2015-07-06-jetbrains.md; https://github.com/sxyx2008/JetbrainsPatchKeygen,true
lineage_sylviah23_genotype-errors,,,,,,unresolved,0,,,{},Evidence is too generic to assign an application.,https://github.com/github/dmca/blob/master/2026/03/2026-03-31-uk-biobank.md; https://raw.githubusercontent.com/sylviah23/genotype-errors/e07e72d05d094bc8a1c717de2848dcb162adc89c/ukbiobank_header.txt; https://github.com/sylviah23/genotype-errors,true
lineage_syslight_jetbrainspatchkeygen,,,,,,unresolved,0,,,{},Evidence is too generic to assign an application.,https://github.com/github/dmca/blob/master/2015/2015-07-06-jetbrains.md; https://github.com/syslight/JetbrainsPatchKeygen,true
lineage_szimi_jetbrains-intellij-idea-key-generator,,,,,,unresolved,0,,,{},Evidence is too generic to assign an application.,https://github.com/github/dmca/blob/master/2015/2015-07-06-jetbrains.md; https://github.com/szimi/Jetbrains-IntelliJ-IDEA-Key-Generator,true
lineage_t1ger_golangbooks,,,,,,unresolved,0,,,{},Evidence is too generic to assign an application.,https://github.com/github/dmca/blob/master/2025/05/2025-05-29-packt.md; https://github.com/t1ger/GoLangBooks,true
lineage_taburusolutions_intellij-idea-14-keygen,,,,,,unresolved,0,,,{},Evidence is too generic to assign an application.,https://github.com/github/dmca/blob/master/2015/2015-07-06-jetbrains.md; https://github.com/taburusolutions/IntelliJ-IDEA-14-keygen,true
lineage_tafelplankje_ukbpheno,,,,,,unresolved,0,,,{},Evidence is too generic to assign an application.,https://github.com/github/dmca/blob/master/2025/12/2025-12-10-uk-biobank.md; https://github.com/Tafelplankje/ukbpheno/blob/42fd07d2145b706581ba0a021a222f6be669a36c/R/plot_timeline.R; https://github.com/Tafelplankje/ukbpheno,true
lineage_taherahmadi_jetbrainspatchkeygen,,,,,,unresolved,0,,,{},Evidence is too generic to assign an application.,https://github.com/github/dmca/blob/master/2015/2015-07-06-jetbrains.md; https://github.com/taherahmadi/JetbrainsPatchKeygen,true
lineage_taimur97_jetbrainspatchkeygen,,,,,,unresolved,0,,,{},Evidence is too generic to assign an application.,https://github.com/github/dmca/blob/master/2015/2015-07-06-jetbrains.md; https://github.com/taimur97/JetbrainsPatchKeygen,true
lineage_taimz_jetbrainspatchkeygen,,,,,,unresolved,0,,,{},Evidence is too generic to assign an application.,https://github.com/github/dmca/blob/master/2015/2015-07-06-jetbrains.md; https://github.com/Taimz/JetbrainsPatchKeygen,true
lineage_takdrift_001,,,,,,unresolved,0,,,{},Evidence is too generic to assign an application.,https://github.com/github/dmca/blob/master/2025/11/2025-11-14-uk-biobank.md; https://github.com/Takdrift/001,true
lineage_takwolf_jetbrainspatchkeygen,,,,,,unresolved,0,,,{},Evidence is too generic to assign an application.,https://github.com/github/dmca/blob/master/2015/2015-07-06-jetbrains.md; https://github.com/TakWolf/JetbrainsPatchKeygen,true
lineage_tanbinh123_golangbooks,,,,,,unresolved,0,,,{},Evidence is too generic to assign an application.,https://github.com/github/dmca/blob/master/2025/05/2025-05-29-packt.md; https://github.com/tanbinh123/GoLangBooks,true
lineage_tangsirongit_golangbooks,,,,,,unresolved,0,,,{},Evidence is too generic to assign an application.,https://github.com/github/dmca/blob/master/2025/05/2025-05-29-packt.md; https://github.com/TangSirOnGit/GoLangBooks,true
lineage_tanmay451_golangbooks,,,,,,unresolved,0,,,{},Evidence is too generic to assign an application.,https://github.com/github/dmca/blob/master/2025/05/2025-05-29-packt.md; https://github.com/Tanmay451/GoLangBooks,true
lineage_tao1991123_jetbrainspatchkeygen,,,,,,unresolved,0,,,{},Evidence is too generic to assign an application.,https://github.com/github/dmca/blob/master/2015/2015-07-06-jetbrains.md; https://github.com/tao1991123/JetbrainsPatchKeygen,true
lineage_tayzzz_discord-nitro-generator,,,,,,unresolved,0,,,{},Evidence is too generic to assign an application.,https://github.com/github/dmca/blob/master/2023/10/2023-10-12-discord.md; https://github.com/Tayzzz/Discord-Nitro-Generator,true
lineage_tazhibayda_golangbooks,,,,,,unresolved,0,,,{},Evidence is too generic to assign an application.,https://github.com/github/dmca/blob/master/2025/05/2025-05-29-packt.md; https://github.com/tazhibayda/GoLangBooks,true
lineage_teakoder_golangbooks,,,,,,unresolved,0,,,{},Evidence is too generic to assign an application.,https://github.com/github/dmca/blob/master/2025/05/2025-05-29-packt.md; https://github.com/teakoder/GoLangBooks,true
lineage_team55_jetbrains-intellij-idea-key-generator,,,,,,unresolved,0,,,{},Evidence is too generic to assign an application.,https://github.com/github/dmca/blob/master/2015/2015-07-06-jetbrains.md; https://github.com/team55/Jetbrains-IntelliJ-IDEA-Key-Generator,true
lineage_teardemon_binzh.github.io,,,,,,unresolved,0,,,{},Evidence is too generic to assign an application.,https://github.com/github/dmca/blob/master/2015/2015-07-06-jetbrains.md; https://github.com/teardemon/binzh.github.io/blob/master/blog/categories/others/atom.xml; https://github.com/teardemon/binzh.github.io,true
lineage_tejasd90_golangbooks,,,,,,unresolved,0,,,{},Evidence is too generic to assign an application.,https://github.com/github/dmca/blob/master/2025/05/2025-05-29-packt.md; https://github.com/tejasd90/GoLangBooks,true
lineage_tenayatherapeutics_genetic-survival-analysis-in-ukb,,,,,,unresolved,0,,,{},Evidence is too generic to assign an application.,https://github.com/github/dmca/blob/master/2025/10/2025-10-15-uk-biobank-8.md; https://github.com/tenayatherapeutics/Genetic-Survival-Analysis-in-UKB/blob/main/Survival_UKB_scripts/Dosage_Extraction_UKB.ipynb; https://github.com/tenayatherapeutics/Genetic-Survival-Analysis-in-UKB; https://github.com/github/dmca/blob/master/2025/10/2025-10-15-uk-biobank-8.md; https://github.com/tenayatherapeutics/Genetic-Survival-Analysis-in-UKB/blob/main/Survival_UKB_scripts/Surv_Paper_Pheno.ipynb; https://github.com/tenayatherapeutics/Genetic-Survival-Analysis-in-UKB; https://github.com/github/dmca/blob/master/2025/10/2025-10-15-uk-biobank-8.md; https://github.com/tenayatherapeutics/Genetic-Survival-Analysis-in-UKB/blob/main/Example/example_CV_outcome.txt; https://github.com/tenayatherapeutics/Genetic-Survival-Analysis-in-UKB; https://github.com/github/dmca/blob/master/2025/10/2025-10-15-uk-biobank-8.md; https://github.com/tenayatherapeutics/Genetic-Survival-Analysis-in-UKB/blob/main/Example/example_dosage.txt; https://github.com/tenayatherapeutics/Genetic-Survival-Analysis-in-UKB; https://github.com/github/dmca/blob/master/2025/10/2025-10-15-uk-biobank-8.md; https://github.com/tenayatherapeutics/Genetic-Survival-Analysis-in-UKB/blob/main/Example/example_pheno_with_AF_rehospitalization.txt; https://github.com/tenayatherapeutics/Genetic-Survival-Analysis-in-UKB; https://github.com/github/dmca/blob/master/2025/10/2025-10-15-uk-biobank-8.md; https://github.com/tenayatherapeutics/Genetic-Survival-Analysis-in-UKB/blob/57d4098d69bab490fb8e88a9ceef3d28793316f6/Example/example_dosage.txt; https://github.com/tenayatherapeutics/Genetic-Survival-Analysis-in-UKB; https://github.com/github/dmca/blob/master/2025/10/2025-10-15-uk-biobank-8.md; https://github.com/tenayatherapeutics/Genetic-Survival-Analysis-in-UKB/blob/57d4098d69bab490fb8e88a9ceef3d28793316f6/Example/example_before.txt; https://github.com/tenayatherapeutics/Genetic-Survival-Analysis-in-UKB; https://github.com/github/dmca/blob/master/2025/10/2025-10-15-uk-biobank-8.md; https://github.com/tenayatherapeutics/Genetic-Survival-Analysis-in-UKB/blob/57d4098d69bab490fb8e88a9ceef3d28793316f6/Example/example_CV_outcome; https://github.com/tenayatherapeutics/Genetic-Survival-Analysis-in-UKB; https://github.com/github/dmca/blob/master/2025/10/2025-10-20-uk-biobank.md; https://github.com/tenayatherapeutics/Genetic-Survival-Analysis-in-UKB/blob/f9212dc1690f9b2226b98c3bdc2bdcdb7fd20828/Survival_UKB_scripts/Dosage_Extraction.ipynb; https://github.com/tenayatherapeutics/Genetic-Survival-Analysis-in-UKB; https://github.com/github/dmca/blob/master/2025/10/2025-10-20-uk-biobank.md; https://github.com/tenayatherapeutics/Genetic-Survival-Analysis-in-UKB/blob/main/Survival_UKB_scripts/Dosage_Extraction_UKB.ipynb; https://github.com/tenayatherapeutics/Genetic-Survival-Analysis-in-UKB; https://github.com/github/dmca/blob/master/2025/10/2025-10-20-uk-biobank.md; https://github.com/tenayatherapeutics/Genetic-Survival-Analysis-in-UKB/blob/main/Survival_UKB_scripts/Surv_Paper_Pheno.ipynb; https://github.com/tenayatherapeutics/Genetic-Survival-Analysis-in-UKB; https://github.com/github/dmca/blob/master/2025/10/2025-10-20-uk-biobank.md; https://github.com/tenayatherapeutics/Genetic-Survival-Analysis-in-UKB/blob/main/Example/example_CV_outcome.txt; https://github.com/tenayatherapeutics/Genetic-Survival-Analysis-in-UKB; https://github.com/github/dmca/blob/master/2025/10/2025-10-20-uk-biobank.md; https://github.com/tenayatherapeutics/Genetic-Survival-Analysis-in-UKB/blob/main/Example/example_dosage.txt; https://github.com/tenayatherapeutics/Genetic-Survival-Analysis-in-UKB; https://github.com/github/dmca/blob/master/2025/10/2025-10-20-uk-biobank.md; https://github.com/tenayatherapeutics/Genetic-Survival-Analysis-in-UKB/blob/main/Example/example_pheno_with_AF_rehospitalization.txt; https://github.com/tenayatherapeutics/Genetic-Survival-Analysis-in-UKB; https://github.com/github/dmca/blob/master/2025/10/2025-10-20-uk-biobank.md; https://github.com/tenayatherapeutics/Genetic-Survival-Analysis-in-UKB/blob/57d4098d69bab490fb8e88a9ceef3d28793316f6/Example/example_dosage.txt; https://github.com/tenayatherapeutics/Genetic-Survival-Analysis-in-UKB; https://github.com/github/dmca/blob/master/2025/10/2025-10-20-uk-biobank.md; https://github.com/tenayatherapeutics/Genetic-Survival-Analysis-in-UKB/blob/57d4098d69bab490fb8e88a9ceef3d28793316f6/Example/example_before.txt; https://github.com/tenayatherapeutics/Genetic-Survival-Analysis-in-UKB; https://github.com/github/dmca/blob/master/2025/10/2025-10-20-uk-biobank.md; https://github.com/tenayatherapeutics/Genetic-Survival-Analysis-in-UKB/blob/57d4098d69bab490fb8e88a9ceef3d28793316f6/Example/example_CV_outcome; https://github.com/tenayatherapeutics/Genetic-Survival-Analysis-in-UKB,true
lineage_tenclea_yang,,,,,,unresolved,0,,,{},Evidence is too generic to assign an application.,https://github.com/github/dmca/blob/master/2023/10/2023-10-12-discord.md; https://github.com/Tenclea/YANG,true
lineage_tenison_golangbooks,,,,,,unresolved,0,,,{},Evidence is too generic to assign an application.,https://github.com/github/dmca/blob/master/2025/05/2025-05-29-packt.md; https://github.com/Tenison/GoLangBooks,true
lineage_teppi210_golangbooks,,,,,,unresolved,0,,,{},Evidence is too generic to assign an application.,https://github.com/github/dmca/blob/master/2025/05/2025-05-29-packt.md; https://github.com/teppi210/GoLangBooks,true
lineage_teryi_font-awesome-pro,,,,,,unresolved,0,,,{},Evidence is too generic to assign an application.,https://github.com/github/dmca/blob/master/2024/05/2024-05-21-fonticons.md; https://github.com/teryi/font-awesome-pro,true
lineage_tha-enigma_golangbooks,,,,,,unresolved,0,,,{},Evidence is too generic to assign an application.,https://github.com/github/dmca/blob/master/2025/05/2025-05-29-packt.md; https://github.com/tha-enigma/GoLangBooks,true
lineage_thanghx_intellij-idea-14-keygen,,,,,,unresolved,0,,,{},Evidence is too generic to assign an application.,https://github.com/github/dmca/blob/master/2015/2015-07-06-jetbrains.md; https://github.com/thanghx/IntelliJ-IDEA-14-keygen,true
lineage_thangnd-deve_golangbooks,,,,,,unresolved,0,,,{},Evidence is too generic to assign an application.,https://github.com/github/dmca/blob/master/2025/05/2025-05-29-packt.md; https://github.com/thangnd-deve/GoLangBooks,true
lineage_thanhcang_golangbooks,,,,,,unresolved,0,,,{},Evidence is too generic to assign an application.,https://github.com/github/dmca/blob/master/2025/05/2025-05-29-packt.md; https://github.com/thanhcang/GoLangBooks,true
lineage_the-btfash-foundation_font-awesome-pro,,,,,,unresolved,0,,,{},Evidence is too generic to assign an application.,https://github.com/github/dmca/blob/master/2024/05/2024-05-21-fonticons.md; https://github.com/the-btfash-foundation/font-awesome-pro,true
lineage_thecornerlabs_golangbooks,,,,,,unresolved,0,,,{},Evidence is too generic to assign an application.,https://github.com/github/dmca/blob/master/2025/05/2025-05-29-packt.md; https://github.com/thecornerlabs/GoLangBooks,true
lineage_thekalinga_jetbrainspatchkeygen,,,,,,unresolved,0,,,{},Evidence is too generic to assign an application.,https://github.com/github/dmca/blob/master/2015/2015-07-06-jetbrains.md; https://github.com/thekalinga/JetbrainsPatchKeygen,true
lineage_theswarnim_golangbooks,,,,,,unresolved,0,,,{},Evidence is too generic to assign an application.,https://github.com/github/dmca/blob/master/2025/05/2025-05-29-packt.md; https://github.com/TheSwarnim/GoLangBooks,true
lineage_thincamel_jetbrainspatchkeygen,,,,,,unresolved,0,,,{},Evidence is too generic to assign an application.,https://github.com/github/dmca/blob/master/2015/2015-07-06-jetbrains.md; https://github.com/thincamel/JetbrainsPatchKeygen,true
lineage_thram_jetbrainspatchkeygen,,,,,,unresolved,0,,,{},Evidence is too generic to assign an application.,https://github.com/github/dmca/blob/master/2015/2015-07-06-jetbrains.md; https://github.com/Thram/JetbrainsPatchKeygen,true
lineage_tigercave_intelljkeyg,,,,,,unresolved,0,,,{},Evidence is too generic to assign an application.,https://github.com/github/dmca/blob/master/2015/2015-07-06-jetbrains.md; https://github.com/tigercave/intellJKeyG,true
lineage_tighu20_ukb_api,,,,,,unresolved,0,,,{},Evidence is too generic to assign an application.,https://github.com/github/dmca/blob/master/2025/12/2025-12-15-uk-biobank.md; https://github.com/tighu20/ukb_api/blob/a8408dae96c4f9c5184ec270574deab57fc08854/static_resources/UKB_fs_folder_paths_march_2022.csv; https://github.com/tighu20/ukb_api; https://github.com/github/dmca/blob/master/2025/12/2025-12-15-uk-biobank.md; https://github.com/tighu20/ukb_api/blob/a8408dae96c4f9c5184ec270574deab57fc08854/static_resources/ukb_brain_imaging_metadata.csv; https://github.com/tighu20/ukb_api; https://github.com/github/dmca/blob/master/2025/12/2025-12-15-uk-biobank.md; https://github.com/tighu20/ukb_api/blob/68362000ee42cb6c30946d213a87f9f325b4bae1/notebooks/ukbaccessrepo_demo.ipynb; https://github.com/tighu20/ukb_api; https://github.com/github/dmca/blob/master/2025/12/2025-12-15-uk-biobank.md; https://github.com/tighu20/ukb_api/blob/68362000ee42cb6c30946d213a87f9f325b4bae1/notebooks/data_refresh_eda_ukb.ipynb; https://github.com/tighu20/ukb_api; https://github.com/github/dmca/blob/master/2025/12/2025-12-15-uk-biobank.md; https://github.com/tighu20/ukb_api/blob/8fd484d5a6c745a9663848e1809feb6a946f4d3f/notebooks/ukb_metadata_EDA.ipynb; https://github.com/tighu20/ukb_api; https://github.com/github/dmca/blob/master/2025/12/2025-12-15-uk-biobank.md; https://github.com/tighu20/ukb_api/blob/b1fa8e6fefff2b55c61ea86a5c0b5462c202054a/notebooks/EDA_ADNI1_Freesurfer6_UKB_Harmonization.ipynb; https://github.com/tighu20/ukb_api; https://github.com/github/dmca/blob/master/2025/12/2025-12-15-uk-biobank.md; https://github.com/tighu20/ukb_api/blob/b1fa8e6fefff2b55c61ea86a5c0b5462c202054a/notebooks/UKB_FS6_vs_FS7.ipynb; https://github.com/tighu20/ukb_api; https://github.com/github/dmca/blob/master/2025/12/2025-12-15-uk-biobank.md; https://github.com/tighu20/ukb_api/blob/8fd484d5a6c745a9663848e1809feb6a946f4d3f/notebooks/UKBRepo_demo.ipynb; https://github.com/tighu20/ukb_api; https://github.com/github/dmca/blob/master/2025/12/2025-12-15-uk-biobank.md; https://github.com/tighu20/ukb_api/blob/8fd484d5a6c745a9663848e1809feb6a946f4d3f/notebooks/ukb_repo_devlopment_notebook.ipynb; https://github.com/tighu20/ukb_api; https://github.com/github/dmca/blob/master/2025/12/2025-12-15-uk-biobank.md; https://github.com/tighu20/ukb_api/blob/b1fa8e6fefff2b55c61ea86a5c0b5462c202054a/notebooks/EDA_harmonization_UKB_ADNI.ipynb; https://github.com/tighu20/ukb_api; https://github.com/github/dmca/blob/master/2025/12/2025-12-15-uk-biobank.md; https://github.com/tighu20/ukb_api/blob/b2c510defdbe505edffe86f31f3c03a572b791eb/notebooks/.ipynb_checkpoints/ukb_monai_demo-checkpoint.ipynb; https://github.com/tighu20/ukb_api; https://github.com/github/dmca/blob/master/2025/12/2025-12-15-uk-biobank.md; https://github.com/tighu20/ukb_api/blob/b2c510defdbe505edffe86f31f3c03a572b791eb/notebooks/ukb_monai_demo.ipynb; https://github.com/tighu20/ukb_api,true
lineage_tilak999_font-awesome-pro,,,,,,unresolved,0,,,{},Evidence is too generic to assign an application.,https://github.com/github/dmca/blob/master/2024/05/2024-05-21-fonticons.md; https://github.com/tilak999/font-awesome-pro,true
lineage_tinha90_golangbooks,,,,,,unresolved,0,,,{},Evidence is too generic to assign an application.,https://github.com/github/dmca/blob/master/2025/05/2025-05-29-packt.md; https://github.com/tinha90/GoLangBooks,true
lineage_tinwor_intellij-idea-13-keygen,,,,,,unresolved,0,,,{},Evidence is too generic to assign an application.,https://github.com/github/dmca/blob/master/2015/2015-07-06-jetbrains.md; https://github.com/Tinwor/IntelliJ-IDEA-13-keygen,true
lineage_tolgaozdemir7_golangbooks,,,,,,unresolved,0,,,{},Evidence is too generic to assign an application.,https://github.com/github/dmca/blob/master/2025/05/2025-05-29-packt.md; https://github.com/tolgaozdemir7/GoLangBooks,true
lineage_tolism_ukbbprodromalpd,,,,,,unresolved,0,,,{},Evidence is too generic to assign an application.,https://github.com/github/dmca/blob/master/2025/10/2025-10-02-uk-biobank-3.md; https://github.com/tolism/ukbbprodromalpd/blob/9581ee8254d82ede6f4e49aa6a396017db21f0aa/analyses/1_download_preprocess/Medication.ipynb; https://github.com/tolism/ukbbprodromalpd; https://github.com/github/dmca/blob/master/2025/10/2025-10-02-uk-biobank-3.md; https://github.com/tolism/ukbbprodromalpd/blob/09f3edc4e244a0b01bc997bcc8108a64301605d0/make_figures/Fig7_TimetoDiagnosis.ipynb; https://github.com/tolism/ukbbprodromalpd; https://github.com/github/dmca/blob/master/2025/10/2025-10-02-uk-biobank-3.md; https://github.com/tolism/ukbbprodromalpd/blob/09f3edc4e244a0b01bc997bcc8108a64301605d0/analyses/1_download_preprocess/Medication.ipynb; https://github.com/tolism/ukbbprodromalpd; https://github.com/github/dmca/blob/master/2025/10/2025-10-02-uk-biobank-3.md; https://github.com/tolism/ukbbprodromalpd/blob/09f3edc4e244a0b01bc997bcc8108a64301605d0/analyses/1_download_preprocess/6_ProdromalSymptoms.ipynb; https://github.com/tolism/ukbbprodromalpd; https://github.com/github/dmca/blob/master/2025/10/2025-10-02-uk-biobank-3.md; https://github.com/tolism/ukbbprodromalpd/blob/9581ee8254d82ede6f4e49aa6a396017db21f0aa/analyses/1_download_preprocess/6_ProdromalSymptoms.ipynb; https://github.com/tolism/ukbbprodromalpd; https://github.com/github/dmca/blob/master/2025/10/2025-10-02-uk-biobank-3.md; https://github.com/tolism/ukbbprodromalpd/blob/09f3edc4e244a0b01bc997bcc8108a64301605d0/analyses/1_download_preprocess/5_Accelerometer_ExtractFeatures.ipynb; https://github.com/tolism/ukbbprodromalpd; https://github.com/github/dmca/blob/master/2025/10/2025-10-02-uk-biobank-3.md; https://github.com/tolism/ukbbprodromalpd/blob/09f3edc4e244a0b01bc997bcc8108a64301605d0/analyses/5_Incidence_Prevalence/PrevalenceIncidence.ipynb; https://github.com/tolism/ukbbprodromalpd; https://github.com/github/dmca/blob/master/2025/10/2025-10-02-uk-biobank-3.md; https://github.com/tolism/ukbbprodromalpd/blob/9581ee8254d82ede6f4e49aa6a396017db21f0aa/analyses/1_download_preprocess/3_CurateDatasets.ipynb; https://github.com/tolism/ukbbprodromalpd; https://github.com/github/dmca/blob/master/2025/10/2025-10-02-uk-biobank-3.md; https://github.com/tolism/ukbbprodromalpd/blob/09f3edc4e244a0b01bc997bcc8108a64301605d0/analyses/additional_analyses/Berg2015formula.ipynb; https://github.com/tolism/ukbbprodromalpd; https://github.com/github/dmca/blob/master/2025/10/2025-10-02-uk-biobank-3.md; https://github.com/tolism/ukbbprodromalpd/blob/9581ee8254d82ede6f4e49aa6a396017db21f0aa/analyses/additional_analyses/Berg2015formula.ipynb; https://github.com/tolism/ukbbprodromalpd,true
lineage_tomascejka_golangbooks,,,,,,unresolved,0,,,{},Evidence is too generic to assign an application.,https://github.com/github/dmca/blob/master/2025/05/2025-05-29-packt.md; https://github.com/tomascejka/GoLangBooks,true
lineage_tomu3_jetbrains-intellij-idea-key-generator,,,,,,unresolved,0,,,{},Evidence is too generic to assign an application.,https://github.com/github/dmca/blob/master/2015/2015-07-06-jetbrains.md; https://github.com/Tomu3/Jetbrains-IntelliJ-IDEA-Key-Generator,true
lineage_tongluobing_mh_in_ukb,,,,,,unresolved,0,,,{},Evidence is too generic to assign an application.,https://github.com/github/dmca/blob/master/2025/10/2025-10-20-uk-biobank-2.md; https://github.com/tongluobing/MH_in_UKB/blob/master/SubjectSplits/Subjects_CCA.csv; https://github.com/tongluobing/MH_in_UKB,true
lineage_tongtongliu_jetbrainspatchkeygen,,,,,,unresolved,0,,,{},Evidence is too generic to assign an application.,https://github.com/github/dmca/blob/master/2015/2015-07-06-jetbrains.md; https://github.com/TongtongLiu/JetbrainsPatchKeygen,true
lineage_tonible14012002_golangbooks,,,,,,unresolved,0,,,{},Evidence is too generic to assign an application.,https://github.com/github/dmca/blob/master/2025/05/2025-05-29-packt.md; https://github.com/tonible14012002/GoLangBooks,true
lineage_tonyetro_golangbooks,,,,,,unresolved,0,,,{},Evidence is too generic to assign an application.,https://github.com/github/dmca/blob/master/2025/05/2025-05-29-packt.md; https://github.com/tonyetro/GoLangBooks,true
lineage_toseph_shapeit5,,,,,,unresolved,0,,,{},Evidence is too generic to assign an application.,https://github.com/github/dmca/blob/master/2025/11/2025-11-13-uk-biobank.md; https://github.com/Toseph/shapeit5/blob/0b40edb8ef2678fd4ef0f0286dffe9ef0ba9b254/tasks/phasingUKB/step2_wgs/step9_imputation_rerun_new_chunks/data/1k_samples_wbi.txt#L1-L5; https://github.com/Toseph/shapeit5,true
lineage_totaleasy_docs,,,,,,unresolved,0,,,{},Evidence is too generic to assign an application.,https://github.com/github/dmca/blob/master/2015/2015-07-06-jetbrains.md; https://github.com/totaleasy/docs/blob/master/Key.txt; https://github.com/totaleasy/docs,true
lineage_trandangquyen_font-awesome-pro,,,,,,unresolved,0,,,{},Evidence is too generic to assign an application.,https://github.com/github/dmca/blob/master/2024/05/2024-05-21-fonticons.md; https://github.com/trandangquyen/font-awesome-pro,true
lineage_transconnectome_ukb,,,,,,unresolved,0,,,{},Evidence is too generic to assign an application.,https://github.com/github/dmca/blob/master/2025/09/2025-09-19-uk-biobank-2.md; https://github.com/Transconnectome/UKB/blob/ae5eb5d9367d67b3c5806f934347299d4b6e3976/Export/Main_Covars.csv; https://github.com/Transconnectome/UKB; https://github.com/github/dmca/blob/master/2025/09/2025-09-19-uk-biobank-2.md; https://github.com/Transconnectome/UKB/blob/ae5eb5d9367d67b3c5806f934347299d4b6e3976/Export/export.csv; https://github.com/Transconnectome/UKB,true
lineage_trieungochai_golangbooks,,,,,,unresolved,0,,,{},Evidence is too generic to assign an application.,https://github.com/github/dmca/blob/master/2025/05/2025-05-29-packt.md; https://github.com/trieungochai/GoLangBooks,true
lineage_trithourren_yang,,,,,,unresolved,0,,,{},Evidence is too generic to assign an application.,https://github.com/github/dmca/blob/master/2023/10/2023-10-12-discord.md; https://github.com/Trithourren/YANG,true
lineage_tslqh_intellij-idea-14-keygen,,,,,,unresolved,0,,,{},Evidence is too generic to assign an application.,https://github.com/github/dmca/blob/master/2015/2015-07-06-jetbrains.md; https://github.com/tslqh/IntelliJ-IDEA-14-keygen,true
lineage_tungdevpro_golangbooks,,,,,,unresolved,0,,,{},Evidence is too generic to assign an application.,https://github.com/github/dmca/blob/master/2025/05/2025-05-29-packt.md; https://github.com/tungdevpro/GoLangBooks,true
lineage_tungdo0602_nitro-generator,,,,,,unresolved,0,,,{},Evidence is too generic to assign an application.,https://github.com/github/dmca/blob/master/2023/10/2023-10-12-discord.md; https://github.com/tungdo0602/Nitro-Generator,true
lineage_tungtd34511_font-awesome-pro,,,,,,unresolved,0,,,{},Evidence is too generic to assign an application.,https://github.com/github/dmca/blob/master/2024/05/2024-05-21-fonticons.md; https://github.com/tungtd34511/font-awesome-pro,true
lineage_twist-x7_nitro-generator,,,,,,unresolved,0,,,{},Evidence is too generic to assign an application.,https://github.com/github/dmca/blob/master/2023/10/2023-10-12-discord.md; https://github.com/TWIST-X7/Nitro-Generator,true
lineage_tylerbyte666_golangbooks,,,,,,unresolved,0,,,{},Evidence is too generic to assign an application.,https://github.com/github/dmca/blob/master/2025/05/2025-05-29-packt.md; https://github.com/TylerByte666/GoLangBooks,true
lineage_tzhang-nmdp_epi-prs,,,,,,unresolved,0,,,{},Evidence is too generic to assign an application.,https://github.com/github/dmca/blob/master/2025/12/2025-12-08-uk-biobank-4.md; https://github.com/tzhang-nmdp/Epi-PRS/blob/e9493d5ac61e4dee3a8189731bc870ba91139426/breast/breast_test_case_id.txt; https://github.com/tzhang-nmdp/Epi-PRS; https://github.com/github/dmca/blob/master/2025/12/2025-12-08-uk-biobank-4.md; https://github.com/tzhang-nmdp/Epi-PRS/blob/e9493d5ac61e4dee3a8189731bc870ba91139426/breast/breast_test_control_id.txt; https://github.com/tzhang-nmdp/Epi-PRS; https://github.com/github/dmca/blob/master/2025/12/2025-12-08-uk-biobank-4.md; https://github.com/tzhang-nmdp/Epi-PRS/blob/e9493d5ac61e4dee3a8189731bc870ba91139426/breast/breast_train_case_id.txt; https://github.com/tzhang-nmdp/Epi-PRS; https://github.com/github/dmca/blob/master/2025/12/2025-12-08-uk-biobank-4.md; https://github.com/tzhang-nmdp/Epi-PRS/blob/e9493d5ac61e4dee3a8189731bc870ba91139426/breast/breast_train_control_id.txt; https://github.com/tzhang-nmdp/Epi-PRS; https://github.com/github/dmca/blob/master/2025/12/2025-12-08-uk-biobank-4.md; https://github.com/tzhang-nmdp/Epi-PRS/blob/e9493d5ac61e4dee3a8189731bc870ba91139426/diabetes/diabetes_test_case_id.txt; https://github.com/tzhang-nmdp/Epi-PRS; https://github.com/github/dmca/blob/master/2025/12/2025-12-08-uk-biobank-4.md; https://github.com/tzhang-nmdp/Epi-PRS/blob/e9493d5ac61e4dee3a8189731bc870ba91139426/diabetes/diabetes_test_control_id.txt; https://github.com/tzhang-nmdp/Epi-PRS; https://github.com/github/dmca/blob/master/2025/12/2025-12-08-uk-biobank-4.md; https://github.com/tzhang-nmdp/Epi-PRS/blob/e9493d5ac61e4dee3a8189731bc870ba91139426/diabetes/diabetes_train_case_id.txt; https://github.com/tzhang-nmdp/Epi-PRS; https://github.com/github/dmca/blob/master/2025/12/2025-12-08-uk-biobank-4.md; https://github.com/tzhang-nmdp/Epi-PRS/blob/e9493d5ac61e4dee3a8189731bc870ba91139426/diabetes/diabetes_train_control_id.txt; https://github.com/tzhang-nmdp/Epi-PRS,true
lineage_udyvish_golangbooks,,,,,,unresolved,0,,,{},Evidence is too generic to assign an application.,https://github.com/github/dmca/blob/master/2025/05/2025-05-29-packt.md; https://github.com/udyvish/GoLangBooks,true
lineage_ukbharatha_yang,,,,,,unresolved,0,,,{},Evidence is too generic to assign an application.,https://github.com/github/dmca/blob/master/2023/10/2023-10-12-discord.md; https://github.com/ukbharatha/YANG,true
lineage_ulkaio_golangbooks,,,,,,unresolved,0,,,{},Evidence is too generic to assign an application.,https://github.com/github/dmca/blob/master/2025/05/2025-05-29-packt.md; https://github.com/ulkaio/GoLangBooks,true
lineage_ultimateking0283_yang,,,,,,unresolved,0,,,{},Evidence is too generic to assign an application.,https://github.com/github/dmca/blob/master/2023/10/2023-10-12-discord.md; https://github.com/UltimateKing0283/YANG,true
lineage_uniblackfire_jetbrainspatchkeygen,,,,,,unresolved,0,,,{},Evidence is too generic to assign an application.,https://github.com/github/dmca/blob/master/2015/2015-07-06-jetbrains.md; https://github.com/uniblackfire/JetbrainsPatchKeygen,true
lineage_unixc3t_jetbrainspatchkeygen,,,,,,unresolved,0,,,{},Evidence is too generic to assign an application.,https://github.com/github/dmca/blob/master/2015/2015-07-06-jetbrains.md; https://github.com/unixc3t/JetbrainsPatchKeygen,true
lineage_urpapa_golangbooks,,,,,,unresolved,0,,,{},Evidence is too generic to assign an application.,https://github.com/github/dmca/blob/master/2025/05/2025-05-29-packt.md; https://github.com/urpapa/GoLangBooks,true
lineage_uwezukwechibuzor_golangbooks,,,,,,unresolved,0,,,{},Evidence is too generic to assign an application.,https://github.com/github/dmca/blob/master/2025/05/2025-05-29-packt.md; https://github.com/uwezukwechibuzor/GoLangBooks,true
lineage_vaayne_jetbrainspatchkeygen,,,,,,unresolved,0,,,{},Evidence is too generic to assign an application.,https://github.com/github/dmca/blob/master/2015/2015-07-06-jetbrains.md; https://github.com/Vaayne/JetbrainsPatchKeygen,true
lineage_vaibhavmishra950_font-awesome-pro,,,,,,unresolved,0,,,{},Evidence is too generic to assign an application.,https://github.com/github/dmca/blob/master/2024/05/2024-05-21-fonticons.md; https://github.com/VaibhavMishra950/font-awesome-pro,true
lineage_valentinbrice_jetbrainspatchkeygen,,,,,,unresolved,0,,,{},Evidence is too generic to assign an application.,https://github.com/github/dmca/blob/master/2015/2015-07-06-jetbrains.md; https://github.com/valentinbrice/JetbrainsPatchKeygen,true
lineage_vars7899_golangbooks,,,,,,unresolved,0,,,{},Evidence is too generic to assign an application.,https://github.com/github/dmca/blob/master/2025/05/2025-05-29-packt.md; https://github.com/vars7899/GoLangBooks,true
lineage_vasudev1443_yang,,,,,,unresolved,0,,,{},Evidence is too generic to assign an application.,https://github.com/github/dmca/blob/master/2023/10/2023-10-12-discord.md; https://github.com/vasudev1443/YANG,true
lineage_vdvorak_jetbrains-intellij-idea-key-generator,,,,,,unresolved,0,,,{},Evidence is too generic to assign an application.,https://github.com/github/dmca/blob/master/2015/2015-07-06-jetbrains.md; https://github.com/vdvorak/Jetbrains-IntelliJ-IDEA-Key-Generator,true
lineage_vgurunathaprasad_golangbooks,,,,,,unresolved,0,,,{},Evidence is too generic to assign an application.,https://github.com/github/dmca/blob/master/2025/05/2025-05-29-packt.md; https://github.com/vgurunathaprasad/GoLangBooks,true
lineage_viartemev_jetbrains-intellij-idea-key-generator,,,,,,unresolved,0,,,{},Evidence is too generic to assign an application.,https://github.com/github/dmca/blob/master/2015/2015-07-06-jetbrains.md; https://github.com/viartemev/Jetbrains-IntelliJ-IDEA-Key-Generator,true
lineage_viciousjoon_ukbiobank,,,,,,unresolved,0,,,{},Evidence is too generic to assign an application.,https://github.com/github/dmca/blob/master/2025/11/2025-11-25-uk-biobank-3.md; https://github.com/viciousjoon/ukbiobank/blob/bcc502dd6a79a1b0268d96118ddfcce27e98a103/survival_GWAS/ukb_clinical.R; https://github.com/viciousjoon/ukbiobank; https://github.com/github/dmca/blob/master/2025/11/2025-11-25-uk-biobank-3.md; https://github.com/viciousjoon/ukbiobank/blob/9c8e27a9a69337412c1422c50b053a003ceaf36d/survival_GWAS/ukb_survival_GWAS_2020_09_18_github.R; https://github.com/viciousjoon/ukbiobank,true
lineage_victorasua_shapeit5,,,,,,unresolved,0,,,{},Evidence is too generic to assign an application.,https://github.com/github/dmca/blob/master/2025/11/2025-11-13-uk-biobank.md; https://github.com/victorasua/shapeit5/blob/0b40edb8ef2678fd4ef0f0286dffe9ef0ba9b254/tasks/phasingUKB/step2_wgs/step9_imputation_rerun_new_chunks/data/1k_samples_wbi.txt#L1-L5; https://github.com/victorasua/shapeit5,true
lineage_victorbk_golangbooks,,,,,,unresolved,0,,,{},Evidence is too generic to assign an application.,https://github.com/github/dmca/blob/master/2025/05/2025-05-29-packt.md; https://github.com/VictorBK/GoLangBooks,true
lineage_victory-hugo_mtswirl,,,,,,unresolved,0,,,{},Evidence is too generic to assign an application.,https://github.com/github/dmca/blob/master/2026/04/2026-04-17-uk-biobank.md; https://github.com/Victory-Hugo/mtSwirl/blob/f0b35adf5f99fade385c62b718ed8bad92b1de8d/submission_pipelines/dx/utils/completed_sample_list.txt; https://github.com/Victory-Hugo/mtSwirl,true
lineage_vigneshncc_intellij-idea-14-keygen,,,,,,unresolved,0,,,{},Evidence is too generic to assign an application.,https://github.com/github/dmca/blob/master/2015/2015-07-06-jetbrains.md; https://github.com/vigneshncc/IntelliJ-IDEA-14-keygen,true
lineage_vikastaank_golangbooks,,,,,,unresolved,0,,,{},Evidence is too generic to assign an application.,https://github.com/github/dmca/blob/master/2025/05/2025-05-29-packt.md; https://github.com/vikastaank/GoLangBooks,true
lineage_vikky410_node,,,,,,unresolved,0,,,{},Evidence is too generic to assign an application.,https://github.com/github/dmca/blob/master/2015/2015-07-06-jetbrains.md; https://github.com/vikky410/node/blob/master/storm; https://github.com/vikky410/node,true
lineage_vinaykumarcs23_golangbooks,,,,,,unresolved,0,,,{},Evidence is too generic to assign an application.,https://github.com/github/dmca/blob/master/2025/05/2025-05-29-packt.md; https://github.com/vinaykumarcs23/GoLangBooks,true
lineage_vincentnguyen92_golangbooks,,,,,,unresolved,0,,,{},Evidence is too generic to assign an application.,https://github.com/github/dmca/blob/master/2025/05/2025-05-29-packt.md; https://github.com/vincentnguyen92/GoLangBooks,true
lineage_vineedkaladharan_golangbooks,,,,,,unresolved,0,,,{},Evidence is too generic to assign an application.,https://github.com/github/dmca/blob/master/2025/05/2025-05-29-packt.md; https://github.com/VineedKaladharan/GoLangBooks,true
lineage_vingao_golangbooks,,,,,,unresolved,0,,,{},Evidence is too generic to assign an application.,https://github.com/github/dmca/blob/master/2025/05/2025-05-29-packt.md; https://github.com/vingao/GoLangBooks,true
lineage_vishalmane9196_golangbooks,,,,,,unresolved,0,,,{},Evidence is too generic to assign an application.,https://github.com/github/dmca/blob/master/2025/05/2025-05-29-packt.md; https://github.com/Vishalmane9196/GoLangBooks,true
lineage_vkhangstack_golangbooks,,,,,,unresolved,0,,,{},Evidence is too generic to assign an application.,https://github.com/github/dmca/blob/master/2025/05/2025-05-29-packt.md; https://github.com/vkhangstack/GoLangBooks,true
lineage_vovanbi_golangbooks,,,,,,unresolved,0,,,{},Evidence is too generic to assign an application.,https://github.com/github/dmca/blob/master/2025/05/2025-05-29-packt.md; https://github.com/vovanbi/GoLangBooks,true
lineage_vyaspillai_ukb_processing-nf,,,,,,unresolved,0,,,{},Evidence is too generic to assign an application.,https://github.com/github/dmca/blob/master/2025/11/2025-11-13-uk-biobank-5.md; https://github.com/VyasPillai/ukb_processing-nf/blob/main/assets/final_pathogenic_df.csv; https://github.com/VyasPillai/ukb_processing-nf; https://github.com/github/dmca/blob/master/2025/11/2025-11-13-uk-biobank-5.md; https://github.com/VyasPillai/ukb_processing-nf/blob/54ec7f69a83720e28396b04ba0987749810cfe83/assets/example.vcf.gz; https://github.com/VyasPillai/ukb_processing-nf,true
lineage_waldenylson_font-awesome-pro,,,,,,unresolved,0,,,{},Evidence is too generic to assign an application.,https://github.com/github/dmca/blob/master/2024/05/2024-05-21-fonticons.md; https://github.com/waldenylson/font-awesome-pro,true
lineage_wangonya_golangbooks,,,,,,unresolved,0,,,{},Evidence is too generic to assign an application.,https://github.com/github/dmca/blob/master/2025/05/2025-05-29-packt.md; https://github.com/wangonya/GoLangBooks,true
lineage_wangxu95_jetbrainspatchkeygen,,,,,,unresolved,0,,,{},Evidence is too generic to assign an application.,https://github.com/github/dmca/blob/master/2015/2015-07-06-jetbrains.md; https://github.com/wangxu95/JetbrainsPatchKeygen,true
lineage_wathuta_golangbooks,,,,,,unresolved,0,,,{},Evidence is too generic to assign an application.,https://github.com/github/dmca/blob/master/2025/05/2025-05-29-packt.md; https://github.com/wathuta/GoLangBooks,true
lineage_weikipeng_develop-redmine,,,,,,unresolved,0,,,{},Evidence is too generic to assign an application.,https://github.com/github/dmca/blob/master/2015/2015-07-06-jetbrains.md; https://github.com/weikipeng/develop-redmine/blob/master/keys.md; https://github.com/weikipeng/develop-redmine,true
lineage_weiquanwa_golangbooks,,,,,,unresolved,0,,,{},Evidence is too generic to assign an application.,https://github.com/github/dmca/blob/master/2025/05/2025-05-29-packt.md; https://github.com/WeiquanWa/GoLangBooks,true
lineage_wenqiang-china_golangbooks,,,,,,unresolved,0,,,{},Evidence is too generic to assign an application.,https://github.com/github/dmca/blob/master/2025/05/2025-05-29-packt.md; https://github.com/wenqiang-china/GoLangBooks,true
lineage_wharleyinc_golangbooks,,,,,,unresolved,0,,,{},Evidence is too generic to assign an application.,https://github.com/github/dmca/blob/master/2025/05/2025-05-29-packt.md; https://github.com/wharleyinc/GoLangBooks,true
lineage_whoiscarlo_golangbooks,,,,,,unresolved,0,,,{},Evidence is too generic to assign an application.,https://github.com/github/dmca/blob/master/2025/05/2025-05-29-packt.md; https://github.com/whoiscarlo/GoLangBooks,true
lineage_whoisnull_jetbrainspatchkeygen,,,,,,unresolved,0,,,{},Evidence is too generic to assign an application.,https://github.com/github/dmca/blob/master/2015/2015-07-06-jetbrains.md; https://github.com/whoisnull/JetbrainsPatchKeygen,true
lineage_whseay_jetbrainspatchkeygen,,,,,,unresolved,0,,,{},Evidence is too generic to assign an application.,https://github.com/github/dmca/blob/master/2015/2015-07-06-jetbrains.md; https://github.com/whseay/JetbrainsPatchKeygen,true
lineage_wilo_golangbooks,,,,,,unresolved,0,,,{},Evidence is too generic to assign an application.,https://github.com/github/dmca/blob/master/2025/05/2025-05-29-packt.md; https://github.com/Wilo/GoLangBooks,true
lineage_wilvk_golangbooks,,,,,,unresolved,0,,,{},Evidence is too generic to assign an application.,https://github.com/github/dmca/blob/master/2025/05/2025-05-29-packt.md; https://github.com/wilvk/GoLangBooks,true
lineage_wind4869_jetbrainspatchkeygen,,,,,,unresolved,0,,,{},Evidence is too generic to assign an application.,https://github.com/github/dmca/blob/master/2015/2015-07-06-jetbrains.md; https://github.com/wind4869/JetbrainsPatchKeygen,true
lineage_wisamsalem_golangbooks,,,,,,unresolved,0,,,{},Evidence is too generic to assign an application.,https://github.com/github/dmca/blob/master/2025/05/2025-05-29-packt.md; https://github.com/wisamsalem/GoLangBooks,true
lineage_wljcom_jetbrainspatchkeygen,,,,,,unresolved,0,,,{},Evidence is too generic to assign an application.,https://github.com/github/dmca/blob/master/2015/2015-07-06-jetbrains.md; https://github.com/wljcom/JetbrainsPatchKeygen,true
lineage_wolferh_golangbooks,,,,,,unresolved,0,,,{},Evidence is too generic to assign an application.,https://github.com/github/dmca/blob/master/2025/05/2025-05-29-packt.md; https://github.com/wolferh/GoLangBooks,true
lineage_woodslee_jetbrains-intellij-idea-key-generator,,,,,,unresolved,0,,,{},Evidence is too generic to assign an application.,https://github.com/github/dmca/blob/master/2015/2015-07-06-jetbrains.md; https://github.com/woodslee/Jetbrains-IntelliJ-IDEA-Key-Generator,true
lineage_wpdew-com_font-awesome-pro,,,,,,unresolved,0,,,{},Evidence is too generic to assign an application.,https://github.com/github/dmca/blob/master/2024/05/2024-05-21-fonticons.md; https://github.com/wpdew-com/font-awesome-pro,true
lineage_wqestar_golangbooks,,,,,,unresolved,0,,,{},Evidence is too generic to assign an application.,https://github.com/github/dmca/blob/master/2025/05/2025-05-29-packt.md; https://github.com/wqestar/GoLangBooks,true
lineage_wuhedian21_stms,,,,,,unresolved,0,,,{},Evidence is too generic to assign an application.,https://github.com/github/dmca/blob/master/2015/2015-07-06-jetbrains.md; https://github.com/wuhedian21/stms/blob/master/%E6%96%B0%E5%BB%BA%E6%96%87%E6%9C%AC%E6%96%87%E6%A1%A3.txt; https://github.com/wuhedian21/stms,true
lineage_wuyicang_jetbrainspatchkeygen,,,,,,unresolved,0,,,{},Evidence is too generic to assign an application.,https://github.com/github/dmca/blob/master/2015/2015-07-06-jetbrains.md; https://github.com/wuyicang/JetbrainsPatchKeygen,true
lineage_wynxc_yang,,,,,,unresolved,0,,,{},Evidence is too generic to assign an application.,https://github.com/github/dmca/blob/master/2023/10/2023-10-12-discord.md; https://github.com/WynXC/YANG,true
lineage_xaanas_gestionclient,,,,,,unresolved,0,,,{},Evidence is too generic to assign an application.,https://github.com/github/dmca/blob/master/2015/2015-07-06-jetbrains.md; https://github.com/xAanas/gestionclient/blob/master/web/uploads/84175e8894e69331de464a4db4a3142fc1f8a1de.txt; https://github.com/xAanas/gestionclient,true
lineage_xander-y_ukb,,,,,,unresolved,0,,,{},Evidence is too generic to assign an application.,https://github.com/github/dmca/blob/master/2025/11/2025-11-14-uk-biobank.md; https://github.com/Xander-Y/ukb,true
lineage_xaocel_fonts,,,,,,unresolved,0,,,{},Evidence is too generic to assign an application.,https://github.com/github/dmca/blob/master/2024/05/2024-05-21-fonticons.md; https://github.com/xaocel/fonts,true
lineage_xdsswar_font-awesome-pro,,,,,,unresolved,0,,,{},Evidence is too generic to assign an application.,https://github.com/github/dmca/blob/master/2024/05/2024-05-21-fonticons.md; https://github.com/xdsswar/font-awesome-pro,true
lineage_xgchen516_jetbrainspatchkeygen,,,,,,unresolved,0,,,{},Evidence is too generic to assign an application.,https://github.com/github/dmca/blob/master/2015/2015-07-06-jetbrains.md; https://github.com/xgchen516/JetbrainsPatchKeygen,true
lineage_xgfone_codesnippet,,,,,,unresolved,0,,,{},Evidence is too generic to assign an application.,https://github.com/github/dmca/blob/master/2015/2015-07-06-jetbrains.md; https://github.com/xgfone/codesnippet/blob/master/codesnippet/tool/pycharm/license.txt; https://github.com/xgfone/codesnippet; https://github.com/github/dmca/blob/master/2015/2015-07-06-jetbrains.md; https://github.com/xgfone/codesnippet/blob/master/codesnippet/tool/phpstorm/license.txt; https://github.com/xgfone/codesnippet; https://github.com/github/dmca/blob/master/2015/2015-07-06-jetbrains.md; https://github.com/xgfone/codesnippet/blob/master/codesnippet/tool/webstorm/license.txt; https://github.com/xgfone/codesnippet; https://github.com/github/dmca/blob/master/2015/2015-07-06-jetbrains.md; https://github.com/xgfone/codesnippet/blob/master/codesnippet/tool/IntelliJ%20IDEA/README.txt; https://github.com/xgfone/codesnippet,true
lineage_xgfone_jetbrainspatchkeygen,,,,,,unresolved,0,,,{},Evidence is too generic to assign an application.,https://github.com/github/dmca/blob/master/2015/2015-07-06-jetbrains.md; https://github.com/xgfone/JetbrainsPatchKeygen,true
lineage_xianfengwang_jetbrainspatchkeygen,,,,,,unresolved,0,,,{},Evidence is too generic to assign an application.,https://github.com/github/dmca/blob/master/2015/2015-07-06-jetbrains.md; https://github.com/xianfengwang/JetbrainsPatchKeygen,true
lineage_xiazhujie_some_code,,,,,,unresolved,0,,,{},Evidence is too generic to assign an application.,https://github.com/github/dmca/blob/master/2015/2015-07-06-jetbrains.md; https://github.com/xiazhujie/some_code/blob/master/pycharm4.md; https://github.com/xiazhujie/some_code,true
lineage_xiechengyong123_jm-gwas,,,,,,unresolved,0,,,{},Evidence is too generic to assign an application.,https://github.com/github/dmca/blob/master/2025/11/2025-11-13-uk-biobank-8.md; https://github.com/xiechengyong123/JM-GWAS/blob/0ea4467cbc376db71be7d13cd8fe7aae0de0f6f3/0_DATA/VitaminD_PRS_geneGC.txt.gz; https://github.com/xiechengyong123/JM-GWAS; https://github.com/github/dmca/blob/master/2025/11/2025-11-13-uk-biobank-8.md; https://github.com/xiechengyong123/JM-GWAS/blob/master/0_DATA/PRS_with_PC.txt.gz; https://github.com/xiechengyong123/JM-GWAS; https://github.com/github/dmca/blob/master/2025/11/2025-11-13-uk-biobank-8.md; https://github.com/xiechengyong123/JM-GWAS/blob/master/0_DATA/PRS_with_diseases.txt.gz; https://github.com/xiechengyong123/JM-GWAS; https://github.com/github/dmca/blob/master/2025/11/2025-11-13-uk-biobank-8.md; https://github.com/xiechengyong123/JM-GWAS/blob/master/0_DATA/pheno.txt.gz; https://github.com/xiechengyong123/JM-GWAS; https://github.com/github/dmca/blob/master/2025/11/2025-11-13-uk-biobank-8.md; https://github.com/xiechengyong123/JM-GWAS/blob/master/0_DATA/VitaminD_PRS_with_GPS.txt.gz; https://github.com/xiechengyong123/JM-GWAS,true
lineage_xocamy_pikagen,,,,,,unresolved,0,,,{},Evidence is too generic to assign an application.,https://github.com/github/dmca/blob/master/2023/10/2023-10-12-discord.md; https://github.com/xocamy/PikaGen,true
lineage_xsweatifyy_nitro-generator-1,,,,,,unresolved,0,,,{},Evidence is too generic to assign an application.,https://github.com/github/dmca/blob/master/2023/10/2023-10-12-discord.md; https://github.com/xSweatifyy/Nitro-Generator-1,true
lineage_xujun10110_jetbrainspatchkeygen,,,,,,unresolved,0,,,{},Evidence is too generic to assign an application.,https://github.com/github/dmca/blob/master/2015/2015-07-06-jetbrains.md; https://github.com/xujun10110/JetbrainsPatchKeygen,true
lineage_xx2383_uk-biobank-study-1,,,,,,unresolved,0,,,{},Evidence is too generic to assign an application.,https://github.com/github/dmca/blob/master/2025/10/2025-10-15-uk-biobank-6.md; https://github.com/xx2383/UK-Biobank-study-1/blob/main/analysis-1.ipynb; https://github.com/xx2383/UK-Biobank-study-1; https://github.com/github/dmca/blob/master/2025/10/2025-10-15-uk-biobank.md; https://github.com/xx2383/UK-Biobank-study-1/blob/main/analysis-1.ipynb; https://github.com/xx2383/UK-Biobank-study-1,true
lineage_xyang0917_jetbrainspatchkeygen,,,,,,unresolved,0,,,{},Evidence is too generic to assign an application.,https://github.com/github/dmca/blob/master/2015/2015-07-06-jetbrains.md; https://github.com/xyang0917/JetbrainsPatchKeygen,true
lineage_xyzmst_jetbrainspatchkeygen,,,,,,unresolved,0,,,{},Evidence is too generic to assign an application.,https://github.com/github/dmca/blob/master/2015/2015-07-06-jetbrains.md; https://github.com/xyzmst/JetbrainsPatchKeygen,true
lineage_xzake_jetbrainspatchkeygen,,,,,,unresolved,0,,,{},Evidence is too generic to assign an application.,https://github.com/github/dmca/blob/master/2015/2015-07-06-jetbrains.md; https://github.com/XZAKE/JetbrainsPatchKeygen,true
lineage_yamuzbey_nitro-generator-bot,,,,,,unresolved,0,,,{},Evidence is too generic to assign an application.,https://github.com/github/dmca/blob/master/2023/10/2023-10-12-discord.md; https://github.com/YamuzBey/Nitro-Generator-Bot,true
lineage_yangwawa0323_golangbooks,,,,,,unresolved,0,,,{},Evidence is too generic to assign an application.,https://github.com/github/dmca/blob/master/2025/05/2025-05-29-packt.md; https://github.com/yangwawa0323/GoLangBooks,true
lineage_yangyangyaha_jetbrainspatchkeygen,,,,,,unresolved,0,,,{},Evidence is too generic to assign an application.,https://github.com/github/dmca/blob/master/2015/2015-07-06-jetbrains.md; https://github.com/yangyangyaha/JetbrainsPatchKeygen,true
lineage_yanluocityu_metabolomicscommondiseases,,,,,,unresolved,0,,,{},Evidence is too generic to assign an application.,https://github.com/github/dmca/blob/master/2025/10/2025-10-02-uk-biobank-2.md; https://github.com/YanLuoCityU/MetabolomicsCommonDiseases/blob/main/1_preparation/1_collect_logh_and_fit_coxph.ipynb; https://github.com/YanLuoCityU/MetabolomicsCommonDiseases; https://github.com/github/dmca/blob/master/2025/10/2025-10-02-uk-biobank-2.md; https://github.com/YanLuoCityU/MetabolomicsCommonDiseases/blob/main/2_analysis/SupplFigure_APOE4_Dementia_2_fit_coxph.ipynb; https://github.com/YanLuoCityU/MetabolomicsCommonDiseases; https://github.com/github/dmca/blob/master/2025/10/2025-10-02-uk-biobank-2.md; https://github.com/YanLuoCityU/MetabolomicsCommonDiseases/blob/main/2_analysis/SupplFigure_SHAP_4_Individuals.ipynb; https://github.com/YanLuoCityU/MetabolomicsCommonDiseases; https://github.com/github/dmca/blob/master/2025/10/2025-10-02-uk-biobank-2.md; https://github.com/YanLuoCityU/MetabolomicsCommonDiseases/blob/main/2_analysis/SupplTable_CorrelationMatrix_NMRPANEL.ipynb; https://github.com/YanLuoCityU/MetabolomicsCommonDiseases; https://github.com/github/dmca/blob/master/2025/10/2025-10-02-uk-biobank-2.md; https://github.com/YanLuoCityU/MetabolomicsCommonDiseases/blob/main/2_analysis/SupplFigure_SHAP_3_Areas.ipynb; https://github.com/YanLuoCityU/MetabolomicsCommonDiseases,true
lineage_yanluocityu_neuralcvd,,,,,,unresolved,0,,,{},Evidence is too generic to assign an application.,https://github.com/github/dmca/blob/master/2025/09/2025-09-16-ukbiobank.md; https://github.com/YanLuoCityU/NeuralCVD/tree/a847dad9c29f8326859b54b6cd3913f75d4e61d4/neuralcvd/preprocessing/ukbb_tabular; https://github.com/YanLuoCityU/NeuralCVD,true
lineage_yanluocityu_ukb_nmr_cvd_prediction,,,,,,unresolved,0,,,{},Evidence is too generic to assign an application.,https://github.com/github/dmca/blob/master/2025/11/2025-11-18-uk-biobank.md; https://github.com/YanLuoCityU/UKB_NMR_CVD_prediction/blob/ee8dcbea724f9c4df4f38bd24c809e68432798eb/ext_src/Eastwood_Diabetes/Defining%20Incident%20Diabetes%20(Eastwood; https://github.com/YanLuoCityU/UKB_NMR_CVD_prediction; https://github.com/github/dmca/blob/master/2025/11/2025-11-18-uk-biobank.md; https://github.com/YanLuoCityU/UKB_NMR_CVD_prediction/blob/ee8dcbea724f9c4df4f38bd24c809e68432798eb/ext_src/Eastwood_Diabetes/Defining%20Prevalent%20Diabetes%20(Eastwood%20flowcharts; https://github.com/YanLuoCityU/UKB_NMR_CVD_prediction,true
lineage_yanranwang_neuralcvd,,,,,,unresolved,0,,,{},Evidence is too generic to assign an application.,https://github.com/github/dmca/blob/master/2025/09/2025-09-16-ukbiobank.md; https://github.com/yanranwang/NeuralCVD/tree/a847dad9c29f8326859b54b6cd3913f75d4e61d4/neuralcvd/preprocessing/ukbb_tabular; https://github.com/yanranwang/NeuralCVD,true
lineage_yatender-oktalk_golangbooks,,,,,,unresolved,0,,,{},Evidence is too generic to assign an application.,https://github.com/github/dmca/blob/master/2025/05/2025-05-29-packt.md; https://github.com/yatender-oktalk/GoLangBooks,true
lineage_yayapa_ukbb_risk,,,,,,unresolved,0,,,{},Evidence is too generic to assign an application.,https://github.com/github/dmca/blob/master/2025/12/2025-12-02-uk-biobank.md; https://github.com/yayapa/ukbb_risk/blob/0f63774a07eee849cfa9e9b18a7550270fcf30df/analysisNumericFeatures/total_radiomics.ipynb; https://github.com/yayapa/ukbb_risk; https://github.com/github/dmca/blob/master/2025/12/2025-12-02-uk-biobank.md; https://github.com/yayapa/ukbb_risk/blob/0f63774a07eee849cfa9e9b18a7550270fcf30df/analysisNumericFeatures/analysisNumericFeaturesTogether.ipynb; https://github.com/yayapa/ukbb_risk,true
lineage_yazidek18_golangbooks,,,,,,unresolved,0,,,{},Evidence is too generic to assign an application.,https://github.com/github/dmca/blob/master/2025/05/2025-05-29-packt.md; https://github.com/yazidek18/GoLangBooks,true
lineage_yesilcimenahmet_font-awesome-pro,,,,,,unresolved,0,,,{},Evidence is too generic to assign an application.,https://github.com/github/dmca/blob/master/2024/05/2024-05-21-fonticons.md; https://github.com/yesilcimenahmet/font-awesome-pro,true
lineage_yetisno_jetbrains-keygen,,,,,,unresolved,0,,,{},Evidence is too generic to assign an application.,https://github.com/github/dmca/blob/master/2015/2015-07-06-jetbrains.md; https://github.com/yetisno/Jetbrains-KeyGen,true
lineage_yhsj0919_jetbrainspatchkeygen,,,,,,unresolved,0,,,{},Evidence is too generic to assign an application.,https://github.com/github/dmca/blob/master/2015/2015-07-06-jetbrains.md; https://github.com/yhsj0919/JetbrainsPatchKeygen,true
lineage_yidanegolang_golangbooks,,,,,,unresolved,0,,,{},Evidence is too generic to assign an application.,https://github.com/github/dmca/blob/master/2025/05/2025-05-29-packt.md; https://github.com/yidaneGolang/GoLangBooks,true
lineage_yiguiz_ukbiobank_strs,,,,,,unresolved,0,,,{},Evidence is too generic to assign an application.,https://github.com/github/dmca/blob/master/2025/10/2025-10-03-uk-biobank.md; https://github.com/YIGUIz/ukbiobank_strs,true
lineage_yinhaixiang_mianshi,,,,,,unresolved,0,,,{},Evidence is too generic to assign an application.,https://github.com/github/dmca/blob/master/2015/2015-07-06-jetbrains.md; https://github.com/yinhaixiang/mianshi/blob/master/note.txt; https://github.com/yinhaixiang/mianshi,true
lineage_yizhi401_jetbrainspatchkeygen,,,,,,unresolved,0,,,{},Evidence is too generic to assign an application.,https://github.com/github/dmca/blob/master/2015/2015-07-06-jetbrains.md; https://github.com/yizhi401/JetbrainsPatchKeygen,true
lineage_yochaiedlitz_t2dm_ukb_predictions,,,,,,unresolved,0,,,{},Evidence is too generic to assign an application.,https://github.com/github/dmca/blob/master/2025/10/2025-10-14-uk-biobank.md; https://github.com/yochaiedlitz/T2DM_UKB_predictions,true
lineage_yogeshak98_golangbooks,,,,,,unresolved,0,,,{},Evidence is too generic to assign an application.,https://github.com/github/dmca/blob/master/2025/05/2025-05-29-packt.md; https://github.com/yogeshak98/GoLangBooks,true
lineage_yonchando_golangbooks,,,,,,unresolved,0,,,{},Evidence is too generic to assign an application.,https://github.com/github/dmca/blob/master/2025/05/2025-05-29-packt.md; https://github.com/yonchando/GoLangBooks,true
lineage_yoobright_jetbrainspatchkeygen,,,,,,unresolved,0,,,{},Evidence is too generic to assign an application.,https://github.com/github/dmca/blob/master/2015/2015-07-06-jetbrains.md; https://github.com/yoobright/JetbrainsPatchKeygen,true
lineage_youngershen_mydokuwiki,,,,,,unresolved,0,,,{},Evidence is too generic to assign an application.,https://github.com/github/dmca/blob/master/2015/2015-07-06-jetbrains.md; https://github.com/youngershen/mydokuwiki/blob/master/data/pages/%25E6%259D%2582%25E4%25BA%258B/ide%25E5%25BA%258F%25E5%2588%2597%25E5%258F%25B7.txt; https://github.com/youngershen/mydokuwiki; https://github.com/github/dmca/blob/master/2015/2015-07-06-jetbrains.md; https://github.com/youngershen/mydokuwiki/blob/master/data/meta/%25E6%259D%2582%25E4%25BA%258B/ide%25E5%25BA%258F%25E5%2588%2597%25E5%258F%25B7.meta; https://github.com/youngershen/mydokuwiki,true
lineage_youssef-gerges_font-awesome-pro,,,,,,unresolved,0,,,{},Evidence is too generic to assign an application.,https://github.com/github/dmca/blob/master/2024/05/2024-05-21-fonticons.md; https://github.com/Youssef-Gerges/font-awesome-pro,true
lineage_youtacrands-va_ngen,,,,,,unresolved,0,,,{},Evidence is too generic to assign an application.,https://github.com/github/dmca/blob/master/2023/10/2023-10-12-discord.md; https://github.com/YoutacRandS-VA/NGEN,true
lineage_yriy_intellij-idea-14-keygen,,,,,,unresolved,0,,,{},Evidence is too generic to assign an application.,https://github.com/github/dmca/blob/master/2015/2015-07-06-jetbrains.md; https://github.com/yriy/IntelliJ-IDEA-14-keygen,true
lineage_ystarling_golangbooks,,,,,,unresolved,0,,,{},Evidence is too generic to assign an application.,https://github.com/github/dmca/blob/master/2025/05/2025-05-29-packt.md; https://github.com/ystarling/GoLangBooks,true
lineage_yudar1024_golangbooks,,,,,,unresolved,0,,,{},Evidence is too generic to assign an application.,https://github.com/github/dmca/blob/master/2025/05/2025-05-29-packt.md; https://github.com/yudar1024/GoLangBooks,true
lineage_yudar1024_jetbrainspatchkeygen,,,,,,unresolved,0,,,{},Evidence is too generic to assign an application.,https://github.com/github/dmca/blob/master/2015/2015-07-06-jetbrains.md; https://github.com/yudar1024/JetbrainsPatchKeygen,true
lineage_yuehuang-gh_ukbpheno,,,,,,unresolved,0,,,{},Evidence is too generic to assign an application.,https://github.com/github/dmca/blob/master/2025/12/2025-12-10-uk-biobank.md; https://github.com/yuehuang-gh/ukbpheno/blob/42fd07d2145b706581ba0a021a222f6be669a36c/R/plot_timeline.R; https://github.com/yuehuang-gh/ukbpheno,true
lineage_yuelirex_intellij-idea-14-keygen,,,,,,unresolved,0,,,{},Evidence is too generic to assign an application.,https://github.com/github/dmca/blob/master/2015/2015-07-06-jetbrains.md; https://github.com/YueLiRex/IntelliJ-IDEA-14-keygen,true
lineage_yuri-sn_golangbooks,,,,,,unresolved,0,,,{},Evidence is too generic to assign an application.,https://github.com/github/dmca/blob/master/2025/05/2025-05-29-packt.md; https://github.com/Yuri-SN/GoLangBooks,true
lineage_yuyebin_jetbrainspatchkeygen,,,,,,unresolved,0,,,{},Evidence is too generic to assign an application.,https://github.com/github/dmca/blob/master/2015/2015-07-06-jetbrains.md; https://github.com/yuyebin/JetbrainsPatchKeygen,true
lineage_yzharold_biobankread,,,,,,unresolved,0,,,{},Evidence is too generic to assign an application.,https://github.com/github/dmca/blob/master/2025/07/2025-07-18-ukbiobank.md; https://github.com/yzharold/BiobankRead/blob/5093ff460740e1a998439a4d7287de3904798dc7/CVD_10035.csv; https://github.com/yzharold/BiobankRead; https://github.com/github/dmca/blob/master/2025/07/2025-07-18-ukbiobank.md; https://github.com/yzharold/BiobankRead/blob/b6b919af62b41671957ec02d1cb883d6e81f9c0c/test.csv; https://github.com/yzharold/BiobankRead; https://github.com/github/dmca/blob/master/2025/07/2025-07-18-ukbiobank.md; https://github.com/yzharold/BiobankRead/blob/9f9569d678f6951bbcd9275ca864f0965b867207/test.csv; https://github.com/yzharold/BiobankRead; https://github.com/github/dmca/blob/master/2025/07/2025-07-18-ukbiobank.md; https://github.com/yzharold/BiobankRead/blob/32b4450c732fc6c8f566f089469dea5c7b4f1d31/test.csv; https://github.com/yzharold/BiobankRead; https://github.com/github/dmca/blob/master/2025/07/2025-07-18-ukbiobank.md; https://github.com/yzharold/BiobankRead/blob/4b039b1f420006ce21e545170f1242dcb11e396b/test.csv; https://github.com/yzharold/BiobankRead; https://github.com/github/dmca/blob/master/2025/07/2025-07-18-ukbiobank.md; https://github.com/yzharold/BiobankRead/blob/d358b68ae7c68dfdd2c0f00a5a2b42edab29c30f/test.csv; https://github.com/yzharold/BiobankRead; https://github.com/github/dmca/blob/master/2025/07/2025-07-18-ukbiobank.md; https://github.com/yzharold/BiobankRead/blob/316087423db1b9d070ebb75386c9bb804d4e5147/test_hpc.csv; https://github.com/yzharold/BiobankRead; https://github.com/github/dmca/blob/master/2025/07/2025-07-18-ukbiobank.md; https://github.com/yzharold/BiobankRead/blob/b6b919af62b41671957ec02d1cb883d6e81f9c0c/testnew.csv; https://github.com/yzharold/BiobankRead; https://github.com/github/dmca/blob/master/2025/07/2025-07-18-ukbiobank.md; https://github.com/yzharold/BiobankRead/blob/b6b919af62b41671957ec02d1cb883d6e81f9c0c/testnewDEATH.csv; https://github.com/yzharold/BiobankRead; https://github.com/github/dmca/blob/master/2025/07/2025-07-18-ukbiobank.md; https://github.com/yzharold/BiobankRead/blob/a1307b9e70ed8bceda4c1cc2f4bd344645dab8fb/testnewVARpartial.csv; https://github.com/yzharold/BiobankRead; https://github.com/github/dmca/blob/master/2025/07/2025-07-18-ukbiobank.md; https://github.com/yzharold/BiobankRead/blob/fd988508f364c44dd1ac9531607504409bd4298a/testnewVARpartial_HES.csv; https://github.com/yzharold/BiobankRead; https://github.com/github/dmca/blob/master/2025/07/2025-07-18-ukbiobank.md; https://github.com/yzharold/BiobankRead/blob/fd988508f364c44dd1ac9531607504409bd4298a/testnewVARpartial_SR.csv; https://github.com/yzharold/BiobankRead; https://github.com/github/dmca/blob/master/2025/07/2025-07-18-ukbiobank.md; https://github.com/yzharold/BiobankRead/blob/fd988508f364c44dd1ac9531607504409bd4298a/testnewVARpartial_death.csv; https://github.com/yzharold/BiobankRead; https://github.com/github/dmca/blob/master/2025/07/2025-07-18-ukbiobank.md; https://github.com/yzharold/BiobankRead/blob/a1307b9e70ed8bceda4c1cc2f4bd344645dab8fb/testnewVARpartial_deaths.csv; https://github.com/yzharold/BiobankRead; https://github.com/github/dmca/blob/master/2025/07/2025-07-18-ukbiobank.md; https://github.com/yzharold/BiobankRead/blob/b6b919af62b41671957ec02d1cb883d6e81f9c0c/testorigDEATH.csv; https://github.com/yzharold/BiobankRead,true
lineage_z-sector_golangbooks,,,,,,unresolved,0,,,{},Evidence is too generic to assign an application.,https://github.com/github/dmca/blob/master/2025/05/2025-05-29-packt.md; https://github.com/z-sector/GoLangBooks,true
lineage_zabilal_golangbooks,,,,,,unresolved,0,,,{},Evidence is too generic to assign an application.,https://github.com/github/dmca/blob/master/2025/05/2025-05-29-packt.md; https://github.com/zabilal/GoLangBooks,true
lineage_zack00234_discord-nitro-gen-checker,,,,,,unresolved,0,,,{},Evidence is too generic to assign an application.,https://github.com/github/dmca/blob/master/2023/10/2023-10-12-discord.md; https://github.com/ZacK00234/Discord-Nitro-Gen-Checker,true
lineage_zakarie21_golangbooks,,,,,,unresolved,0,,,{},Evidence is too generic to assign an application.,https://github.com/github/dmca/blob/master/2025/05/2025-05-29-packt.md; https://github.com/zakarie21/GoLangBooks,true
lineage_zczali4403_001,,,,,,unresolved,0,,,{},Evidence is too generic to assign an application.,https://github.com/github/dmca/blob/master/2025/11/2025-11-14-uk-biobank.md; https://github.com/zczali4403/001,true
lineage_zeigar_ukb,,,,,,unresolved,0,,,{},Evidence is too generic to assign an application.,https://github.com/github/dmca/blob/master/2025/09/2025-09-19-uk-biobank-2.md; https://github.com/Zeigar/UKB/blob/ae5eb5d9367d67b3c5806f934347299d4b6e3976/Export/Main_Covars.csv; https://github.com/Zeigar/UKB; https://github.com/github/dmca/blob/master/2025/09/2025-09-19-uk-biobank-2.md; https://github.com/Zeigar/UKB/blob/ae5eb5d9367d67b3c5806f934347299d4b6e3976/Export/export.csv; https://github.com/Zeigar/UKB,true
lineage_zeimedee_golangbooks,,,,,,unresolved,0,,,{},Evidence is too generic to assign an application.,https://github.com/github/dmca/blob/master/2025/05/2025-05-29-packt.md; https://github.com/zeimedee/GoLangBooks,true
lineage_zenggongli_web20share,,,,,,unresolved,0,,,{},Evidence is too generic to assign an application.,https://github.com/github/dmca/blob/master/2015/2015-07-06-jetbrains.md; https://github.com/zenggongli/web20share/blob/master/README.md; https://github.com/zenggongli/web20share,true
lineage_zentaka_jetbrains-intellij-idea-key-generator,,,,,,unresolved,0,,,{},Evidence is too generic to assign an application.,https://github.com/github/dmca/blob/master/2015/2015-07-06-jetbrains.md; https://github.com/Zentaka/Jetbrains-IntelliJ-IDEA-Key-Generator,true
lineage_zerland_jm-gwas,,,,,,unresolved,0,,,{},Evidence is too generic to assign an application.,https://github.com/github/dmca/blob/master/2025/11/2025-11-13-uk-biobank-8.md; https://github.com/zerland/JM-GWAS/blob/0ea4467cbc376db71be7d13cd8fe7aae0de0f6f3/0_DATA/VitaminD_PRS_geneGC.txt.gz; https://github.com/zerland/JM-GWAS; https://github.com/github/dmca/blob/master/2025/11/2025-11-13-uk-biobank-8.md; https://github.com/zerland/JM-GWAS/blob/master/0_DATA/PRS_with_PC.txt.gz; https://github.com/zerland/JM-GWAS; https://github.com/github/dmca/blob/master/2025/11/2025-11-13-uk-biobank-8.md; https://github.com/zerland/JM-GWAS/blob/master/0_DATA/PRS_with_diseases.txt.gz; https://github.com/zerland/JM-GWAS; https://github.com/github/dmca/blob/master/2025/11/2025-11-13-uk-biobank-8.md; https://github.com/zerland/JM-GWAS/blob/master/0_DATA/pheno.txt.gz; https://github.com/zerland/JM-GWAS; https://github.com/github/dmca/blob/master/2025/11/2025-11-13-uk-biobank-8.md; https://github.com/zerland/JM-GWAS/blob/master/0_DATA/VitaminD_PRS_with_GPS.txt.gz; https://github.com/zerland/JM-GWAS,true
lineage_zhajianc_golangbooks,,,,,,unresolved,0,,,{},Evidence is too generic to assign an application.,https://github.com/github/dmca/blob/master/2025/05/2025-05-29-packt.md; https://github.com/zhajianc/GoLangBooks,true
lineage_zhangchiyue_golangbooks,,,,,,unresolved,0,,,{},Evidence is too generic to assign an application.,https://github.com/github/dmca/blob/master/2025/05/2025-05-29-packt.md; https://github.com/zhangchiyue/GoLangBooks,true
lineage_zhengnanlee_jetbrainspatchkeygen,,,,,,unresolved,0,,,{},Evidence is too generic to assign an application.,https://github.com/github/dmca/blob/master/2015/2015-07-06-jetbrains.md; https://github.com/zhengnanlee/JetbrainsPatchKeygen,true
lineage_zhishenppp_ukbb,,,,,,unresolved,0,,,{},Evidence is too generic to assign an application.,https://github.com/github/dmca/blob/master/2025/09/2025-09-25-ukbiobank.md; https://github.com/zhishenPPP/ukbb/blob/master/anna_code%2Facclerometry_download%2Fto_download.accel.txt; https://github.com/zhishenPPP/ukbb,true
lineage_zhishenppp_ukbiobank,,,,,,unresolved,0,,,{},Evidence is too generic to assign an application.,https://github.com/github/dmca/blob/master/2025/11/2025-11-13-uk-biobank-6.md; https://github.com/zhishenPPP/UKBiobank/blob/894734f006b1ff92e2ebc0b65c98f15882765f2f/2_matching.R; https://github.com/zhishenPPP/UKBiobank,true
lineage_zhouleo_jetbrainspatchkeygen,,,,,,unresolved,0,,,{},Evidence is too generic to assign an application.,https://github.com/github/dmca/blob/master/2015/2015-07-06-jetbrains.md; https://github.com/zhouleo/JetbrainsPatchKeygen,true
lineage_zhuzhih_jetbrainspatchkeygen,,,,,,unresolved,0,,,{},Evidence is too generic to assign an application.,https://github.com/github/dmca/blob/master/2015/2015-07-06-jetbrains.md; https://github.com/zhuzhih/JetbrainsPatchKeygen,true
lineage_zinalacina_golangbooks,,,,,,unresolved,0,,,{},Evidence is too generic to assign an application.,https://github.com/github/dmca/blob/master/2025/05/2025-05-29-packt.md; https://github.com/zinaLacina/GoLangBooks,true
lineage_zlpsophina_metabolomicscommondiseases,,,,,,unresolved,0,,,{},Evidence is too generic to assign an application.,https://github.com/github/dmca/blob/master/2025/10/2025-10-02-uk-biobank-2.md; https://github.com/zlpsophina/MetabolomicsCommonDiseases/blob/main/1_preparation/1_collect_logh_and_fit_coxph.ipynb; https://github.com/zlpsophina/MetabolomicsCommonDiseases; https://github.com/github/dmca/blob/master/2025/10/2025-10-02-uk-biobank-2.md; https://github.com/zlpsophina/MetabolomicsCommonDiseases/blob/main/2_analysis/SupplFigure_APOE4_Dementia_2_fit_coxph.ipynb; https://github.com/zlpsophina/MetabolomicsCommonDiseases; https://github.com/github/dmca/blob/master/2025/10/2025-10-02-uk-biobank-2.md; https://github.com/zlpsophina/MetabolomicsCommonDiseases/blob/main/2_analysis/SupplFigure_SHAP_4_Individuals.ipynb; https://github.com/zlpsophina/MetabolomicsCommonDiseases; https://github.com/github/dmca/blob/master/2025/10/2025-10-02-uk-biobank-2.md; https://github.com/zlpsophina/MetabolomicsCommonDiseases/blob/main/2_analysis/SupplTable_CorrelationMatrix_NMRPANEL.ipynb; https://github.com/zlpsophina/MetabolomicsCommonDiseases; https://github.com/github/dmca/blob/master/2025/10/2025-10-02-uk-biobank-2.md; https://github.com/zlpsophina/MetabolomicsCommonDiseases/blob/main/2_analysis/SupplFigure_SHAP_3_Areas.ipynb; https://github.com/zlpsophina/MetabolomicsCommonDiseases; https://github.com/github/dmca/blob/master/2025/10/2025-10-02-uk-biobank.md; https://github.com/zlpsophina/MetabolomicsCommonDiseases/blob/main/1_preparation/1_collect_logh_and_fit_coxph.ipynb; https://github.com/zlpsophina/MetabolomicsCommonDiseases; https://github.com/github/dmca/blob/master/2025/10/2025-10-02-uk-biobank.md; https://github.com/zlpsophina/MetabolomicsCommonDiseases/blob/main/2_analysis/SupplFigure_APOE4_Dementia_2_fit_coxph.ipynb; https://github.com/zlpsophina/MetabolomicsCommonDiseases; https://github.com/github/dmca/blob/master/2025/10/2025-10-02-uk-biobank.md; https://github.com/zlpsophina/MetabolomicsCommonDiseases/blob/main/2_analysis/SupplFigure_SHAP_4_Individuals.ipynb; https://github.com/zlpsophina/MetabolomicsCommonDiseases; https://github.com/github/dmca/blob/master/2025/10/2025-10-02-uk-biobank.md; https://github.com/zlpsophina/MetabolomicsCommonDiseases/blob/main/2_analysis/SupplTable_CorrelationMatrix_NMRPANEL.ipynb; https://github.com/zlpsophina/MetabolomicsCommonDiseases; https://github.com/github/dmca/blob/master/2025/10/2025-10-02-uk-biobank.md; https://github.com/zlpsophina/MetabolomicsCommonDiseases/blob/main/2_analysis/SupplFigure_SHAP_3_Areas.ipynb; https://github.com/zlpsophina/MetabolomicsCommonDiseases,true
lineage_zodabit_golangbooks,,,,,,unresolved,0,,,{},Evidence is too generic to assign an application.,https://github.com/github/dmca/blob/master/2025/05/2025-05-29-packt.md; https://github.com/ZodaBit/GoLangBooks,true
lineage_zoonono_ukb,,,,,,unresolved,0,,,{},Evidence is too generic to assign an application.,https://github.com/github/dmca/blob/master/2025/09/2025-09-19-uk-biobank-2.md; https://github.com/zoonono/UKB/blob/ae5eb5d9367d67b3c5806f934347299d4b6e3976/Export/Main_Covars.csv; https://github.com/zoonono/UKB; https://github.com/github/dmca/blob/master/2025/09/2025-09-19-uk-biobank-2.md; https://github.com/zoonono/UKB/blob/ae5eb5d9367d67b3c5806f934347299d4b6e3976/Export/export.csv; https://github.com/zoonono/UKB,true
lineage_zouyanjian_jetbrains-intellij-idea-key-generator,,,,,,unresolved,0,,,{},Evidence is too generic to assign an application.,https://github.com/github/dmca/blob/master/2015/2015-07-06-jetbrains.md; https://github.com/zouyanjian/Jetbrains-IntelliJ-IDEA-Key-Generator,true
lineage_zrb0001_jetbrainspatchkeygen,,,,,,unresolved,0,,,{},Evidence is too generic to assign an application.,https://github.com/github/dmca/blob/master/2015/2015-07-06-jetbrains.md; https://github.com/zrb0001/JetbrainsPatchKeygen,true
lineage_zren94_ukbiobank_knockoffs,,,,,,unresolved,0,,,{},Evidence is too generic to assign an application.,https://github.com/github/dmca/blob/master/2025/10/2025-10-17-uk-biobank-4.md; https://github.com/zren94/ukbiobank_knockoffs/blob/master/phenotypes/phenotype-view.ipynb; https://github.com/zren94/ukbiobank_knockoffs,true
lineage_zresources_golangbooks,,,,,,unresolved,0,,,{},Evidence is too generic to assign an application.,https://github.com/github/dmca/blob/master/2025/05/2025-05-29-packt.md; https://github.com/zResources/GoLangBooks,true
lineage_zscu_sophia_cross_sectional,,,,,,unresolved,0,,,{},Evidence is too generic to assign an application.,https://github.com/github/dmca/blob/master/2025/11/2025-11-25-uk-biobank-5.md; https://github.com/zscu/SOPHIA_Cross_Sectional/blob/095c8dd13b635e54889beddd15e9481b5edd8464/Guideline.ipynb; https://github.com/zscu/SOPHIA_Cross_Sectional,true
lineage_ztz0223_golangbooks,,,,,,unresolved,0,,,{},Evidence is too generic to assign an application.,https://github.com/github/dmca/blob/master/2025/05/2025-05-29-packt.md; https://github.com/ztz0223/GoLangBooks,true
lineage_zyuyou_jetbrainspatchkeygen,,,,,,unresolved,0,,,{},Evidence is too generic to assign an application.,https://github.com/github/dmca/blob/master/2015/2015-07-06-jetbrains.md; https://github.com/zyuyou/JetbrainsPatchKeygen,true
